true_labels;p_value_0;p_value_1
True;0.0003492836789390469;0.32381927606465255
False;0.24016483760688823;0.0009869136438970254
False;0.27932186826785255;5.5166915335011834e-05
False;0.1312334366963462;0.006957099745007508
False;0.24705974063011418;0.0008498794992470926
False;0.3363386087526101;0.0001937356989495774
False;0.11646010369244124;0.009189993345542014
False;0.08488586401241124;0.019107031845060813
False;0.3093685903167047;0.00027481896004624413
False;0.0595508552757918;0.030232210471127972
False;0.24858158705714004;0.0006818082447252736
False;0.25946021624493354;0.0003097510040204989
False;0.09310481793329403;0.014493120492773898
False;0.27358563858878393;0.00019938012331333148
False;0.09455966793125947;0.013626333760085672
False;0.2787532081083384;0.0003422389728032515
False;0.25873827568724933;4.0743951798054915e-05
False;0.2232121482710292;0.0011130611729109363
False;0.2974097598325374;0.00019107565487554848
False;0.1660734208209423;0.0040375702951223075
False;0.2991302379403866;0.00028546133541717297
False;0.29149465745820113;0.0002583975210643577
False;0.164063284459637;0.0045342397105521594
False;0.19952587133621597;0.0024316686384185716
True;0.14027616288333034;0.005730408589654003
False;0.10575075577578302;0.011389656921016499
False;0.2907211829897813;0.00033031787740853954
False;0.13736653361214035;0.006606698030397098
False;0.24129774880990398;0.0012119878944413665
False;0.3341952646711822;0.00037741043081462557
False;0.25908656684719156;0.00039158165519094783
False;0.2651151060021478;0.00017126422038937308
False;0.304125251485027;0.0002938830384299409
False;0.24779912929163597;0.000698574603318611
False;0.3156159480540444;0.00036200600338896793
False;0.3251219424860908;6.947462041026565e-05
False;0.30798269327742567;0.00014675223123995114
False;0.1797740461034192;0.0028048243376285397
False;0.25023218376087236;0.0007184792593008494
False;0.3009990239039167;0.0003724796889408825
True;0.11425095107580312;0.009326744241846326
False;0.2919818523749252;0.0002409064912716251
False;0.287763425838021;0.0002565333330133866
False;0.16178328187701665;0.004496142463845663
True;0.004303501491613153;0.1613140220492002
False;0.2492390071529086;0.00076995114207241
False;0.23056214593008603;0.0009005149233142279
False;0.3232514963505349;0.0003235235791619286
False;0.3015144601466865;5.3841516787894184e-05
False;0.27282934350778315;0.00034115378550301367
False;0.30139969749653744;0.000402213808160572
False;0.22770445446137863;0.0009087774800574384
False;0.32858270351519797;0.0002091867173860749
False;0.2795461387690007;2.8227693079706432e-05
True;0.07042104975594142;0.023705398809481647
False;0.16623987870372295;0.003915337964504628
False;0.2551179341383644;0.0004509829610406825
False;0.23077256681751968;0.0010613897047443838
False;0.29375718652342886;0.00022788160406537374
False;0.2699169185083931;0.00026789775284270215
False;0.30141977828142796;8.595476398588304e-05
False;0.1998264779398659;0.002339359832613682
False;0.35547941997765686;0.0002109299685284396
True;0.030462451813526765;0.05935828381881902
False;0.28684838886550534;8.400741338686606e-06
False;0.0903166404550974;0.014750097781074722
False;0.21881180936599356;0.0012026847018834698
False;0.30270630729353637;0.0001399541556118708
False;0.2999312617160837;8.978335273908815e-05
False;0.27761981208790226;5.778794386046917e-05
False;0.13862748217974294;0.006199526596345616
False;0.17477833454188693;0.0029998466813551316
False;0.2471736369727719;0.0010252391847238192
False;0.1786054016678561;0.002829888714581859
False;0.25556365503291173;0.0006721961775194561
False;0.32841587808935296;6.865122785743917e-05
False;0.22138078911725767;0.0010991647041446104
False;0.3005681572140831;0.00034472655684730146
False;0.17573555322030449;0.002940795361447066
False;0.09630924636996469;0.013777799443237919
False;0.3286287196840323;0.0001412946138542442
True;0.00018084319167173662;0.3406104337159301
False;0.31893933520061374;0.0003997805146750181
False;0.061069887483925264;0.029736368893535363
False;0.253100546097788;0.0007956394513362851
False;0.25891856440426836;0.00029385260539116254
False;0.14768831969613305;0.004363653182837998
False;0.26956925889008215;0.00027813929024287634
False;0.3029249010461018;0.00034700263616509164
False;0.3184543754893461;0.00015429797443104797
False;0.2504790253055111;0.0006296052695004163
False;0.19655536778300903;0.002879004700598637
False;0.2758161340215659;1.5185342514249632e-05
False;0.0925828477179781;0.014313808199988724
False;0.23733169102764634;0.0009607580429691669
False;0.2398732254395308;0.001187602749318724
False;0.05574698955519714;0.03380747225868175
False;0.301130354741363;0.00023465892021745324
False;0.27769667951534655;0.00025683976586500116
False;0.2530064259167422;0.0006776166629593627
False;0.1609398540508403;0.004506499142961291
False;0.1388381319822868;0.005481864112762713
False;0.3186136505843024;9.571283445768782e-05
False;0.256907363796561;0.0004739785001511835
False;0.2791674528142095;0.00039452309072685857
False;0.32746182019447406;3.8876642021668464e-06
False;0.26388117545573014;0.00015590523527301105
False;0.28199121813681305;0.0003115022937737772
False;0.15591518032601828;0.0043416450142050745
False;0.19828800250260767;0.002329763452587847
False;0.1775561782952562;0.0031214395578124483
False;0.26915478875535526;0.0003749571743467496
False;0.31868830760196254;4.880058071126667e-05
False;0.24528186578753833;0.000965493514107301
False;0.2976909188288514;0.00026507185309912766
False;0.24016446594992805;0.0010092232598963085
False;0.22379543224470314;0.0009401008569022859
False;0.18786685779453136;0.002799436260259946
False;0.17653157278784715;0.0032847344793104733
False;0.3420853638977476;0.00014990927785176977
False;0.30394317933109954;7.909105364911712e-05
False;0.24759851339157768;0.0007323909945162132
False;0.2520149991579727;0.0006142579761011846
False;0.24829553261542678;0.0004944276497212983
False;0.24975132160510652;0.0005144523740005815
False;0.18791685140193656;0.0025628532541425286
False;0.3188073039619057;0.00015353955513176652
True;0.038667253888346936;0.05017853603783922
False;0.10189283936398981;0.012667076753468376
False;0.23055954671784906;0.001153407899694445
False;0.303926679993098;0.00017393819928888387
False;0.22735578057540845;0.0010393611758743298
False;0.2506831391066837;0.0007728138090387996
False;0.2496445181336112;0.0005922926679252509
False;0.2876160186285161;0.0002986949035706277
False;0.3304869673280589;0.0003631425142962605
False;0.2541691598740564;0.00046670226617183733
False;0.30397221696089083;0.00022627421960893452
False;0.11459001500963766;0.009027969101609242
False;0.27669057785406376;7.576431003478136e-05
False;0.3186827243429026;0.00017832649383574294
False;0.17580625531051905;0.003314274409300421
False;0.2787049290308241;0.0003023795080066107
False;0.34199060974869333;0.0002971896649804235
False;0.2454952151447411;0.0008572329597070914
False;0.3070250718201266;0.00024914374774330755
False;0.17877549339758994;0.002786465950042734
False;0.32081055873239434;9.328985242925528e-05
False;0.24796289193004045;0.0007710858785959684
False;0.23128270917984634;0.0010733161971703325
False;0.33519747373477254;0.0002241316316654932
False;0.2118400512804574;0.0011455779216039328
False;0.2273502065779717;0.001215583610872501
False;0.18773504207816047;0.0027491743331730144
False;0.23133132813538873;0.0009738091431687827
False;0.2857728223900301;0.00041318541962875817
False;0.19826056336053202;0.002791368550596401
False;0.27886807981648143;0.00028053198852499156
False;0.2718972746202634;0.0001674748398846407
False;0.2652004926775804;0.0003432352431891734
False;0.2889788109388744;0.00011768308006552011
False;0.2217235301420376;0.0009814066749459205
False;0.26294329927394255;0.0001037680686712371
False;0.2819994722050507;0.00010428102371632846
False;0.25436890014621105;0.0006690458432988588
False;0.1937343818291999;0.002689952923468868
False;0.2586807199299118;0.0004015683358250917
False;0.2691962172005493;0.00018555158976804028
False;0.2988911988881732;0.00019488781257439832
False;0.3337120086962717;0.00025644800921575803
False;0.16623546808155018;0.0038248077777343474
False;0.15385925469516537;0.004267035872286594
False;0.24748668842650545;0.0006996614999233474
False;0.20062615423320584;0.0020439098663648167
False;0.301462100977523;0.00031322213517013945
False;0.04665648849663436;0.04652496981181506
False;0.10588649770244966;0.011387466547678358
False;0.14201903678405595;0.0051219738207133455
False;0.15612024111592984;0.004453725962118779
False;0.3274641678372041;0.00024858384544270453
False;0.2289998666852836;0.0008906861167595752
False;0.27336906971459113;0.00013276101409411296
False;0.28167266592371293;0.0003446275120193356
False;0.20839044473999174;0.0011519782193991934
False;0.25430171534643814;0.0006431652838321625
False;0.20194373048394154;0.0019799369053872433
False;0.2140417473385928;0.0010861755304978796
False;0.2568221009979346;0.0007421084376727585
False;0.31997310781415367;0.0001693611284369827
False;0.14098704979425292;0.005026559234500932
False;0.2935692235477249;0.00013947301964709852
False;0.3014931481526187;0.0004080190470163552
False;0.23639449126461576;0.0010918175141654987
False;0.2015789593814602;0.001811263528958126
False;0.25566894315520994;0.0006876708192600759
False;0.1560473440313666;0.004508411818464192
False;0.27888880735620597;0.00030155427405405044
False;0.24321115169974558;0.0011214158861529685
False;0.3019879302315496;0.00028459828933169283
False;0.33395014230543124;0.00015586919665301364
False;0.2211686598543649;0.0012468452500313328
False;0.21095111205643488;0.0009607016983392376
False;0.27770294310523275;0.0002940862408152619
False;0.223013411472542;0.001209699839527729
False;0.30133376054162325;0.0001387139412193891
False;0.2883709068036428;0.0002168826597841183
False;0.30389244484603173;8.563740756789184e-05
False;0.244269524576063;0.0011437208976959622
False;0.2760882991952822;0.00019850202048381072
True;0.08684564798537729;0.018059674182020844
True;0.19828231579523334;0.0023036116145835053
False;0.17540685067239126;0.0032822619139724683
False;0.23829219069330534;0.0010646616935894321
False;0.10126599785694584;0.012693714458704437
False;0.11359142671770506;0.01058693580720674
False;0.29618266289515377;6.577107404412346e-05
False;0.08152474019118319;0.02018694406033057
True;0.08011737711211343;0.021216634008642633
False;0.2696859366067264;9.316568872634033e-05
False;0.03783912339221607;0.052232954433594374
False;0.2252367972568018;0.0010336690934673815
False;0.24062282013368755;0.0009061024922329638
False;0.08427113722618926;0.019218291295952712
False;0.19904752369238427;0.002482887261182889
False;0.07301256780260378;0.022965261574661104
False;0.19408611569191433;0.0029134501607411636
False;0.26961352743650663;0.0002407492124973201
False;0.13004157349044276;0.007281556757327581
False;0.21100554281706396;0.0010385490138728705
False;0.11551994540516179;0.008904437032426278
False;0.19276162668937785;0.002817775207087597
False;0.21058037687508052;0.0012525894502397968
False;0.14045341047232351;0.005056357843861636
False;0.12111236116583855;0.00917944651186156
True;0.09080066943851403;0.015004914964656148
True;0.0008894456617436235;0.23060003952719793
False;0.25563388544097454;0.0005433914609402068
False;0.1438493894762626;0.005150989955766068
False;0.20247194493694726;0.0017287827761485132
False;0.3068621132860914;3.977481098063797e-05
False;0.2697311404394944;0.00020983407602158193
False;0.15708610583059704;0.004592370896197611
False;0.2695407727084167;0.00029731768876762465
False;0.1526807351629931;0.004233653062988078
False;0.2337275581797994;0.000876604169046018
True;4.194874159917413e-05;0.8011314970609842
False;0.2596170956497255;0.00014841459073666068
False;0.19281766792427885;0.002662072141536974
False;0.14666343408918198;0.005261970460567683
True;0.00021051461498822644;0.3281763889465861
True;0.0351218460952448;0.054489149599170214
False;0.20977798828492691;0.0009736374048471419
False;0.22841619279914022;0.0012068504839722837
False;0.10190545844646501;0.012506668623072242
True;0.0112708842985987;0.11029919200242125
False;0.18896312563016046;0.0025345745332691714
False;0.22842048314805402;0.0010757685575682853
False;0.32021734534683494;0.00024358034950242602
False;0.2355227798126706;0.0009440008519989994
False;0.19076165345962473;0.0026906591945593727
False;0.22249458844789502;0.0011195798465196858
False;0.16309610357271404;0.0043015815826176985
False;0.3022059055278037;0.00012120700357675705
False;0.2023047136713578;0.0018192941718125474
True;0.05033630531162292;0.03851691410904706
True;0.04556155942318199;0.0470076485901584
False;0.22175963070365115;0.0008910074753866486
False;0.14568399924775483;0.005072275849591791
False;0.2445535312849983;0.0011478875719349473
False;0.15258206964211113;0.004265968389841028
False;0.2663932830107557;0.00024725147684049925
False;0.12692267045075964;0.008254100831004446
False;0.35119075565766045;0.00036182325078680804
True;0.009054754833944018;0.1181013323179415
False;0.3029105651112872;0.00010911714105378922
False;0.0726222119741799;0.023135146829767885
False;0.1557358773548454;0.004384001584169004
False;0.20653476661221984;0.0011757709884567171
False;0.2309799245151756;0.0008500164385928122
False;0.17199764692888295;0.0029359484626598634
False;0.15549589726825552;0.004233190614861378
False;0.10742731072250672;0.011286241749836078
False;0.21101051823777198;0.0008433904056818689
False;0.10053752693899612;0.01329971434194531
False;0.20061215614313244;0.0018935410670039717
False;0.2794880861734307;0.00010090067164974121
False;0.11182873908238279;0.011041074768508803
False;0.20252959001772344;0.0020849887408424896
False;0.1077272262993634;0.011397395372854646
False;0.06263085893765111;0.029368332870377788
False;0.2982284437856095;0.00032259930062899313
True;0.1953128647900185;0.002556943940254048
False;0.30362264497527824;0.0003131768293682296
False;0.06903181714142675;0.02439584265253738
False;0.1489446097801999;0.004434176299517038
False;0.2697732281872607;0.00014963516514138384
False;0.1441405559905014;0.005394861783070382
False;0.18297550894458206;0.0025570133113614357
False;0.18884109073327623;0.002531601215422212
False;0.27021628484031973;0.00032326066605867416
False;0.14325440057198296;0.005211236074504395
False;0.09692871219798502;0.013654233230808626
False;0.22929245341183427;0.0012203491780414695
False;0.08409660745284316;0.019085327761126935
False;0.19787284056403487;0.002829450065096608
False;0.17509842804536302;0.0029256213293794363
False;0.037669434814733574;0.05199944389201824
False;0.235425791618399;0.0009465566132736893
False;0.17181315088112378;0.0031754379336688034
False;0.14879905063071025;0.004474066784797964
False;0.13293390797986832;0.007009126319881527
False;0.11326565666160072;0.010541512611664559
False;0.2518399968734207;0.0005006307960490747
False;0.23675410213010012;0.0011203909397000994
False;0.18451134605524977;0.0025763057891821264
False;0.28435787224856957;0.00015922192440708628
False;0.14818113875766384;0.00425640031210877
False;0.2528660140274701;0.0007006565878172105
False;0.10578208264360771;0.011383605147554795
False;0.22510630230868847;0.0011764797299760941
False;0.1437784164743082;0.00540149610000142
False;0.2776257408031525;0.00022436331237907152
False;0.25001991787611644;0.0004470429069233966
False;0.15894704827558667;0.004385639575831756
False;0.2329230263491854;0.0008393591266859404
False;0.1438335343512563;0.005224199395074892
False;0.18748018914767478;0.002524431500701807
False;0.15053466501736562;0.004395457141040079
False;0.115634020046483;0.00894179676979156
False;0.3414907064315493;0.00033609146107947316
False;0.26959080229526317;0.00010975217490021816
False;0.17657919350954512;0.003161373660176504
False;0.20400369859711145;0.0017520916768295454
False;0.17687065433579885;0.0033196195087810106
False;0.14897148098301743;0.004342551431041689
False;0.14728983417527422;0.0042544917739254715
False;0.24780581867487772;0.0004651902524469296
True;0.01347652879531795;0.09963377831973845
True;0.0003959471533042313;0.3768457992677913
False;0.13347452468606208;0.006776248230608125
False;0.2698577642589066;0.00023391014635530858
False;0.14008807137742257;0.005314074001223514
False;0.1824623780804104;0.002555909290093904
False;0.19990440486222302;0.0021940168779546678
False;0.22771792570726615;0.0010156638077568518
True;0.03028592946537337;0.059291721543411294
False;0.1985018175218761;0.002406414352708056
False;0.24020945874460897;0.0012215908247915938
False;0.07369553941230549;0.022622296782802663
False;0.2869080967164027;0.0002902521678015191
False;0.3182677921579135;0.00013847866835969732
False;0.10740172463037047;0.01149343212560089
True;0.06627642391721553;0.026712532257874077
False;0.3415039274196789;5.991825580804114e-05
False;0.15761249503729144;0.004330249158061693
False;0.22157640351867;0.001156967332606651
False;0.10055875543517562;0.013327343526479915
False;0.22675086494250582;0.0011067319536554989
False;0.21955742671855666;0.001109017789407599
False;0.16347511745215068;0.004568103855374628
True;0.002860518325449146;0.18354168094472978
False;0.1216098559811224;0.008908386928979104
False;0.19913791939479009;0.002314230207890778
True;0.05881338008207005;0.030897491336727582
False;0.1269045223893934;0.008159948279863253
False;0.25298829009433815;0.000519581084397248
False;0.13961690380776534;0.0055185101631078535
False;0.199414321880494;0.002204374505335245
False;0.24211665225528825;0.0009300694952434662
False;0.20113646433789997;0.0018220964109847125
True;0.2522795509400004;0.0007081590298490874
False;0.12297018324176189;0.009136001077222079
False;0.1710414455631316;0.0036937725126867547
False;0.22894856148528636;0.0010043674706882568
False;0.1531913283332461;0.004377497697734491
False;0.1514750583862213;0.00444610716246815
False;0.2696756702830524;0.0003709268663287509
False;0.2777577679858308;9.865311700409013e-06
False;0.20299803090286442;0.0018871957587825003
False;0.30805603416998995;0.00023057098228053207
True;0.015204945838805117;0.090410630017043
False;0.11384761698756315;0.009656347473825159
False;0.1818223540329177;0.002771046061442211
False;0.12418127630763187;0.008684061518742257
False;0.20077728258174882;0.0017645001323075631
False;0.05224384977027906;0.03648609736682009
False;0.11410518619230196;0.009383379732364892
False;0.11504334816831839;0.008905595566733282
False;0.10759588987965199;0.01131645622723558
False;0.2850786227762378;0.0003677494821667952
False;0.18441807529259382;0.0027936381201859694
False;0.2292572468536909;0.0011293725729217773
False;0.20160852519363331;0.001729880025369827
False;0.136005414854842;0.0068905418010046186
False;0.1820483038470519;0.0027346399013910556
False;0.14966450151144003;0.004558625776073171
False;0.14384756479761976;0.005248517327227056
False;0.1830431519271596;0.0026436328148786584
False;0.27089884314093055;0.00037142998344626713
False;0.11592578236845477;0.009039756245319067
False;0.1766201776278258;0.00301620263830083
False;0.22224706142172523;0.0010177503421617178
False;0.1763505470965303;0.0030395267714571003
False;0.11350663128365705;0.010794238911120595
False;0.1758981604119299;0.0032344129296675134
False;0.10549665188823383;0.011646310637189568
False;0.22568687675909804;0.0008630748893757948
False;0.1828899606077614;0.002645060519694374
False;0.1797903218026616;0.002812849185830041
False;0.28689362171126837;1.557052284330103e-05
False;0.11191100706068227;0.011090547001253299
False;0.1514803246647383;0.0041789598148930275
False;0.23072256866434432;0.0009870327172626706
False;0.14437053106579079;0.00541642576209755
False;0.2959448042375149;0.00011467561274983287
False;0.2854452952969249;0.00011612179444239331
True;0.00010423469930878368;0.33352899148877585
False;0.1771412305887925;0.0029711948649254467
False;0.2288918561160334;0.000898986211088335
True;0.007088033359506898;0.132246364920294
True;0.147319940475642;0.004321876317551324
True;0.0001258322355063593;0.858839184256381
False;0.24771009102147332;0.0007290506303402058
False;0.10611432179554336;0.011551353244007839
False;0.10782204363958746;0.011341978635092457
True;0.00034339020616433225;0.7048636660520335
False;0.08889439040267165;0.016012665340805355
True;0.08062148717171119;0.020125679091135017
False;0.2647725273123702;0.00016265929906727285
False;0.042373202141797406;0.04868930133443997
True;0.00011683407241267534;0.7361897041173499
False;0.24855919624180814;0.0008089065846234225
False;0.07745789657136443;0.022066959287131118
False;0.19950961572146658;0.0021460145613612096
False;0.07472411915136352;0.02294113846224306
False;0.2307737999994364;0.001020058425566058
False;0.2545982608283626;0.0006069514391228024
False;0.13842670264945803;0.0063327447325559885
False;0.20274337531239162;0.0017777371075520377
False;0.12269379698987068;0.008835680168631614
False;0.21045009063514314;0.0011460774124092603
False;0.1959357495625221;0.0029059636522555917
False;0.1407851578054802;0.005026409729751396
False;0.12563694096933817;0.00835475609861469
True;0.0868601488747341;0.01798772003086735
True;4.2811150196881266e-05;0.32920821564979125
False;0.25563043047226747;0.0007680737942165021
False;0.15202974826431342;0.0042261333185724444
False;0.21054947812686714;0.0011061816259564205
True;0.00025091957675720894;0.67590040301202
False;0.25451116043384825;0.00072501606781676
False;0.16524044947387975;0.004380321588993757
False;0.2550757169517049;0.0004978069637670566
False;0.1600499431446677;0.004515670605696107
False;0.24056937737797818;0.0010496572190939557
True;0.0002855572000647544;0.48671319802610946
False;0.27002871458447997;0.0003184952824398315
False;0.18214600789781782;0.002701915200073783
False;0.15556678668383006;0.00458571215530576
True;0.20265880168322997;0.0018396110043849897
True;0.03283483774114547;0.055961174946105786
False;0.19588072368091433;0.00266029502149208
False;0.22850843933764492;0.0012165406746452918
False;0.10927855546285334;0.011114038672908099
True;0.0546352933588588;0.0354366870610306
False;0.1967739064375468;0.0026205253009018554
False;0.21245726528652614;0.0009557620858983377
False;0.3213755567478709;5.673896610829653e-05
True;0.15346373942835823;0.00433257931542366
False;0.1822220840464043;0.002920853155484081
False;0.2049513157100236;0.0012463903808136022
False;0.1688315139014372;0.0035706524563938135
True;1.4983919113609718e-05;0.705063496631314
False;0.2030274887698866;0.001953643487620897
True;0.025382658200377512;0.06804328828968466
True;2.2955694318742647e-05;0.8588950608547181
False;0.22817101258482225;0.0011065244620878354
False;0.15382079290120942;0.004371089110659465
False;0.2504820276749606;0.0008043787819083551
False;0.15935738182321751;0.004343836931219282
False;0.2745380362245218;0.0001573807076206918
False;0.11934886795601042;0.008816273073878281
False;0.3505393038669388;0.0003582885001248713
True;0.00375577121226007;0.16668584867446695
False;0.30296623936142164;0.0001931972616224993
False;0.07173059877823533;0.023176784175905497
False;0.15935141807100536;0.0042354262106020285
False;0.21961613505991978;0.0010418703978760345
False;0.24021519830900157;0.0010392882645815053
False;0.1848190301516584;0.0028252677358507816
False;0.13035938175569303;0.008113928679493211
False;0.11275261782396248;0.011039678342114327
False;0.22591800432267645;0.0011149209736812634
False;0.10435762003122998;0.011715045446964502
False;0.19305980946853393;0.0028644238803809995
False;0.2818199793957668;0.000290011989216955
False;0.10112975930786837;0.013240781758148924
False;0.2140162118492582;0.0010377704210960755
False;0.11288265330312852;0.010852549976360454
False;0.06135880156201755;0.029769501782536314
False;0.2925724506162715;6.553595910823649e-05
True;0.11272180154454131;0.010961704894255382
False;0.3100274229931359;0.0003709054029953786
False;0.0628577520214011;0.029628735067328646
True;0.09924531809688582;0.013480397987074542
False;0.2546549702207716;0.0005065665546824439
False;0.13369574137638915;0.006764801015451081
False;0.17502699022442259;0.0030058112008762667
False;0.1887188439851822;0.0027965401226217436
False;0.27877915566500217;6.864099720745056e-05
False;0.14356811432780073;0.005204278676020962
False;0.10152267015809083;0.013178718757985916
False;0.2378968433657632;0.0008912188775588238
False;0.07757073753781497;0.021753829338028313
True;0.06590176402033489;0.027081276173593852
True;0.016469644234641846;0.08813388304768353
False;0.03652780756957525;0.052197686101751795
False;0.23119837074173688;0.0011838006810141932
True;0.10908063607167569;0.01124349882214118
False;0.1499644079677677;0.004506648607195487
False;0.14023995422990673;0.005320722462885951
True;0.021663329144782587;0.07909454104840341
False;0.238245255767141;0.0008445139189667905
False;0.24690801951185015;0.0010216108742618236
False;0.1431216322276079;0.00520717443541549
False;0.29639492367518633;0.0002817016819383772
False;0.14956769917960422;0.004410603790404358
False;0.24793789041529715;0.0004562165296462423
False;0.11210286469633012;0.011106820106365344
True;0.058607136006557356;0.03051362133900678
True;0.0539082388944571;0.03559777610094192
False;0.2604686123830128;0.0003961499128876048
False;0.24701061118242393;0.0010244435725887497
False;0.17518842648011265;0.002940630242229143
False;0.23354187955106193;0.0012262285632092791
False;0.16159707130647008;0.0044059607064731495
False;0.19374421215899795;0.002704363449653279
True;0.05519318297433274;0.03450463581565975
False;0.13858676897520714;0.006585756859673137
False;0.3352239527425077;0.00036355636890934894
False;0.25523373475376376;0.0005360203793207323
True;0.008085941734503773;0.12571882281063324
False;0.21935638093158025;0.0010460630084105072
True;2.5965174055511462e-05;0.8483031081840657
False;0.1499536938527822;0.004292454528456437
False;0.15554709836145889;0.004303698984117941
False;0.25371104225516933;0.0006024791916724921
True;0.002820479232194261;0.18867524035284364
True;0.05470587112018243;0.035387024455380854
False;0.14563038193290087;0.005098074718604701
False;0.25529982705917514;0.0007155822446516112
False;0.14385394246376354;0.0053672157258646365
True;0.06552833832519687;0.028073685262013898
False;0.1891302020458028;0.0026224728637125275
False;0.22077079524353607;0.0011936943259493776
True;0.05586605060912399;0.03285663262867511
False;0.1865954446422302;0.002578821359120094
True;0.03231429828839429;0.05844291654824201
False;0.0774297942343364;0.021811197425293333
False;0.2749648386881003;2.1215266672093237e-05
True;0.00037276153499839497;0.7387471483276197
False;0.11269037736443453;0.010764490028813361
True;0.0003103969700155866;0.7496021618510921
True;0.2712570710255292;0.0002364093117992893
False;0.15828828349454416;0.00428902322835305
False;0.16190200134809443;0.004351566360906486
False;0.10438067632027652;0.01171494683887536
False;0.23328642435227764;0.0010479024587593986
False;0.21054122796982094;0.0010041854456745174
False;0.17043032423946158;0.003355835288141804
True;0.32869346907023106;3.2388137266599294e-05
True;0.04624573534204773;0.0471955897870389
False;0.20780889642326766;0.0012409358272869148
True;8.257297460045228e-05;0.9163366100595336
False;0.12670378724829007;0.008185790947013856
False;0.2525284468586331;0.0004736750810615663
False;0.14390119278016233;0.00530935647206007
False;0.20403490234639005;0.00101236140434607
False;0.249730050257873;0.000733877672529272
False;0.21079874494151518;0.0009520758309337252
True;0.2466581581080386;0.0009537558013865753
False;0.12314002612952243;0.008853152671754256
False;0.1808570126800559;0.0026012079688223825
True;0.011637368252948943;0.10754897885491677
False;0.13841582659493856;0.006640418888506126
False;0.1444211996835838;0.005392101937886676
False;0.2548315077837729;0.0008143545577063287
True;0.1440348970368754;0.005048892419161761
False;0.19738686141458653;0.002534075867728566
False;0.32169065119810664;0.0004149573515069972
True;0.00015374068876756265;0.9731146524798067
True;0.06834505289381577;0.024664988730556035
False;0.18886939139772568;0.0026035914085752307
False;0.12691534323302095;0.008171988934454512
False;0.201018401065041;0.001729020541929237
False;0.04620365241364867;0.04648854596953922
False;0.09535085668281;0.013635981329844133
False;0.12554889496261112;0.008177301977823159
False;0.10785188260172002;0.011323426219887418
False;0.29262972902319373;0.00020785966485467142
False;0.1667788666887116;0.003355008899731106
False;0.22450613414427834;0.001245347824335625
False;0.18329466563342312;0.0025191972593318957
False;0.1400647719300901;0.0056008687554433625
True;0.00016132891002952388;0.33951015590343664
False;0.15452439785717464;0.004328864362132533
False;0.16196573296761566;0.0045156024797034415
False;0.18987502548785307;0.0025421065644410986
False;0.27873157312369207;7.392565929471536e-05
False;0.12082770747270699;0.00884077678446543
False;0.1768471731439362;0.0031713538492862126
False;0.20567613387360045;0.0009407152465908833
False;0.1844079371832153;0.002825496131793317
False;0.10046480524677706;0.013256864548572613
False;0.12567665253437826;0.007957762759932863
False;0.11208366312227873;0.011082459681355
False;0.22107346774754;0.0011885819071796246
False;0.18988602800550097;0.002726493863478049
False;0.17970660874892036;0.002648844266430788
False;0.2870033586216844;9.420966962014975e-05
False;0.10151429835846087;0.013102766317577681
False;0.13303748588113773;0.006751976354588692
False;0.2400716120993032;0.0011921787841467917
False;0.13006701166541224;0.007491050898047763
False;0.2817232967005393;0.0003756976879584647
False;0.2793705492075219;0.0003821937407839949
True;0.23047664654958888;0.0009354818265758077
False;0.1851662556127574;0.002786267162933195
False;0.23809920803966447;0.0010156222275661917
True;0.0009271966201765558;0.2051207927827326
True;0.1555096662397885;0.004583960305267542
True;9.090049496042409e-05;0.5345562527547156
True;0.00011683908561614849;0.3107544699249891
True;0.000197989442365206;0.8738730231408028
False;0.05575050714462441;0.03277386531619329
True;5.753172736841488e-05;0.3781142241109545
False;0.06560984098526607;0.026933496849516604
True;0.03251737231989797;0.058031236509057
False;0.03272404088415737;0.05728494757694023
False;0.01410323315600314;0.09359907981825095
True;0.0003465155828219643;0.35842657117634813
False;0.09831607655496641;0.01362541801928872
False;0.030239946189527588;0.059606531204103155
False;0.03856145524146333;0.05071391675362227
False;0.03884953980397036;0.05056531310772398
False;0.04299001245782471;0.048269803916885276
True;5.3002672674985895e-05;0.3512248027929002
False;0.10866014104574437;0.01090521088395342
False;0.021000620987744793;0.07919197956340986
False;0.03479275728097713;0.05463456268675654
False;0.018886243489483288;0.08423484667136413
True;0.00012733436976961065;0.35735803331034893
True;0.03278020005498167;0.05804099968586744
True;5.922397177745554e-05;0.9875228798300829
False;0.05050527577483323;0.03873232029424726
True;1.5545036767312588e-05;0.3444765848295967
False;0.07519521674176609;0.0227599154876588
True;4.669666133599631e-05;0.39839195110621733
False;0.047471349313889986;0.04407771247314941
True;0.0004106886948524975;0.348092524524434
False;0.0654933452577367;0.027616305404098585
False;0.08607444776099203;0.018476716121584545
True;0.00010795340937689482;0.3001155246447689
True;0.00018221622748242568;0.4787375021284498
False;0.023373882965066893;0.07121895128524143
False;0.03457754306584922;0.05524885946268962
False;0.029323433581912226;0.0629960022266832
True;0.21424956056371827;0.0008747780083678721
True;4.1213690901333974e-05;0.8301249004241793
True;0.00030674929768236046;0.31867743449858565
True;0.00019038464175376066;0.9582379878791417
True;0.03827267677652338;0.05213074171711551
True;0.00012150611654280008;0.8261905915606215
False;0.17549719842408676;0.0029578443127545578
True;0.1730828831443667;0.0029859473616481967
False;0.08433295227445518;0.018925428255415874
False;0.14191784380091277;0.0054162385586608245
False;0.036661902768986364;0.052594582421037
True;0.000151196882936895;0.39583597546748145
False;0.08116049743640512;0.020294770945220125
True;0.02791904384836063;0.06566441638162569
True;0.0003986941562790423;0.6660729447661177
True;6.179932001246773e-06;0.31874189820882476
True;0.00024175236128843293;0.3415099670519011
False;0.026372043294663226;0.06660013187426231
True;3.0017239233872303e-05;0.3411090986264634
False;0.13000238959495564;0.008294492487928316
False;0.048635678342028546;0.04183711994730084
False;0.1561830342014678;0.004470847354128114
True;0.0028348976418871245;0.19677228994345072
True;0.00014821679799031305;0.8215008951217548
False;0.014065053794923692;0.09475962426074865
True;4.15463352351686e-06;0.8594491707497842
False;0.016526505372430694;0.08775070610576674
False;0.09934924456814771;0.013375594414597767
True;0.00011727912629194716;0.9189671621814735
True;0.00037774423641704995;0.3452469816251789
False;0.0503881376796185;0.038660898467473594
False;0.08783710319923367;0.016519335705086357
True;0.0002181062128847412;0.3580631216854017
True;0.00019764417545183114;0.3273195155064259
False;0.10137028975932276;0.012618167248517111
False;0.013445873650641758;0.09792398655987984
True;0.00018038719026679516;0.8090202918653991
True;0.0003436454760324844;0.3579376720105889
False;0.04369479873548103;0.04767992242296145
False;0.11442951514616659;0.00946734649694742
True;0.11271109597803534;0.011254599091856568
True;0.0009969728086944825;0.23728518831069453
False;0.004301301983828588;0.14884856397932167
True;0.047619627612909915;0.04424353410876401
False;0.0856825544921676;0.018551783681345992
False;0.06539629636362178;0.027982415746729168
True;0.0003667837906061688;0.3414314267064605
False;0.045760983683846373;0.047436330015842965
True;0.0002999144670467841;0.2742313324594888
False;0.05220425918552568;0.036612293927384944
True;0.000292493606468106;0.3584633478215969
False;0.038436642287738756;0.05217805252101342
True;0.022955325982235843;0.07266230407096451
True;2.8978429997728534e-05;0.9808343513794026
True;7.356631280068334e-05;0.37164029662964415
True;0.07520656892681277;0.022892183180045902
False;0.11251702032883687;0.011255981603819751
True;7.129548136001386e-05;0.3486752565472549
True;0.027555938357171038;0.06597152540500913
True;0.00031754887157389044;0.824096324798451
False;0.05199499716687576;0.03643630867450917
False;0.06540677597872735;0.027780562387036932
False;0.10541504056811363;0.011398516536013677
False;0.09059861122693136;0.01522529484379885
False;0.05584240566194568;0.032946657543074485
True;0.0003434881121856549;0.37815054306223994
True;0.052453954334944076;0.03652688693040327
True;0.04388005501423728;0.04749533607314687
True;0.00014069716040707658;0.7075779936698554
False;0.05343695967486157;0.03670860803418706
True;0.00017512973915310062;0.3107819324643622
False;0.0005086869423978258;0.2486642359398837
True;0.0003434268012061098;0.838291465509105
True;0.01176939092330404;0.10301549525291545
False;0.04544892933550304;0.0472596291892169
True;0.00017179990688464433;0.7384145177781833
True;0.0003621294871159802;0.9268780929046296
True;0.00011939148809825194;0.32859775355478826
True;0.00012520194855497572;0.5714224293781274
False;0.029831531102922408;0.06101174115515829
True;0.00020346428607905846;0.3454494000973808
False;0.05462110398711474;0.035494570177671124
True;0.0008665385601971495;0.24737988214832643
True;0.0556480517562113;0.033789007650318136
True;0.00019323735224488148;0.923753705751884
True;0.00012659800103707885;0.31399654555025824
False;0.08220630469742754;0.01998638508427832
True;0.03294452323570198;0.05574841925905204
False;0.09551868971541268;0.013678522457251877
False;0.1103111949542535;0.01117031511401369
True;0.0030851681975851276;0.1732708007803115
False;0.01393946769587072;0.0933832137248217
True;0.00028357058136857033;0.8237233130354166
True;9.115438153232214e-05;0.39149025194323583
False;0.050691798245784216;0.03885999425958105
True;0.0002737143181044332;0.36929870957286376
False;0.030410218540554805;0.05939983574242357
True;0.00017572418212457054;0.3675437527302465
True;0.1498855333323827;0.004349377645007013
True;0.0003926684621733828;0.34344218500189866
False;0.04954644606799793;0.04071779000909709
False;0.028042535172378927;0.06512445081314167
False;0.043483588288363975;0.04789126166746941
True;0.00014666938393307025;0.8309265908925235
True;0.0002298929245351792;0.3260294360739698
True;0.33133430162121724;0.00028683986773086714
True;0.0052222362062357705;0.14404063203466802
True;0.00036017043461521235;0.828953904165926
True;8.302260451794153e-05;0.48709237229772506
False;0.021442460559573277;0.07913301078838582
True;8.47174872303609e-05;0.31708433896877586
False;0.004419237755274159;0.1592521544934883
False;0.04909437534333749;0.04103384493648572
True;0.00026609007463871;0.3014946242637836
True;0.00023326682413855169;0.8174267186913515
True;0.062277209447502715;0.029319801034268442
False;0.012498007629429417;0.10189111701854724
True;0.0001822421322537891;0.34170835587784343
True;0.006351893480631472;0.13836002747171045
False;0.06117263956101302;0.029940204405864736
True;0.0003428434592744909;0.35971688883987823
True;0.0285614832805881;0.06481396480534152
False;0.07202347406352078;0.023306545213237558
False;0.20481487746674457;0.0009490947223036489
True;0.0002662908217992138;0.6901328348982997
True;0.00027083807381500285;0.814212192973877
True;0.00026806141378819636;0.8549172515071124
True;0.0002446116341606812;0.3513911193450553
True;0.0003732203249647784;0.848672467982838
False;0.004311676908343331;0.15617532108405988
False;0.020448145917775874;0.08183156296272542
False;0.027820830804346896;0.06555507668401546
False;0.005177117576470301;0.14391427728190212
False;0.027725116199752913;0.06532532580153469
False;0.010966806498812029;0.1099227142162196
True;0.00022061925014576155;0.33461318347895286
True;0.004243566211493083;0.16455539457944113
False;0.04535588423512952;0.047359991830358404
True;0.18873668270035934;0.002897745380209912
False;0.07068210547805472;0.0231018689610272
True;0.0004034499615198875;0.8346833867382609
False;0.01213804020104438;0.1027780924879441
True;0.00035793024627266877;0.27340082153341067
True;0.0002004342900346347;0.3512037040531726
True;0.0003054936517215337;0.8564237660479637
False;0.11385597466771846;0.010469060289373505
False;0.048066284390888996;0.04278099219490819
False;0.01292963914372658;0.10156715517702875
False;0.038171427616600036;0.051978430328693606
True;0.00034731598479526823;0.37788260195109385
True;8.950454215048163e-05;0.33416849693787704
False;0.05303204759726001;0.03638333937106032
False;0.03826949432030952;0.0521347992895802
False;0.12731863888825348;0.007995471118399135
False;0.030865613723949543;0.05908150251024372
False;0.013574463956324662;0.09976044572734674
True;0.00026346160416837857;0.3086790923817469
True;0.00017967864333715914;0.9160896830730343
False;0.08873118342910126;0.01626862066480565
False;0.08749104794502367;0.01665567975019518
True;0.23150609209109577;0.001032429146362601
True;0.00018182531651447006;0.3341567234295483
True;0.0003715819295212649;0.3140120613759668
True;0.0012097651320215662;0.2437236504274067
True;0.00017525323509481967;0.3489308063443047
True;0.00037409353950131595;0.6473124081744763
True;0.05967437858332699;0.030230157884666063
True;0.0001220805864584785;0.6122262226212597
False;0.0028768657942946163;0.18438304060713606
True;2.7213869849127953e-05;0.7310539665750382
False;0.10165224163662775;0.012648041035484862
True;0.0540582578370023;0.035421827569503544
False;0.01213132908617122;0.1023759335182077
False;0.0025448902155207425;0.183220293637639
True;0.0003409524405743023;0.41485300944975295
True;1.8863943303852675e-05;0.8875920841850395
False;0.043473255689982795;0.04733619929831127
False;0.027653341786921234;0.06551811978991455
False;0.028129049050070538;0.06479667134286399
False;0.020358842168403238;0.08056154784462997
True;0.00025815558489064144;0.8667205826408567
False;0.07739592051398991;0.021800683346022105
True;0.00026485713335150406;0.882678682666064
False;0.04840537264896821;0.043020521497945906
True;0.00011703562392140214;0.8205357723379574
True;0.0003621248321318465;0.35750196882965857
True;0.0011284830779628974;0.20518080052620485
True;4.827996001513382e-05;0.9359471670107038
True;1.0363512080461148e-05;0.8468074596463472
True;0.00018426127152442308;0.868059068817465
True;0.000311246607463004;0.8259443154744379
True;0.00012759772002614203;0.39108611906562907
False;0.028724896025557996;0.06475780443731755
True;0.0004153702983123086;0.9321570163581545
True;0.0002561961597255402;0.794494526769201
False;0.04746054081981338;0.04427916004163029
True;0.00020444789307349305;0.3002949115262085
True;0.00033964482211377766;0.5852058885543802
False;0.02692545701565764;0.06573911920548083
False;0.029377954068707454;0.06218371004786844
True;0.0003760573738081348;0.9342401352152474
True;8.465295998078237e-05;0.8089805292998731
True;0.0001722015184745844;0.405724705068559
True;0.000245234181435873;0.7240001664389296
True;0.000400912306463775;0.4319658451043586
True;0.0350470707784511;0.05552414625305133
True;0.0002731966977484286;0.38533817818148663
False;0.0714537062240476;0.02326176690512224
True;0.0802047726119179;0.020558378473011688
False;0.11366247677262264;0.01047066368669421
True;7.461953841920397e-05;0.8289271643540516
True;0.00017930827880926475;0.8579085805640058
True;0.0002313053041095697;0.5330156593902496
True;0.0002758299293055954;0.7714485130332995
True;0.0006279819504132401;0.2550874274862841
True;0.00041105930643361776;0.7888638501488733
True;0.07254515726661771;0.02288122005130222
True;0.00039912366560866886;0.3417616192167324
False;0.014102833936663046;0.09433043746084159
True;0.05811940054243481;0.03249667475624857
False;0.03079054524359907;0.05868689480545743
False;0.07768960470006549;0.02196576647471148
False;0.08637098834020707;0.018220590074812262
True;0.0027613549565667366;0.19375144546051798
True;0.0001536349072992361;0.36384169397804417
False;0.012095575016395464;0.1045003324015045
True;1.3178758919513272e-05;0.442546257917412
False;0.01032026574715985;0.11395630834642323
True;0.0003429547011488068;0.8028746954072936
True;3.958398183921644e-05;0.43369401970693355
True;0.0001213596632109404;0.3451900946484418
False;0.008846306392105981;0.12064465826153543
False;0.07757515731421132;0.021874401461568646
True;0.028154809334821177;0.06496419473260583
True;0.01799502154885034;0.08601581993984263
False;0.06364782308734544;0.02845320224018346
False;0.03285906625831043;0.055709480972714484
True;0.00021631032884984844;0.5888524736808173
True;0.00028611106838678595;0.35806978389126476
False;0.013597884521547761;0.09924379950991416
False;0.032821359440719074;0.05585337977123384
True;0.0003620763597337217;0.3679735223150014
True;0.0004143372581891929;0.7535763851950584
True;0.00022681712818617728;0.9889003632272195
True;2.0810616851014016e-05;0.9448914927282315
False;0.02773165880936414;0.06563706400089883
False;0.013866465850736497;0.09461024108593985
True;0.01299330390141277;0.10064021106395861
False;0.0031608834813089738;0.17524300771420814
True;7.44581640709709e-05;0.2743787564445676
False;0.021594351822726975;0.07931444898813948
True;1.5906555347853133e-05;0.35834953106426487
True;0.00012169323404077714;0.89156187467302
True;0.0003916247607060167;0.843626044556496
True;9.00233368315694e-05;0.6628079097152164
True;0.00033841561718473263;0.9139824937075336
True;0.0056696349162619385;0.14012502683326716
True;1.2431053673012505e-05;0.7404214905646883
True;0.00026782095322523995;0.3487782238976777
True;0.00040287225542518694;0.9486962426658124
True;0.00025885218452509405;0.3907736531277833
True;0.00010882393470306729;0.818639239189069
False;0.013750720315467506;0.09956766980487591
True;1.5224387714403545e-05;0.7122267749375504
True;6.923825975382833e-05;0.9298567113829426
False;0.047276526000751974;0.04354958889199532
True;9.358756605779295e-05;0.9328332071831335
True;7.655583200554901e-05;0.8487333143311254
True;0.00033507722145635047;0.959396993170813
True;0.00026020313187111226;0.5543094319863265
True;0.00017011713702497303;0.7921023200618448
True;0.00013566292302548562;0.828202210831161
False;0.004289775190714379;0.16142136543409125
True;0.0003338460876979028;0.4043093163454375
True;0.0003639667136574038;0.969405694320549
False;0.011668491640189137;0.10759392401885381
True;0.0002730530814836531;0.4942529457575909
True;0.00038393566168213656;0.613181056173777
True;0.06113370982248267;0.0298629440609108
True;7.402730513599743e-05;0.633212011512034
False;0.013037346714442087;0.10140739671992334
True;0.016118337485638404;0.08855224979961597
False;0.0327980541527532;0.05800112042821861
True;0.0012459325849298358;0.23197160803570793
True;0.00037607006723504684;0.9398493946252378
True;0.00010155051936940945;0.4708819993339297
True;0.00020080840160039654;0.7385204460832583
True;0.0004122139796476982;0.8165874557178106
True;9.157494259859275e-05;0.9344449994515377
False;0.1016271187551318;0.012889753122038496
False;0.03516345928091789;0.05438189027580983
True;0.0032100503050636405;0.17714051875248987
False;0.046968178437200185;0.045595256681646344
True;0.0002918594080574555;0.5275012142835674
True;0.028374148235686316;0.06522701230590057
True;0.00027720658775859955;0.7822800516472913
True;0.00024811422573385036;0.35508205979467955
True;8.763444081811024e-05;0.8587961103206456
True;8.846502328377595e-05;0.44768351230967524
True;0.08805087093515829;0.01660864346702208
True;1.7672588698257144e-05;0.343487400171529
False;0.054309098395524516;0.03523315903463143
False;0.09046031353077214;0.015053269227387292
False;0.021430417879627146;0.07936613587689033
True;0.0002238861297297683;0.6566893317715845
True;0.08409347068496711;0.019156940805229138
True;0.00034349481227690173;0.5803012980629718
True;0.00034829690289678994;0.3521937731900891
True;0.0002914977857512793;0.46414424841042673
True;0.0003430405143384695;0.5624000297374019
False;0.0009021364580424879;0.22785128616472883
True;7.801836372109968e-05;0.3171050615642046
True;2.0396662324873565e-05;0.9905741066069601
False;0.06101257052404229;0.029714696089906054
True;0.05558206192918228;0.03295507484112668
True;0.0001690669472114154;0.5796057719529167
True;0.06415720373935463;0.028434156174241474
False;0.0009399125516813963;0.23148171179593852
True;0.04741222092452878;0.044031982827792825
True;6.097178644349618e-05;0.9677500212641752
False;0.013315983162693166;0.10061354836634721
True;0.009074923401024379;0.11797250042451975
True;0.013891788194515595;0.09348930382752418
False;0.010612541859136897;0.11348400346457008
False;0.2336925797718109;0.0009359797680609399
True;0.000374017673210587;0.8072819679890224
True;5.547035697291678e-05;0.41303760758481817
True;0.00021325448425967938;0.3990691520011186
True;0.011548821422720094;0.10602254012531691
True;0.00030120518342170466;0.49559475697557026
False;0.013829915779410422;0.0940307851352741
True;7.102525065901379e-05;0.8559978730174556
False;0.06667677760597993;0.026589316714172327
False;0.00701322066024148;0.1331079533867844
False;0.032695259399629716;0.05565745642909512
False;0.015320701138417034;0.09030270943149991
True;0.00905847599244687;0.11986575102663653
True;0.004538069296529614;0.16429175612359148
True;0.0002681525350011508;0.8875080533771816
True;0.027480822528246143;0.06581688841106036
False;0.11000682427039508;0.01120024247117808
True;8.320037235416259e-05;0.6488775803415422
True;7.621516763141659e-05;0.9406997416670613
True;0.04347773539427872;0.047468769848649395
True;0.00020088831979674955;0.925386772308988
True;0.00041213099308538967;0.631206762361488
False;0.07090392254278173;0.023324472859997968
True;0.00027647219963829926;0.8845494826196149
True;0.00027899040775825003;0.9380147420252912
False;0.038768957402969706;0.050199642217912545
True;0.012184226396595643;0.10167610261780989
True;0.047044739866677315;0.04568431005846473
False;0.08237330708548998;0.01960059943559934
False;0.022862454904822825;0.07683636215057502
False;0.07495948174926859;0.02282362112170223
True;0.00016095738926805357;0.9341254140715751
False;0.004337287717979488;0.15566830861363745
True;0.04806122391696842;0.042886011125491
True;0.00021166459768768572;0.5276777428306877
False;0.01865701488611404;0.0851624510221621
False;0.05893293543094504;0.030471488057326516
True;0.00011282784676617341;0.3336139731736501
True;0.00016554676948056952;0.334192412691377
True;0.12217425844614385;0.009119201992764244
True;0.00011615021461537326;0.2674915927224388
True;0.07298734485906042;0.022764025491683756
True;8.327472531521235e-05;0.7402531552740969
True;0.002656068549276431;0.18688273681820497
True;0.0002490841889276203;0.7807674310408431
True;7.524827911466845e-05;0.32563603711193645
True;7.543992583667269e-05;0.7969423907710997
True;0.0003636652765652639;0.836512148000075
True;0.00018373725597767675;0.9015295671642171
True;0.00021525438003722902;0.34901462406243294
True;5.197505673168036e-05;0.9761214374351677
True;2.665084950553269e-05;0.46175573640181067
True;0.0003576684052464007;0.7956760448321973
True;0.00039803158171124414;0.8741213951090878
True;0.00034706179453881307;0.8979797321663489
True;0.00033188436103741867;0.9608977562154538
True;0.00026003904201761193;0.44370684226381335
True;0.00033628357482923656;0.8398361376379062
True;0.00012310490896298164;0.7720338172890885
True;0.00010519157540784873;0.8565834027110564
True;1.3194030878799773e-05;0.39080276256433716
True;0.018508421152895613;0.08561775076034586
True;7.361840663350005e-05;0.9515687950855066
True;0.00030377129568938204;0.9537790772782992
True;0.0001060418665265804;0.7138745992815906
True;0.0001727184182726183;0.5560690079358124
True;0.00035730586559050664;0.614540134256996
True;0.0001432153059266531;0.49881954935183287
True;0.0003346076358724775;0.8894440146642301
True;0.0002783977383658807;0.7388516247581975
True;9.084155781686002e-05;0.8396819916101684
True;0.0010188431447095607;0.23842849198125474
True;0.08717786265356536;0.01663333250832641
True;4.7128151034861484e-05;0.5858001187090979
True;0.00015378945573123816;0.9490580262207866
True;0.000131859221295396;0.8872199596040596
True;0.00015527748956992;0.575377308253013
True;4.3543733997447653e-05;0.5328224289235848
True;0.00029933552106930394;0.6050577131723016
True;0.00038291342204852804;0.35734584711656053
True;4.162766488322615e-05;0.6370602645013328
True;0.0006933910926241964;0.2568037056177075
True;0.00011382914113800399;0.5803208352452854
True;0.0003595011120113118;0.3634732326322238
True;0.00014705668599797138;0.5339636634194819
True;0.0001956277168396746;0.6445842142966602
True;3.827118213305309e-05;0.4160619395344327
True;0.09942179223786309;0.013721367478252866
True;0.0003392178990412857;0.788803538277391
True;0.013520611694114693;0.09542738689417957
True;0.00014690295825310504;0.8783174193574017
True;0.0003715905356904999;0.3068126513253278
True;0.05296406295777647;0.03659309929690582
True;0.00024354104620628154;0.2792834899899612
True;0.00020332425965991806;0.3640452035820803
True;0.00022707164815293166;0.9915885910404426
True;0.0003087413062013732;0.5265255963964932
True;0.000402330404764002;0.9361751759332714
True;0.0002469785515957348;0.4640184030981102
True;7.837053114895751e-05;0.5902405923566528
True;0.01483642523103377;0.09028563661602379
True;0.00018729345733826779;0.9271186412440058
True;7.838568594724944e-05;0.8706277644759794
True;0.0052183977968218945;0.14270983868403156
True;8.479854032907353e-05;0.9265794397649836
True;3.192907560487492e-05;0.8827949690247264
True;0.00014128015599128866;0.8590910093950878
True;8.866009000917739e-05;0.46409992467166744
True;0.02276116542619577;0.07521827175081623
True;4.394621645560376e-05;0.9182582437293587
True;8.525317271049696e-05;0.9462856909253509
True;0.00012034523761974756;0.4319821670219392
True;0.00017525264202019185;0.855927380421576
True;1.9691258703348804e-05;0.7532558073587138
True;0.00021489665881777395;0.8946887791853726
True;0.013969606847711907;0.0937861717809446
True;0.00019172323817950174;0.3478178203105062
True;0.08596300658260483;0.01821847632560554
True;0.0003591392838881066;0.9344924460057231
True;0.08807944099070486;0.01637261539044214
True;3.4523018304755547e-05;0.6622096273110539
True;0.0002683227719862328;0.8427841908510287
True;0.00016914739717873475;0.7567836120678253
True;0.00029177372118242536;0.4763160451196192
True;0.0001933658602110136;0.34554553580763375
True;0.01912683744779495;0.08406619350144218
True;0.00041357744195602434;0.7010298043574897
True;9.091405541414695e-05;0.3650882750159459
True;0.00033712566297658045;0.8033141364072934
True;0.00010391247154489554;0.3355492675426398
True;0.0002321529329076576;0.36017542774529476
True;0.00035853179003542926;0.37409593251929596
True;0.0001635497482433122;0.9677394378015843
True;0.0002915236116453313;0.5217523753296597
True;0.00021668935802691128;0.49683847051474384
True;7.124395911222219e-05;0.716473744064275
True;0.00021015311259314366;0.5587817193849947
True;0.00014188478501267666;0.5554773412552196
True;3.556750692957923e-05;0.4065066136330598
True;0.0001508277463084441;0.9877592231579115
True;8.080588493101246e-05;0.5529374652965364
True;0.00018989978790489402;0.8364500013536622
True;0.0002759432196699306;0.9549896951800655
True;0.00013061708136944425;0.9320503904062418
True;0.00028053886613702716;0.7795822838094236
True;0.03818265669829337;0.0519677786883217
True;0.00016486698467418868;0.6300528735854907
True;9.112934484141603e-05;0.9201706131367179
True;0.00024990606245069353;0.9228548872284101
True;6.124417167018227e-05;0.859173933393308
True;6.449902066923433e-05;0.3237409454977308
True;0.0003966709384681763;0.6710352201427291
True;0.00032593716281529574;0.6953058961063406
True;0.00020073078440387026;0.49927661096348536
True;0.0002879578912130629;0.4887322693304962
True;0.00020860882991786508;0.6538147673527764
True;4.964359251327412e-06;0.5696914234005139
True;5.394046078347908e-05;0.734062786836187
True;0.0004695158511093769;0.2561473158278981
True;3.250493051258813e-05;0.8474991616187596
True;9.544996489999004e-06;0.7496339973726853
True;0.00017260569899954124;0.9347850270817049
True;0.00021203396720124803;0.48956066197789866
True;0.00033113753598161636;0.38987741215465554
True;0.0001094409719099433;0.7302228125448604
True;0.0003739299568745205;0.4475996170737079
True;0.0003490524015060679;0.8802392731571985
True;0.0006640467443896973;0.24751748838577303
True;7.707652364374743e-05;0.8167662503536189
True;0.00022503664248263216;0.944927109224659
True;4.169358121578157e-06;0.8031463056888114
True;0.057554890337278085;0.032827339420290376
True;0.0002809954220932936;0.3659015096194814
True;9.396207680887418e-06;0.28781362174616454
True;0.00014182260529745224;0.6311255264827941
True;0.00016981726647491554;0.5624330740372023
True;0.0002210869225041216;0.38987843545610823
True;0.07709722865547149;0.022951078409987537
True;0.00016199606181620843;0.7260037217402266
True;0.057108108127906364;0.03260568176761874
True;0.000343746439219148;0.39916985751815964
True;3.38007289020357e-05;0.2590393334380679
True;5.028477581333577e-05;0.3477660838071016
True;0.00020165445499303577;0.9202407428749936
True;0.00014257268192243962;0.7527093436315048
True;0.00013572739960021632;0.3293086443095236
True;0.005387618458709589;0.14410356574675504
True;0.0003962070069029215;0.9794337650603074
True;4.6462522822205366e-05;0.5406451258959791
True;0.0001536993141355709;0.8075563720165168
True;0.00038607320867781577;0.5746285416039473
True;0.00021423282402700962;0.5247168135901823
True;0.0003726781163386392;0.9491097920931468
True;4.236715378314466e-05;0.4600169044895136
True;0.0002337747836953773;0.9224605169587123
True;0.00033631671587886945;0.797086242407679
True;0.00040740939607111765;0.8840560608891884
True;3.188711896686348e-05;0.9542030713729338
True;0.0003995851998665399;0.9344564103321708
True;0.00015352543685773519;0.3087479656530447
True;0.008134914295140978;0.12837629722043392
True;0.09064512079936171;0.014927925002265507
True;0.0001310718814457621;0.5614722154434126
True;0.0002206804245270386;0.9565780228351443
True;0.00019051993440733655;0.8136965463930795
True;6.2419400904049e-05;0.8481366127785458
True;0.0002528830704246324;0.5176205581763312
True;0.029388227746652437;0.061568921943565086
True;0.00023399385154768845;0.7941915240179434
True;0.00031278329759706734;0.6702759052511185
True;0.0003030941217077446;0.5121264959478946
True;0.00020545666232217407;0.7110456333209713
True;8.07080616058335e-05;0.3002902235256115
True;0.00017970082418493986;0.9429267429158908
True;0.02239173242401755;0.0773230467294962
True;0.0003706356544618012;0.8409686010858104
True;0.0001481936102328144;0.901053991454606
True;9.8900120861206e-05;0.8002996662694114
True;6.195211148859718e-05;0.36007170878117656
True;0.00040679758089036736;0.34378624859229523
True;0.03294827952470395;0.05572902242374792
True;2.266224681767011e-05;0.3727984374721389
True;0.00031442190575577757;0.7838880439924577
True;0.0002962862604065479;0.8137576621304539
True;0.044613609560824906;0.04729162943042434
True;9.386424409287624e-05;0.7984661007778118
True;0.0003243775575299424;0.3145382778674753
True;0.025021354104003368;0.06814121356498204
True;0.00023465560429216634;0.9422598605641198
True;0.0003775469015100938;0.9820517294270987
True;0.00033849674297704624;0.9440263182137796
True;0.00036459625599996224;0.3255757182911937
True;0.00033204042085432396;0.9348309052322977
True;2.4152598155748495e-06;0.8364004030733454
True;0.00015166745706623807;0.9016917259937035
True;0.04360988200451015;0.047504815609325596
True;4.187195358136026e-05;0.9756240709802476
True;0.0004175357245842133;0.8198608920992732
True;0.00035020531408260956;0.9952586157085039
True;0.00025751423977039524;0.8738419123643792
True;1.4743100248834217e-05;0.8986914777528258
True;7.433181367495736e-05;0.6102944244082098
True;0.00022766919327761302;0.9799677152173852
True;0.00028196340130687454;0.8564476461284017
True;0.0001491656870659039;0.8155355890564542
True;0.019144952380660187;0.08476026625039589
True;0.00029183303493572865;0.95194019963704
True;0.0002095467706376828;0.9878605925633923
True;0.00039342633255886185;0.9411244582922367
True;0.00030154718927919886;0.4679737357851838
True;7.584846742223426e-05;0.9696080187817819
True;0.0004067641442043686;0.839017264990353
True;7.334297388190243e-05;0.6783512519585728
True;0.00023247915310801653;0.9227147721996467
True;0.00014346059476119213;0.2981457476852481
True;0.08602934610448232;0.018512975396969125
True;0.00016328561347013729;0.8798343248811452
True;0.0003762703238139945;0.9491711394346616
True;0.00014578801979739904;0.8883358468683618
True;0.00019250515985201955;0.9449907019341935
True;0.0001782401109725186;0.5958129317794183
True;5.625465415248618e-06;0.6537921241620717
True;9.794661936214968e-05;0.4600033791899645
True;0.0002950000861182166;0.9530500579145444
True;0.0001647868249645405;0.807003821840168
True;0.00019110044883868585;0.9198437269490874
True;0.0004170152072786073;0.8586443745904404
True;0.00010790650748359111;0.8714816464906663
True;0.00018107486690692925;0.8740096467177919
True;0.06596467235128557;0.027626637019099627
True;0.0002614978477489155;0.9523063214930698
True;0.00013192586588747876;0.8590321146447754
True;0.00013598066679387834;0.47826758963114324
True;0.0001276497315763317;0.30700543650788575
True;0.00016074567419453715;0.8814890418903978
True;0.00025077149131807656;0.9641565458445794
True;4.7440933994729125e-05;0.48897349454344424
True;0.00016644146835359462;0.9912501191758601
True;0.00010212678267798684;0.8769036460035923
True;5.6770706891430747e-05;0.936246441614241
True;0.0001551580669203529;0.8675846278490128
True;0.00013004423353453538;0.26504708497782803
True;7.455213789330267e-05;0.9271448663706113
True;8.951602547274444e-05;0.8705628761978134
True;0.00030944603627781225;0.9854675627868137
True;0.00020561199834019138;0.608942255583816
True;0.0003751952957351448;0.8830147416281388
True;0.00039025609556745164;0.8590465872856026
True;0.00022188142613371187;0.9337875675010966
True;0.003579228690240728;0.16657777410721258
True;0.0001446604617941223;0.9193315307159483
True;0.00032447974684025893;0.4033644054335276
True;0.00022893381421806093;0.35647706918623134
True;6.170822443083978e-05;0.9971444692706528
True;0.0003425110197038064;0.9449422058198779
True;0.00021318206766979391;0.3028762186193448
True;0.009076096603781947;0.11540126953735631
True;0.022058457351990208;0.07829413245884373
True;0.000256921750413814;0.9346920730984253
True;0.00014553847722104403;0.8041330276000141
True;0.00016083540898631702;0.9379639076202719
True;0.0004152629912813522;0.6992376809065669
True;1.4296655046602608e-05;0.9676906106521147
True;0.00024427035281876524;0.6951724914888125
True;0.00040090193615301313;0.656643065052401
True;0.0001519027702107517;0.9492252098793513
True;0.00012081271970002026;0.9487276453618791
True;0.00036641344276263965;0.47497418849593054
True;0.00010745681752951407;0.990444774368931
True;0.007940699267227942;0.12539729242471778
True;9.68687140853291e-05;0.7249011055347485
True;0.0001780258611677919;0.8023434622746345
True;0.0003949320869244966;0.9677683644434529
True;0.00035577147321262003;0.5319798818074017
True;7.078287682970871e-05;0.8497495914931988
True;1.2842492968002516e-05;0.9595542893511427
True;2.362661965965659e-05;0.9338956949748005
True;3.865424927677698e-05;0.9400303211149006
True;0.0001932567081652078;0.4140211562306716
True;8.295172404751082e-05;0.9874014671650632
True;0.00016759244881789584;0.9143608570637253
True;0.00036685633312147326;0.7854390461324806
True;6.86659709388776e-05;0.9536484709950157
True;0.00016044576237993772;0.987925380417198
True;0.0002036699150778588;0.933705569990349
True;0.0002594546962523004;0.7042107706152096
True;0.00019377955422742834;0.9321166742856635
True;0.0003242771077019097;0.9202933509996133
True;0.0003641982119033917;0.6791334018234931
True;0.0003981343295594587;0.8593471359187101
True;0.00023890974986475472;0.975577256909615
True;0.0001862303300030799;0.6992390718492787
True;0.00024210438300707125;0.9824598407091898
True;4.6426196288617276e-05;0.3938593732542757
True;0.0002977494472149675;0.9336592736970145
True;0.00025653004898527535;0.9347260635010917
True;0.0004158502399562196;0.4674810366267703
True;5.3795905630913275e-05;0.7344189723399198
True;0.0001143220021195098;0.8472061884754059
True;2.663427428446414e-05;0.9627985889625661
True;5.651973956312803e-05;0.4940369385300504
True;0.00023193399949142428;0.8469817204124135
True;4.258572672937871e-05;0.6145729055950991
True;9.619383957431672e-05;0.9835296951486038
True;0.0002300067221583188;0.816079052663403
True;0.00028498079317637966;0.461501940639424
True;0.05402133206157118;0.03534608980776846
True;1.4331267755698575e-05;0.8161617011145899
True;0.0003877561453674658;0.9452032692467579
True;0.00036569297324310447;0.991053627722915
True;6.757745145207611e-06;0.7919245946777803
True;3.7227026322349913e-05;0.43182139699294597
True;0.0001700824620372165;0.35190744219804676
True;0.00028408709479246184;0.8588268353176912
True;0.0011656776606203195;0.2281112377792049
True;2.5512435284096896e-05;0.7897257431822483
True;8.184163615407796e-05;0.9893146317160217
True;0.00019558255293453513;0.8756893850448249
True;0.00032377737273430964;0.8467766221693583
True;0.00029513540963249885;0.2588730985452835
True;0.00889810241340605;0.12288031282901765
True;0.00013359665371746385;0.8210851715564538
True;0.00036884755261145573;0.9675555601272761
True;0.013560272415143591;0.09701263392228368
True;3.575193005887326e-05;0.987854329990211
True;0.00010919929862588542;0.9792631403862212
True;0.0003219249798016216;0.9610682379230945
True;0.0003162961638758711;0.5663658015390082
True;8.13501691655073e-05;0.9105608724859525
True;0.0002501251816869329;0.6146671265920604
True;0.00011297481187354233;0.8762368945535547
True;0.00030596798962870345;0.9222186317316761
True;0.000189837696188959;0.9558763548400769
True;0.00022816447287084157;0.8839780146800248
True;0.00019644486570105654;0.8265129623816329
True;3.494421965707688e-05;0.9344705126730246
True;7.787034520098532e-05;0.30845227635356826
True;2.3380418876982334e-07;0.9759454245796592
True;0.030790965927233765;0.05914596555462653
True;0.0002563758888149164;0.9214862996627807
True;0.00020019386991285403;0.716158937095117
True;0.00011043613771495158;0.8138692076083823
True;0.0001139301501501305;0.9934286657682424
True;0.0001621169982519916;0.9204550429883389
True;3.989415367364039e-05;0.9301906255357238
True;2.657627639629667e-06;0.7148882024845077
True;0.00014969234929227066;0.9540002027497638
True;0.00018227117442184797;0.9266887801935444
True;7.949668317796243e-05;0.866433424800577
True;0.0464529115266736;0.04626100747635934
True;0.00020195419376047724;0.5849769212524392
True;0.00028826591603645584;0.8597632772183588
True;0.0003803170818566723;0.8411357906141931
True;0.00031246100862491566;0.9012047119574459
True;1.5109844192621143e-05;0.8002106423441755
True;0.00022949736213495584;0.805300533460911
True;0.000375226535527214;0.3436514285300709
True;0.00025955886966324264;0.8488806058003718
True;0.00016154511298946918;0.6143112795834358
True;0.00021136038305314062;0.49881333215249113
True;0.046498197447604285;0.046539618978756095
True;0.0002644871847665122;0.4574403802870205
True;0.0004145140869729745;0.3335081207319981
True;0.00013319631181342852;0.8231586276758168
True;1.3598347773685439e-05;0.9416078561852362
True;0.00015315691498603667;0.9808268674220193
True;0.00021952386519701208;0.9433964228988488
True;0.00036979546434089795;0.32144073156952313
True;0.00022840519284032145;0.9346669884233738
True;0.00023934837134054256;0.836346507542791
True;0.00038813439321613033;0.901740145051642
True;0.04734527805914026;0.04390995454132937
True;0.00023346098130380067;0.9756338858882914
True;0.00023261992454084695;0.819495090051907
True;0.00010326180357077368;0.9947384092339356
True;0.00019111147529905475;0.8739324608132405
True;0.0003376686248324832;0.8988261263104207
True;0.00026695625004233563;0.9277779668415305
True;0.0003623668193576519;0.9806018782928024
True;0.0003858128905940559;0.8565280905849626
True;0.0003586499342167717;0.8156734173413531
True;1.3444037217730834e-05;0.9386448459760118
True;6.521491814182222e-05;0.951758375651396
True;1.1734378529865714e-05;0.9878053842510144
True;0.00015933355684974367;0.9409279545062492
True;0.00010977423390070436;0.86285541291851
True;0.00041771840645952514;0.9702322001231248
True;0.00028668620277424317;0.8388944185089874
True;0.000239114649006328;0.9854354566446011
True;5.9565620550060254e-05;0.9229070511805242
True;0.000311056725275629;0.9503065609734784
True;8.105126667610123e-05;0.7620156766452886
True;0.0002822509465086201;0.8802771716254747
True;0.00014641827460129916;0.9491980705013168
True;0.0003087851123640966;0.8883557008709165
True;4.980592043115602e-05;0.9444454394975097
True;0.00021488187020614018;0.8881996638351071
True;0.0002813154152450283;0.8886625452858599
True;0.000341342584177654;0.8395969898489758
True;0.00028131976191522756;0.9532677644740282
True;0.00035538691607101415;0.8201782101283301
True;0.00011398979034327258;0.9204402189997147
True;0.0002396824638845101;0.8583997331423687
True;8.678095095923572e-05;0.870541461564458
True;9.739810680746129e-05;0.8736588077021058
True;0.00039679316680915616;0.8242181271645727
True;0.00022178803429050793;0.9518635496531341
True;9.575686114056674e-05;0.8594112119725631
True;0.00035425846790653555;0.4924676919914487
True;0.0003827256275166775;0.3302653160355294
True;0.00032048847303957107;0.8819977681649924
True;0.0002825208666910561;0.9641262864227934
True;0.00033418878091431755;0.48892837665293715
True;2.9730444814478045e-05;0.9915049976123592
True;0.00011016207137942293;0.6998636519149773
True;0.00039941069622353043;0.777978133283084
True;0.00023966869985364632;0.8677465328509788
True;0.00026570593889617644;0.9299370250151314
True;9.704412639115079e-05;0.9272871570165251
True;0.00034119130020243465;0.8694354565021114
True;0.0004075964886179926;0.9856491351460916
True;0.00021182054549134276;0.9559144781404533
True;0.00011974806915357685;0.8829702216026366
True;0.0004159735026001652;0.8589839271501771
True;0.00018347712210290245;0.9323755540334854
True;0.0001817031038138504;0.9724430447210334
True;0.0002898813140448748;0.9179832404157
True;0.0002737244095741974;0.3596700123946177
True;0.00019700065182030034;0.5571856846296537
True;0.00013797326655486005;0.9972988417920956
True;0.00036572757995286843;0.9451602985090373
True;0.0001252966815132814;0.3311760407860745
True;1.859171212895671e-05;0.34108109221027594
True;0.000372684912314698;0.8271076370870688
True;1.7798825453915637e-05;0.9344820744660628
True;0.000255985752699758;0.4022516907754816
True;0.00032716081899789647;0.9379258467943793
True;0.00024509377341485873;0.6186768529761894
True;0.0001690215185924283;0.9677517543361643
True;0.0003313758840612856;0.9692696613382532
True;0.00021820858107541961;0.6568267951678132
True;0.00022327073280680243;0.4131910720783392
True;0.00032048199505953695;0.9485938984839957
True;0.0003712454418899828;0.39398164485001635
True;0.00016042260504263203;0.9904640661819119
True;0.011598818208448453;0.10467391720241156
True;0.0003181610180612397;0.7248825856194272
True;0.0001842907571021292;0.803016688642335
True;0.0001881504606715133;0.9675621765078516
True;0.00033617005918123484;0.8823089616015857
True;0.0002296326747610517;0.8491852417512838
True;0.00017482738095235374;0.9597561250104766
True;0.000386251249087011;0.933949195152707
True;9.152641077982341e-05;0.9402997223972341
True;0.0003012395732387122;0.7796534757396912
True;7.376463348847113e-05;0.9871751001799649
True;0.00039896090362928816;0.915042582823559
True;0.0003165408521706874;0.9696455413201431
True;6.031835005745037e-05;0.9547938798460108
True;0.0002492097430573513;0.9880924107103352
True;0.0002921412332063321;0.9336689874662638
True;0.0003117215909789878;0.6143910898336415
True;0.00026342717328580503;0.9321495826871663
True;0.0004144341970641533;0.7331876640218455
True;0.0003579742104393103;0.9557241756062603
True;0.0002232393867446132;0.859575195737797
True;0.0002518489379449261;0.7723066187132497
True;0.0003167365818716341;0.9874635478921576
True;7.773147831225125e-05;0.9831923766805929
True;0.00015559349901546934;0.9160169077258393
True;2.588991927300744e-05;0.9338945048541694
True;0.0003446628014314517;0.9342322005591838
True;0.0001152387216855868;0.35949464457711716
True;3.529344087963873e-05;0.7344096245241744
True;0.00023688850503435032;0.8481072742981262
True;4.0353333329235e-05;0.9630812702662985
True;0.0003550741423825993;0.8965840053798386
True;0.00019297001364277367;0.8468567777885208
True;0.00022260643631823063;0.614532678012391
True;0.00029948046783879665;0.9835932671745024
True;0.0003415538435304558;0.5219847864699163
True;0.0003481469710956619;0.5985342541667457
True;0.0021078639713037225;0.19998800265989675
True;4.260939822177043e-05;0.8158081978720685
True;7.42368172073758e-05;0.9448847210739068
True;0.00014575984413041552;0.9906881056502372
True;9.888815113557272e-05;0.7919465846761181
True;0.0001986769350871349;0.8589578637832653
True;0.0025465084088378957;0.19169162240909315
True;0.00014779585748187334;0.8588391641953549
True;0.0028964587579570792;0.18622592286604994
True;0.00021982486356716212;0.4291154192127984
True;0.00013541931912898234;0.9161066745590877
True;0.00025975568370656486;0.8756353684057131
True;0.00032107223326109923;0.6196947686749188
True;9.93014070358276e-05;0.8646807964897859
True;0.015429245423751962;0.09049723549239741
True;9.638758677459553e-05;0.967692046491328
True;3.809839506126732e-05;0.9677632487300016
True;0.010722667117630712;0.11387470872850788
True;0.00022064154350851493;0.9875094497937463
True;8.887636500685366e-05;0.9793475653352506
True;0.0003293674497585229;0.9610240883982684
True;0.0003159281176841756;0.3637517282494611
True;0.0001950720607675665;0.721563500644437
True;7.846624518458766e-05;0.9450709997389555
True;6.838159486424195e-05;0.8755970310308824
True;0.0002154833399506713;0.9214163811184388
True;0.00016303744163662657;0.9563571807441523
True;2.6508030744493852e-05;0.8839848263033336
True;0.00022042877304169294;0.8262472622264214
True;0.0003431909258572966;0.934432456230184
True;0.00014753076262998642;0.3304805605561657
True;0.00014783202459755246;0.9773496157333286
True;0.0003152674239402921;0.9490972573842904
True;6.45395510440618e-05;0.9214340293595448
True;0.00038150973770967415;0.9560171052188894
True;0.00024243336217243984;0.8133049979968028
True;4.4825583336838433e-05;0.9929832403844788
True;0.0002535154916228399;0.9213479100460208
True;0.00014992922744966658;0.9302016821086463
True;0.00039054839905808145;0.9815474092350218
True;0.00032938834945684;0.8588772548237882
True;4.9535119873607445e-05;0.9262352061794924
True;0.00020172388082169957;0.865976767875705
True;0.019024334788011764;0.08409503921984471
True;5.428498104729404e-05;0.9491848181794463
True;0.000256784871287817;0.8596830743928491
True;9.648019871337235e-05;0.8411334494600515
True;0.00021949243999638086;0.900997193879855
True;3.319230665698644e-05;0.5752440891424746
True;0.00021521481993252842;0.8042865210944855
True;0.011693228996380034;0.10568735511857107
True;4.546863350274623e-05;0.8487096592274291
True;0.0004069928706873729;0.587103789028263
True;0.00017116623346654823;0.8398979896245917
True;0.00021174993755746326;0.9270196517739374
True;0.004331608648500252;0.15597969571225145
True;1.1798693314404444e-05;0.6045540990254481
True;1.4519926355417938e-05;0.8090770465944034
True;0.00015807270861582773;0.8397176024059613
True;0.00023181571944762573;0.7918943897150691
True;0.00018470546973412802;0.32169811304252893
True;0.0001897547722702443;0.859051506829155
True;0.0003376736006986177;0.4479480648122193
True;0.00020172809334221666;0.9017082889157245
True;0.043236852453955636;0.047796833467174456
True;2.079579988777838e-06;0.9145296939565675
True;0.00029855244892104503;0.5223393891029693
True;0.00017399806026342852;0.634531737296832
True;0.00036224607783079713;0.6352051092025054
True;0.00030043892697794366;0.7897118207226956
True;6.539090589879857e-05;0.8987738943312371
True;0.0002517143758147446;0.6428591407168488
True;0.00020610453690587748;0.5518096063122874
True;1.9385221336296237e-05;0.7690294904774163
True;0.0003287998442538199;0.810729077776133
True;8.122899253297249e-05;0.9301331396783697
True;0.00010827446925863863;0.8386610215411155
True;1.064006071312154e-05;0.6772015312956018
True;0.00010438053334753926;0.5944209819368125
True;9.472785430096024e-05;0.818027492525039
True;0.00012055554240713598;0.668200789808478
True;2.7622872066005865e-05;0.7263027238329615
True;0.0003426967220276376;0.5709736107722988
True;0.00030854745167484374;0.6828349751732206
True;0.0003046667373731863;0.7718342393906733
True;0.0001044241570634516;0.7428521356927255
True;0.0003278527194402682;0.4574354177419505
True;0.0002967968360796105;0.6916570089741365
True;0.00013815246885263293;0.6706877701449822
True;0.00031917090089483277;0.8943119766397989
True;0.00035984956757509416;0.7384550035640074
True;0.0003086527570050379;0.6488716849459328
True;0.00018861572480788485;0.713506569638423
True;0.000320257094433383;0.6145154995695208
True;0.00037758250994553144;0.8241207733327941
True;0.00023200731236357235;0.8543152611969564
True;9.527140557460549e-05;0.6181307854083447
True;4.8309576147102576e-05;0.632936228539116
True;6.514550078984197e-05;0.33048405883760257
True;1.148207443861792e-05;0.6167243739871355
True;0.00022513559041271007;0.8849857348256932
True;0.00036799210938834136;0.38933863175551103
True;0.00019247822924887406;0.8947174283512468
True;0.00020174050131421825;0.5870036591975709
True;0.0002267771960590245;0.6813038871820362
True;0.00011777107313766709;0.6095610363847266
True;0.00039495869891053795;0.8558191262602852
True;0.00027628426265960637;0.6991168518630173
True;5.757228833211296e-05;0.442981913287543
True;0.0002357602152328915;0.9441788502768587
True;6.39562093761166e-05;0.9026595007357188
True;0.00021902279762025663;0.5885676361742608
True;0.0003482522981070971;0.7151365769538173
True;7.1898394168520025e-06;0.6405231899702459
True;0.00032635874593658497;0.887566290136686
True;0.00019628526647965844;0.7302212884949887
True;0.00018114450644227296;0.5078729635314726
True;0.00018031849358018712;0.4598014741581368
True;0.0001859526488348714;0.9493339813607662
True;4.9321179394322745e-05;0.8139263294678599
True;0.00219914495581553;0.19895303612584156
True;0.0003508896748415457;0.3410381139727147
True;0.00035790838691545377;0.830587785910242
True;0.00033140793438907797;0.6103871736177913
True;0.0002750672248458386;0.841227892611849
True;0.0001418070649679183;0.8038581294551956
True;0.000353953052250787;0.8757922391753249
True;0.00010733853113564047;0.39178727006320213
True;2.4749903938979553e-05;0.5696074763938299
True;0.00022772652979890067;0.8055600522774066
True;2.340285480415666e-05;0.39368988602072796
True;0.0003540152206473802;0.931106614614932
True;0.051921857273682225;0.036651253839994055
True;0.0003777849830143781;0.46241541333540953
True;0.000407374096116768;0.47880668874618915
True;0.0003583150993355057;0.6827753457211336
True;0.00020929251792721807;0.5920185977168125
True;3.7739136912901595e-05;0.7670220458819427
True;0.00011082925982169466;0.8190262538000582
True;0.00017138029638328795;0.7887500130721316
True;0.0003224999177722223;0.7441174764818425
True;0.0002819613483265751;0.9698975810897142
True;0.0002277333006252142;0.4811075986809656
True;0.00021349721612994496;0.8770126102336403
True;0.0004090589428624906;0.7920976750971879
True;0.0002851838685529936;0.39918884422150663
True;0.0001531778911896082;0.6362701577467726
True;0.00034672494137498564;0.6611741640634443
True;0.00030865847971654265;0.8316993881763376
True;0.00011243386105239503;0.617134219476704
True;0.00040735076015964764;0.5902181543600283
True;0.0004119760869399629;0.8769197847564352
True;0.0001379280026576079;0.8361812193708942
True;0.0003328576985699129;0.641909996672722
True;0.00033081022032298974;0.7396060028777407
True;2.351886736542317e-05;0.7363060439952067
True;0.0001657202109063743;0.43628888660155835
True;0.00031832765264595185;0.5071544875360708
True;0.00023647202771125774;0.6410130832075275
True;0.00016803475879559603;0.824071275517613
True;0.00029982460561767387;0.6792586004520667
True;0.0003518969474021164;0.8845130747966587
True;0.00027786576227003607;0.5222911877641514
True;0.00023640638376552905;0.7970933010322865
True;0.00038707660189501005;0.5820306502621301
True;0.0002424884345729959;0.7138186045586693
True;0.00035811768526854663;0.9285612843175768
True;0.00024434401705899367;0.5078309319514324
True;0.0009250017926282829;0.23129145181148955
True;7.13406859311809e-05;0.6304717039263646
True;9.212073143360661e-05;0.34884090767993053
True;0.00022421540889325963;0.5954457320202223
True;3.3998207273479415e-05;0.7130262358190693
True;0.000284862232045383;0.8465777805790746
True;0.0002576383327810073;0.6930872448898431
True;0.026620277104706262;0.06591019959397759
True;0.0001105138739585901;0.7491723455082635
True;0.0002326241526813295;0.8409475833722643
True;0.01891322168006033;0.084099167078782
True;7.82746069625448e-05;0.8550852740015565
True;0.00017898667491723984;0.8662270531621381
True;0.00021178240874443054;0.36777188286848433
True;0.000412789417306638;0.39689094079905524
True;0.0003161221933604049;0.7963636955662174
True;0.00012589878063030006;0.6844419216453035
True;0.0003888827436021425;0.6944502357624478
True;0.00016455067207617378;0.8688865636067469
True;0.00017610409965618284;0.6565365546247077
True;0.000344762096906616;0.4786388346848468
True;2.241040863058072e-05;0.7342316668457143
True;0.006364365529644839;0.13805007828213872
True;0.00012894136907170978;0.8545597888108113
True;2.753577778714914e-05;0.6215441774370948
True;0.00031865294757242504;0.7884704604256708
True;8.762080230177546e-05;0.7295591684316581
True;0.00020741753690436252;0.4068352978452917
True;0.00018392551839592952;0.9434725333682545
True;1.558842647245753e-05;0.7947224504118472
True;0.00030388644680305344;0.9298256621154228
True;0.00025901513389856235;0.8985229125301646
True;0.0003622161522065381;0.4306254333938937
True;0.00027186618892631025;0.7323159980060754
True;5.9966138038002844e-05;0.6103979746712802
True;0.0002618283751049357;0.9195622896058387
True;0.00033923642900857837;0.7994476801027551
True;3.861165002025937e-05;0.6951461236647669
True;7.730923840593878e-05;0.5132896066848538
True;0.00034551183259884556;0.6344940181506225
True;0.0001145612561375036;0.5751567931662899
True;0.0001334917343056035;0.6174207590686402
True;0.0024006029088720327;0.19846445340702196
True;0.00030134623276914117;0.6281019692439654
True;0.0003052143242342682;0.7789468056297129
True;0.00040072515927636315;0.6090161820713322
True;0.020771445136643012;0.0799154517041009
True;0.00027992888032256884;0.6044223339268072
True;0.00027694933092039365;0.6086608756730467
True;0.0001537525920715856;0.656599083476332
True;8.392895816527232e-05;0.9443594831893077
True;0.022716643322724907;0.07508739650168168
True;0.00012792823745144265;0.3485381662315966
True;0.00033037985405301576;0.3602607931059325
True;0.00010658421282794248;0.6646329250453601
True;0.0007747722983839656;0.24961882062845456
True;0.0002718500459939652;0.9141441379811129
True;0.0003270157586727084;0.40409883997498053
True;0.00019454863959502729;0.5768546769328001
True;0.0001985148183868472;0.897928866729976
True;7.309428432116618e-05;0.7891738428752594
True;0.00026943742375757225;0.4286348478601364
True;0.0002872039795100913;0.8566071625615543
True;0.00027639854393928605;0.5518687741310642
True;0.00024343939625215533;0.39119936970343455
True;5.822880188474986e-05;0.7358323035380842
True;0.000405583083117289;0.9301658104865438
True;0.00026415429562939255;0.49860673866691163
True;0.0002978946866829081;0.5602134206208454
True;7.29113590027826e-05;0.38635469876918127
True;0.0002619682631387961;0.81780613102697
True;5.1491419722843096e-05;0.6671570520664172
True;1.6917359225503924e-06;0.7263849337493208
True;0.00024031740125356446;0.5711810092362728
True;0.0003716482691146133;0.5665174639582577
True;0.00021695267465196504;0.6944525318860185
True;1.6601739170947008e-05;0.5959942438733188
True;0.00036362846671553266;0.39608846720806024
True;0.00029495567679420034;0.40045772848795863
True;0.00023958507885966538;0.6452163545156142
True;0.00011646080003384239;0.9782140268235155
True;0.0001865276425982859;0.6169227781230753
True;0.0003395669701264669;0.5339280822493299
True;0.0001071946047138629;0.5031629638220656
True;9.760691286717641e-05;0.5480940927474991
True;0.00036650012039438903;0.6227608833361309
True;0.0002838054574245986;0.8542479588350154
True;3.1817121506743364e-05;0.4599465283584071
True;0.00035742682548602875;0.6329619107377402
True;0.000325646513591424;0.2966106877384286
True;0.00011523931120069499;0.5886569429841416
True;0.0002154849209156445;0.8851752482296115
True;0.0003039792208354276;0.9915695061445885
True;0.0004121576032657342;0.43353403556887615
True;0.00012978222950445645;0.7717079830477069
True;0.0003915284328636436;0.37670448594458117
True;0.00036266252271904576;0.4426796521942774
True;8.579986830266188e-05;0.44919738872875087
True;0.00033257675010755095;0.38057665652313594
True;0.0002495614801341067;0.6126141168039945
True;0.00029126322443715256;0.6091531099858116
True;8.460155483714368e-05;0.37980691158157776
True;0.00022245796703530032;0.7150078770974245
True;0.00019930370947061565;0.6174309222669606
True;0.0002554246055299872;0.7265676952126232
True;0.00034313030624167197;0.5079254805378856
True;0.0002718991141106919;0.3741902883245257
True;0.00031971185907245166;0.997348887045604
True;0.00018276793687540537;0.40924573266542025
True;0.001166042498179317;0.22098943501483145
True;0.0001763224634891106;0.6157375993944767
True;0.0003931826815385343;0.5328216691768225
True;0.0004126453488905836;0.549478560998624
True;0.00010392440869445837;0.6209562838015894
True;2.035055646199863e-05;0.6819991014021334
True;0.0003381778729136667;0.39163182015043174
True;0.0001659054040307307;0.621758271168402
True;0.0003911682750119629;0.8055737122664776
True;0.0002980207817565564;0.7111918701412875
True;0.0543702585070548;0.03539553907864781
True;0.00030434770788226193;0.37974125364800543
True;0.0002708099831297251;0.4853424761870005
True;5.0517480347446665e-05;0.5176411387095153
True;0.00015057836259684825;0.5920709073682742
True;0.00023691559524133813;0.5858933472389116
True;0.00024399781068585813;0.9301242697170277
True;0.00030945125027356194;0.6179135684203393
True;0.00012331707772558984;0.7715505466996793
True;0.0002573181561651903;0.4600317095118191
True;0.00017159293772915732;0.95554826299224
True;0.00019528657382136846;0.5218002486142951
True;0.00014084243933031135;0.6127033935333118
True;0.00014837879018777945;0.5592177480756725
True;0.00015424452708244203;0.5150752230059802
True;0.00011418694695505568;0.5176677868677102
True;8.174965985425154e-05;0.9697750022580374
True;5.437530342300879e-05;0.9875200413316173
True;0.00036583481688675745;0.7264664375574871
True;1.4850508168315311e-05;0.6421189016995968
True;0.00022218890587782073;0.7398571815939327
True;0.0004150101706504027;0.9344820381805973
True;0.00016723035164917558;0.4895613242757565
True;0.0002100162904571622;0.3907981127710929
True;0.0001363100500057964;0.6411985600715583
True;4.702976222393135e-05;0.8244617592344406
True;0.0003640432349378989;0.6951279603851673
True;0.00027309112883590694;0.816552850140304
True;7.567711611445335e-05;0.801866567805761
True;0.0003940083717979224;0.46952672530185263
True;4.036965069719514e-05;0.7579797846454768
True;0.0001952009447935923;0.7721676156103985
True;0.00036951335428786047;0.5080594948320812
True;0.0005149891736635978;0.2563950143425796
True;0.00019046230755293475;0.6304386349219308
True;0.023210068059899638;0.07162852121070913
True;9.315892112590174e-05;0.6700996265529942
True;0.0003350707471572767;0.37985275921959405
True;0.00031980780201955246;0.6212692862808566
True;8.995759048071721e-05;0.39158108209333586
True;0.01353757040294498;0.09878646428814711
True;0.00041687695782214175;0.6213848139318054
True;0.00020688785869100117;0.6185492867784064
True;0.012867180631020592;0.10136232439037099
True;0.00015048009903482164;0.8779725825011991
True;0.0003739793571306832;0.683768828561462
True;3.6050136142984023e-06;0.6735548613522906
True;0.0001850010764441476;0.3896565648146996
True;0.0004176764948218318;0.7136568630128111
True;3.327451243328527e-06;0.5361466719251953
True;0.00010200354782854923;0.6944744033641252
True;3.790713567606893e-05;0.4354794071729852
True;4.1633558774787426e-05;0.6569122961898375
True;0.00038921984648032973;0.6440441547060768
True;4.47974338803738e-05;0.38154499275761516
True;0.012074789519080436;0.10280389640839903
True;0.0001255986278889327;0.8541294447203381
True;0.00033446376062430373;0.9648916692403493
True;0.0003741138085115472;0.6899707991046696
True;0.00038232675021671476;0.6555376212542057
True;0.000393245697298783;0.35544192844943817
True;0.00028322533874552687;0.8272102460347576
True;0.00021411818702220064;0.7946175865413023
True;0.0003669665626675532;0.898824147348835
True;0.00010694099089456847;0.4475993665150527
True;0.0003341391860920489;0.7322139176423494
True;0.00038062686195686527;0.6700276409048249
True;5.3076827178839216e-05;0.5779374177535148
True;3.458756072768836e-05;0.6944705252003844
True;0.00038714330660236763;0.6951600926197844
True;0.0003050557243331586;0.47888985985207044
True;0.00024074146774581516;0.6346296877873071
True;9.06962608489637e-05;0.3588646902190035
True;0.000277777193223386;0.3620689778894687
True;0.002602744804655732;0.19380838779289392
True;0.0002190741122487886;0.6284095276087794
True;6.433831278022362e-05;0.6144579157629628
True;0.000231790643247048;0.6092216160399305
True;0.011856312243182664;0.10284673249653511
True;0.00027318953069878945;0.5795180253020396
True;0.00015672282833957552;0.5762177007661756
True;6.543994247237298e-05;0.49959385883420665
True;6.333531764270038e-05;0.8949777428122992
True;0.022707258837590626;0.07747906333721916
True;0.00033573640804328406;0.3489287035438992
True;0.00014141097312756078;0.44651543315015524
True;0.000381262881888944;0.9017833487955957
True;0.0003228149312374154;0.9159928442606193
True;0.00020617249812992063;0.37976009519407466
True;7.788869909181024e-05;0.4465075033062289
True;0.00020002181065446076;0.5414311948991934
True;0.0002484800455834903;0.4126748891649667
True;8.942587134283068e-05;0.590435552054437
True;1.0667504452348449e-05;0.6429757078874836
True;8.669107372546799e-05;0.5519212375049879
True;0.00036470887587998485;0.4304200024458488
True;5.304832153961414e-05;0.6689912622418269
True;0.00037564429931056327;0.9875719793789973
True;6.936988133463684e-05;0.5005482598648884
True;0.00038620097126843337;0.4047083988616542
True;0.00030139126110593524;0.4290441320704049
True;0.00015259220443428656;0.6820448376833048
True;0.0003467236012670318;0.3638304622987222
True;0.00015638811429410105;0.9513437184429561
True;0.00018541381178181125;0.350371704690282
True;0.0002860174675097381;0.7815350683918143
True;0.00011604769318331989;0.6208710819869236
True;0.0001636151383716534;0.4293044014575877
True;0.000290444476878439;0.5906866258150134
True;0.0002054214094638531;0.6150065048564952
True;0.00026921450268200625;0.8673624915917929
True;0.0001912271495562862;0.4699058486927095
True;0.0002701351550825372;0.6023225607485937
True;0.00013709934611847707;0.4316897782584403
True;4.2058373942724e-05;0.7738535093856094
True;0.00012983980963230865;0.40851594109331496
True;0.00030099927498276516;0.541988884422914
True;0.00017985577080503862;0.48025508662662436
True;0.00034829219763286303;0.6123728107737126
True;0.0003566499293708588;0.5885904091818364
True;4.485092190600538e-06;0.7153093438352675
True;4.0715103752457417e-05;0.4952330392750742
True;0.0004049162037174787;0.39681637972180167
True;5.6407675577862536e-05;0.8872572996607644
True;0.00036458931066673454;0.3766173476948247
True;0.00027617020886317394;0.4574547418756302
True;0.00012595044116909087;0.5175558701798066
True;0.0003945490215188397;0.6540438905054143
True;0.00013860364498461381;0.5886493253760805
True;6.273515604850896e-05;0.4368306095301347
True;0.00016103440451038691;0.7154067788729183
True;0.00014565833384371817;0.46818323807350415
True;0.00031130519327159805;0.7629378624116375
True;0.00011347297099040343;0.48730220000090674
True;0.0002324233888138603;0.8278602930531326
True;0.0001582823132225234;0.42914357203562414
True;0.0002794297350675194;0.3416688131956959
True;0.00030296187055572584;0.7504451294443908
True;0.000166147319971156;0.8703074551664248
True;0.0003114392805849735;0.693296086404075
True;0.0002190186787986391;0.6556628720324856
True;1.5711296659234297e-05;0.34151768202797905
True;0.00026463716884753304;0.686595575880886
True;0.00035009087265072545;0.6309383810652305
True;0.0001892421283380469;0.6575609999132371
True;0.058421020032659615;0.03240935027016096
True;0.00023299777489105324;0.6309814373970442
True;0.00039875582558463086;0.5989573822022943
True;5.338060102223966e-05;0.4469627119816181
True;0.0003499867338172441;0.6285551365271748
True;4.7681207878933624e-05;0.9386569378062231
True;0.00040050988856680624;0.4985513321401369
True;0.00014954378853930368;0.8310660187785387
True;8.85390142816483e-05;0.41787859060550125
True;0.0001380935412508584;0.9324237134499748
True;0.0002017517847700349;0.5600737764107964
True;0.0002487693053561566;0.616860194816751
True;0.00031680934702195185;0.8532097137550054
True;0.00025196182982103836;0.8884445891783828
True;0.0002455013613675406;0.8124394444113747
True;0.00041787282247063556;0.7165617917184328
True;0.00020413649322124444;0.583565810911625
True;0.00017331437882496593;0.5218666465355883
True;4.972478823340382e-05;0.4895538662189589
True;0.00022974558295395163;0.5834274797965967
True;0.00034954521141755137;0.5803893344233437
True;0.00020304857470462604;0.6551025370609364
True;0.00022149550137429318;0.612404749098897
True;0.00023492991682310277;0.48314858108697534
True;0.00033662203766612235;0.7889254409980763
True;0.0001837727976632529;0.6054824274557432
True;0.000160130665214742;0.8341508762528257
True;2.0593840671746088e-05;0.8776568207110547
True;0.0002738279298204579;0.44919064924764
True;0.003933914653074865;0.1665103785812139
True;0.00021179528612253783;0.5123600641296093
True;0.004330363184426735;0.15788985347093354
True;0.0003171338978529593;0.37900003565939755
True;0.00024918857610823464;0.5999356096516261
True;4.246137884791712e-05;0.7961935439195867
True;0.00021205991598385296;0.36646380012920166
True;0.008013364632608747;0.12576587729194202
True;0.00027510650310313403;0.7134541665734944
True;9.765815305637384e-05;0.8929978301473506
True;0.010888730237346315;0.1094257709433746
True;0.0002712190567931275;0.7750062199925818
True;2.9476007783184975e-05;0.6665267704888699
True;0.00028916826099426295;0.7362036654062578
True;0.00030966535071361086;0.4684430092928091
True;0.0001288704348923375;0.6952443370082311
True;0.0003753945030368888;0.7055598485515439
True;0.00016122949486513534;0.4130353831739733
True;0.000303977818603545;0.5430058999250378
True;5.332188511099813e-05;0.5176370266939933
True;2.707329314244194e-05;0.4426883151256111
True;0.00027628877463146696;0.33128956847849056
True;0.00041575892914573996;0.8582183639022641
True;0.0003815282946041972;0.4092080948436317
True;6.485340070329591e-05;0.452549833206516
True;0.00026203997936231986;0.6362432090899287
True;9.443995730499766e-05;0.6168471627543988
True;9.350785371190561e-05;0.8723373366608724
True;3.117685707747619e-06;0.5873334046796473
True;5.0266868654876446e-05;0.6158335649709775
True;5.0582124310962645e-05;0.6292030669691078
True;0.00021353661300226034;0.3988358724581228
True;0.00040237780228577285;0.8592032152509195
True;2.0399065461343576e-05;0.7247172980734086
True;0.0002295324125779775;0.4387787046502178
True;0.0003084102640388336;0.6543732677820465
True;0.0001598478192792815;0.5147421587882773
True;0.0003701431255475233;0.6203073119404574
True;0.00032839734968525473;0.4326096469427052
True;0.0001752923981428158;0.6171428601973094
True;0.003712373141160788;0.17163666687776832
True;9.253915753382618e-05;0.8483090874461787
True;7.63468000908233e-05;0.8359361587156732
True;0.00027461199721453633;0.37330961925913897
True;0.008979643442933566;0.11866277931230378
True;0.00040569777569156784;0.5582064662875265
True;0.00026974285551792935;0.7200116548252339
True;0.00028858638077254475;0.7348264387590158
True;0.00016082470306468872;0.3242057021695544
True;0.00037601883412955806;0.4987427790795849
True;2.210616551204302e-05;0.4916800301279169
True;0.0001536485442482509;0.662098509793121
True;0.00030610483930143897;0.5033633199153696
True;0.00017596267219355602;0.6327010956303822
True;5.98877627100519e-05;0.8985632754322399
True;4.9435923544662516e-05;0.4072266620304243
True;8.287912106110185e-05;0.6758653042201431
True;0.00021785521824351992;0.6429687182872981
True;0.00026366763996108107;0.5750174436939961
True;4.7942671775503046e-05;0.5571507784186609
True;0.00028273148269240535;0.8363745355971851
True;8.424915966990814e-05;0.8758026022471466
True;0.00039834627433144303;0.5701441178510211
True;0.00011894786660612802;0.3639441444971582
True;0.00014134102811496276;0.6621120695983175
True;8.490734828068242e-05;0.8467505575121499
True;0.0003438515459757527;0.6943566051994483
True;0.00028968850630209;0.5221536441348793
True;3.279264810126293e-05;0.3603357589734598
True;0.0003566197737785059;0.8528348616566175
True;7.372265988694066e-05;0.48586996572524366
True;0.0004076487693971882;0.8607743029904011
True;0.0001705969016006221;0.9407583053482446
True;0.0004121485017049434;0.8080651736992945
True;7.184754444410451e-05;0.6589439044080067
True;0.00016711111151887137;0.7530113586536452
True;0.0002473167833254731;0.6755643714157911
True;0.00039947581830363405;0.852428884992649
True;0.00026295110276313165;0.5138487099746185
True;0.0001760627657797885;0.7334848779443645
True;8.106748749335475e-05;0.7253754753427374
True;6.130585671140269e-05;0.49862749016103214
True;0.00017285798330070467;0.8335438871282584
True;0.00015651988545901835;0.4839277688863056
True;0.00015498575193526596;0.4599260950352048
True;0.00033422452226028183;0.5416670959531263
True;8.633916506723205e-05;0.529353758054181
True;0.00027812941741308186;0.8188092138403211
True;0.0001288527295534623;0.7123634491909133
True;0.00023162618676907077;0.5177287788896647
True;0.00037072394096896675;0.8136213425312426
True;1.799930850190495e-05;0.49253814731186574
True;0.00015201433927489305;0.5222929466512636
True;4.471586997582161e-05;0.6371720397336491
True;6.470453211876909e-06;0.3785410533348612
True;0.00012801347090504782;0.6999266684678158
True;0.000384272391629286;0.8874512029462425
True;0.0002648722778279966;0.8315492173953136
True;2.6781920520770865e-05;0.3984845615273588
True;5.401693606917992e-05;0.693432098679273
True;1.2077533322380075e-05;0.9694506228729926
True;0.000134742365323014;0.4264508606416514
True;0.00014399814067484815;0.368525004544236
True;0.0002996816205475663;0.9592361969243042
True;0.013672551064405673;0.09632774855105486
True;0.0001756648601602277;0.5172158160311088
True;0.00040227739410764245;0.8244184996313825
True;8.079779984126914e-05;0.4156679528524546
True;6.974336656507956e-05;0.7689254703357792
True;0.000261228907735116;0.966998979562423
True;0.00028775656388841227;0.719661148173097
True;8.457510337421973e-05;0.8465912547530052
True;0.00037284266715674296;0.35137364972129126
True;0.0003476227147746143;0.75858653481827
True;0.00013766524398743998;0.5274552031081803
True;3.163489703545356e-05;0.5699578491402956
True;0.00014623445202105096;0.75141176194234
True;8.72158884631073e-05;0.9952485736584528
True;7.251393247748649e-05;0.8135553670304749
True;7.130173598401353e-05;0.43965969919648173
True;0.00012956360590599282;0.8177472431103546
True;2.8117384196715483e-05;0.5013873859399672
True;0.0003252330080116034;0.3860995810342279
True;0.00015669364352981956;0.4184382812122918
True;0.00023341939802416786;0.6544357191725944
True;0.00037798241872409946;0.9777066381682769
True;3.215693793095438e-05;0.9338017417378613
True;5.712880374201865e-05;0.5903012787530239
True;0.00031738653709899106;0.9315044674277789
True;0.00018957740041660343;0.4445028755297665
True;0.011452860264503992;0.1053935354764898
True;0.0004165691303608462;0.3718290518437894
True;0.0029103145103701465;0.19008737862396807
True;0.00038628052427028075;0.4895943198493745
True;0.00031180594425690906;0.7588887611076037
True;0.00018477898879106858;0.4125539978081389
True;0.0009113600303228979;0.23074183517590985
True;3.591155077509851e-05;0.48225751715861065
True;3.453502383401342e-06;0.861682429491365
True;0.032719046213761316;0.05610556138493226
True;3.967932747385475e-05;0.5996275641570474
True;0.00010885336023516521;0.6885959863300594
True;3.925415760102283e-05;0.43252711303124397
True;0.00016467017487239397;0.5281234089612368
True;0.00036050591896154836;0.7565287357882658
True;0.00018474240717627192;0.9808087196098857
True;1.8262308281760084e-05;0.637189675148391
True;0.0002845157680395993;0.3854715725749163
True;0.0002659286605784243;0.4356744928296929
True;0.0002818652196040243;0.44255999636116805
True;0.012098600030476846;0.10293911750029483
True;0.0002548186399678021;0.8587349575156998
True;0.0002645168753587698;0.46408330435166384
True;0.00030691839667721136;0.8482412131204827
True;0.0002720419606714194;0.7836466457144073
True;0.0004062338354726798;0.616934976435234
True;0.00014177762757030705;0.9042713450053945
True;0.00035637800660276534;0.476162037719259
True;0.00014229282186142573;0.416939506359316
True;0.00036050496943188036;0.6204808818908335
True;2.150285075458709e-05;0.40099344219828537
True;4.807249493931008e-05;0.889984378168584
True;0.00013121937943198674;0.5990995859632736
True;5.270860237007705e-05;0.6392015630377829
True;0.00028282547154555906;0.6519468188957631
True;0.00020616948924055082;0.5932174794154078
True;0.00034616090715065465;0.48906554094605614
True;0.00020623837518005456;0.5054460316384181
True;0.0002954319904336708;0.7260977726198845
True;0.021123865227137453;0.07973554946668443
True;0.0004135990605106517;0.42085879825234024
True;0.00013276867371361266;0.617885514765537
True;0.006960241215589763;0.13449973173531662
True;0.00015148520474801726;0.4185611928619849
True;4.622180053025144e-05;0.6965827267807446
True;0.0001757977133707908;0.597862372694626
True;0.0004153204363207163;0.3241901622945751
True;0.0001893471110685382;0.3919364750520114
True;0.00023891955077389145;0.8409505999615484
True;0.0003913185842297892;0.3647352919715927
True;0.00041490298203109824;0.5376370426934385
True;0.00021683703082420077;0.37196315410571024
True;0.00021532920827809767;0.5507520359577641
True;8.920890675771682e-05;0.6428702318283308
True;3.733192370548847e-05;0.5752224523718874
True;0.00040044364544798857;0.6536228001797121
True;0.00024193312108561165;0.7672698054637653
True;4.278378231691394e-06;0.6010060210568816
True;0.00034362476575758446;0.5175929119242234
True;0.0003021981685599723;0.41544713909584513
True;1.8974319592859618e-05;0.5751338900696157
True;0.00010696046727607969;0.9101900294007392
True;0.00029334995910058664;0.683972854091983
True;0.00012090385455847497;0.3581398611125242
True;0.00029351430420487324;0.3679750866665422
True;0.00040465676028646213;0.742833632550004
True;0.0003142588894025871;0.4624850767512315
True;0.00015037134469655575;0.9402393405515976
True;0.0001625489921804166;0.8294963312857313
True;0.00021962604725272037;0.5080112755403995
True;0.000289356785678572;0.6137778433134995
True;0.00017441263635365115;0.3813373035140312
True;8.16387259511228e-05;0.504470418993922
True;0.00013035169619251874;0.8105267188948634
True;0.0003248915430539586;0.7350141603190644
True;5.988670371507164e-05;0.5569766766665071
True;0.0004109475170632937;0.49210822314825775
True;0.0001605622158447013;0.9310468255286154
True;0.0002686279014223256;0.4597885651976541
True;3.16050361388931e-05;0.6205587893999882
True;0.000285910988150225;0.5293755139275489
True;0.00011000961727389961;0.5548852137292742
True;0.000378407671324334;0.8693614170045809
True;8.0882253934919e-05;0.6615493228361207
True;0.0004078818397503402;0.4045216020781265
True;2.8184327920384633e-05;0.35621190242092304
True;0.00020786795116935151;0.5766092440319691
True;5.7428913414076336e-05;0.37122362384933766
True;0.0002233477131349356;0.9641716667234185
True;0.00015125971757253015;0.39405907882940555
True;0.0002500616358607057;0.8312631176279968
True;0.00032129454091359014;0.41615161191875444
True;0.0001746657425942326;0.47079649279070446
True;0.00020150804776255371;0.5033764520012272
True;0.00030917854495951085;0.4833457663932677
True;1.7773464134747658e-05;0.7528204111060797
True;4.869521230150669e-05;0.8311609519823288
True;0.023333106658480277;0.0710396512045746
True;0.00027406118532200105;0.3855359151784464
True;0.00010265618364943781;0.630833969250179
True;0.0003443146709852302;0.5173608913876773
True;0.00030951926563028764;0.8924120075837156
True;0.0001320672040210183;0.44448041329049587
True;0.0003185837800802826;0.6203311017210047
True;0.00022600563601028796;0.7586354476770517
True;0.00033042661341206565;0.5926094925293498
True;0.00014290121175385427;0.4839133040413616
True;0.00038170654257736216;0.8824999788852469
True;0.00017605650069206307;0.6206753340738412
True;0.0002459765751880234;0.7151074412799201
True;0.00010429313106566352;0.8745552137724343
True;0.0002779926370858583;0.7302400920202072
True;0.00017685135700451168;0.5029437561445165
True;0.00019962572387858434;0.5508700550716967
True;0.00017930511100188758;0.6687271115336887
True;0.00010465628232568934;0.9778350002166694
True;0.00010226530154349095;0.9131853587817973
True;0.0004026252589993566;0.6932614643284408
True;0.00028223137008749;0.7468073123538822
True;0.01827211996041329;0.08605906765212848
True;0.00016854846156342921;0.5702113163586254
True;0.0003143377224701896;0.2742572947825833
True;0.00023937656537299697;0.6369641673382236
True;0.00012283868318389144;0.9028841558653068
True;0.0026485850471119213;0.1888679732579949
True;0.0003393255025962517;0.43571600939815835
True;0.00021046201512408638;0.5601441485336262
True;0.0212853828472511;0.08010913455376203
True;0.00027372535455864584;0.8536944388329964
True;0.00026954111463284373;0.7749047013344734
True;0.00012715590263483417;0.7052554745711168
True;0.00013650675656968643;0.3973560206151432
True;6.39759818853536e-05;0.6221135875846137
True;6.961963191645156e-05;0.8673152245079976
True;0.000325384316892775;0.7961433508112334
True;9.160033062607284e-05;0.5613600112674701
True;0.00041160721643547786;0.7121261492957686
True;7.192589378972532e-05;0.3826561718321483
True;0.00019880578391023274;0.8215680353938142
True;0.00014833044571109096;0.5384763106724355
True;0.0003589763575251233;0.8474295022623176
True;0.0003646935390511588;0.5522978232875426
True;0.00017889766504129451;0.8988494773507094
True;0.00010500635173330919;0.5995352972138737
True;0.00030909200369877513;0.4893835025817931
True;9.811502561243285e-05;0.5990107553031662
True;6.385528348061735e-05;0.6361034648742419
True;0.00017160222538949922;0.7198261866252967
True;0.00016369772145636367;0.5933178418972674
True;0.00027884798427991217;0.7137837907814742
True;0.0001641174101344988;0.5048150330112845
True;0.000313747854408823;0.27440488989520484
True;0.00041483230577356886;0.3511665605652106
True;0.00027159811174387865;0.7125802777815036
True;0.006989266952102844;0.13213195510909734
True;6.146382836555526e-05;0.7077603855518431
True;0.00038547922104792604;0.8658297853805916
True;8.863827739142316e-05;0.44720921091922233
True;0.00013608216953543884;0.9016001466951223
True;0.00017833046372753847;0.7722585559474303
True;0.00028134951265785206;0.5080170835073389
True;0.00023701638764566367;0.8303463386522588
True;9.121179526798922e-05;0.7207333167439695
True;1.066942442474612e-05;0.6130948894621171
True;0.0003698190446123984;0.5654414562842438
True;0.000344897343990309;0.6205262773864407
True;0.0002787817753704109;0.4489053242948003
True;0.00010479448784972942;0.6053506874912465
True;0.0003904900563979617;0.9131119174162572
True;4.6786386422001855e-05;0.6006303554109463
True;0.0002116528035955477;0.5247384546019469
True;0.00010899677381355194;0.3919058415137604
True;0.00022716176977979213;0.4428011620736897
True;0.00011624338684725373;0.41067181173094586
True;0.00014197498847012967;0.7431560946364028
True;0.00040045125876898944;0.4473860896993565
True;0.00010346193743906122;0.3897356643709529
True;0.0001859888714456512;0.8649665310309503
True;0.00021282550859446983;0.6692857749584985
True;1.4758159504115684e-05;0.7359294604169788
True;0.00028048053955672666;0.414014187297087
True;0.00014914780667302279;0.5044252991268382
True;0.00011151382446339124;0.8108773694081969
True;2.552349072192759e-05;0.6288409723957505
True;0.0003024856139885454;0.5403901402712664
True;1.5102556700048895e-05;0.4785526250706718
True;0.00040529784657856923;0.49216316647257163
True;0.00032601569278076096;0.6205571286857006
True;3.452827959223765e-05;0.5550448796784706
True;0.00013628762677736196;0.6500058565771569
True;4.4559996409805425e-05;0.5429034099698173
True;0.0003399817614663748;0.7675641773858115
True;1.0411035855119933e-05;0.6822807348216972
True;9.05129506950977e-05;0.4183486131412497
True;0.00034259146168815597;0.741260904068984
True;0.0002510830374958263;0.35774934660231517
True;0.0002882107839286701;0.46825315242163823
True;0.00038152741052005913;0.6108521385992514
True;0.0003040234294627465;0.9014180263530782
True;0.0003927893526416067;0.3462796386011175
True;0.00035099964150511016;0.379530081958261
True;0.08662131678956635;0.01656515580140364
True;0.00018608653023228743;0.5515923708854398
True;0.00024095515882413372;0.568609548916143
True;0.0002470758211015797;0.504031669136943
True;8.219619722782698e-05;0.48250355575640325
True;0.00031697696924419625;0.5938188291881707
True;0.00010203276780853655;0.660228440817126
True;0.00022825675059653922;0.5651830011912332
True;4.483344352581948e-05;0.9399530943381575
True;0.00015466792571729225;0.7659518954879231
True;0.0001606401557735286;0.8946886796672241
True;0.0002717640064829505;0.5273889349360238
True;0.000227432463750316;0.5009554085558393
True;0.00040687352678985575;0.6434675492170452
True;0.00023883669174910635;0.6687568795684339
True;0.00032190062308121723;0.6171677308565714
True;0.0001882656215136882;0.6820598367151686
True;0.00015360999896911479;0.3199066367987317
True;0.0001589567369209591;0.5372928853553525
True;0.019133268599519273;0.08429870739531985
True;0.0003068349567731402;0.7238891849876281
True;0.00032193199031581326;0.43275347884383447
True;0.018737227282254527;0.08544846212872309
True;0.0003972309588857163;0.5794300839714448
True;0.0001895902624586793;0.6414905592914572
True;0.00017733110259654516;0.9406885836064547
True;0.00031282230325006084;0.8550953989649355
True;0.00034378979929511946;0.6818308416372861
True;2.7368072124949777e-05;0.6939710924531238
True;5.6560413640856804e-05;0.7671435807856248
True;5.583278328118468e-05;0.6533634418820241
True;0.0003259930025900734;0.7969418602640272
True;0.0003023787369087504;0.5723788935388914
True;0.0003365945937591144;0.6122062406462471
True;0.0002856342321832036;0.42084299980778594
True;0.0002047675685060193;0.8991761047797273
True;0.0003806464440635355;0.4375871408825058
True;9.21183242802184e-05;0.4678900388049644
True;0.00028348106422556885;0.39396483238265717
True;0.0003777152348266366;0.637135089779027
True;0.00028239038964854887;0.9472594352342962
True;0.0003763668533487694;0.6452542745803762
True;0.00018994140027874952;0.7140821968039759
True;4.034905743461561e-05;0.7154616681036702
True;3.6500240172178725e-06;0.7124444982982958
True;0.006392082556811152;0.13746576394174573
True;0.0003193768465702209;0.7394590918235581
True;0.0003231382697465461;0.6397470532282085
True;0.0002098380378031924;0.3961041642379698
True;0.00040341790093338035;0.40724935740976004
True;0.0003543292140523796;0.5148773865476759
True;0.00010075682928118868;0.8944976407221901
True;0.00023567092310143866;0.6826163931103334
True;0.00030577608065642274;0.6823503043494756
True;8.143700464566502e-05;0.5797125970103305
True;0.000231592539380957;0.3682810161621353
True;0.00011011073576095744;0.4489271159178404
True;0.00010988735548297787;0.7830904183110928
True;0.00010192013295782021;0.6612335806777674
True;0.0003532830573157952;0.6536008015394033
True;0.00011040409195710573;0.6054988010116078
True;0.0003027614251073754;0.7410491141541033
True;1.3478968305157187e-05;0.4531563346963608
True;0.0003636004743847397;0.3597324333630559
True;0.00032508516430842035;0.4893036521815239
True;0.0002837680415781649;0.41580965087454713
True;0.0002184544026742737;0.39372366754570254
True;0.00029935817891158287;0.5223086063944888
True;0.000377423259349791;0.8259392205019055
True;0.00028129460886120193;0.4637646299410708
True;0.00041332954071714493;0.6334606890353419
True;0.00011831612868020199;0.6222642510586014
True;0.0003456034642372755;0.779764988140035
True;6.830844170287043e-05;0.9558190830537662
True;7.784256055306396e-05;0.517382325461242
True;1.108123601207554e-05;0.7042672878681926
True;0.0002773728782220468;0.36616839108937327
True;0.00034058606161679287;0.7673231152393933
True;0.0002665772308899631;0.6822497518050678
True;8.347012284769484e-05;0.41866861588770515
True;0.00033026642815346056;0.7796417700611213
True;1.638008024831186e-05;0.3796659062200296
True;0.00034420133927764594;0.5311693585715883
True;6.396630082822688e-05;0.4571764526396284
True;4.274555507966123e-05;0.4042105524829817
True;0.00030396575004029843;0.37809110423489783
True;7.758521079319893e-06;0.6201453267620766
True;0.05445017631720375;0.03539757992217547
True;2.4575130501645248e-05;0.5515385214246478
True;0.0004078461424376812;0.4597003786327868
True;0.00032904970225145755;0.39095232606103586
True;5.846838892232112e-07;0.4823407777365075
True;0.0003047203093117955;0.6127365284396067
True;0.0001268794106643755;0.5908790032118942
True;4.097601612738792e-05;0.8200209801548369
True;0.0003483174847873263;0.6138763923709999
True;4.944887535520346e-05;0.830614541810747
True;0.000133121519733987;0.9199161605539052
True;0.00028938511393131265;0.8362087944955315
True;4.7760933066714276e-05;0.59923525474051
True;0.00036620314153939354;0.6346881354030056
True;0.0009632392849502659;0.2045233285067033
True;4.1682903087887246e-05;0.3917320490500582
True;0.008022239381512157;0.1286068345628499
True;0.00036903631956258586;0.6635796991662394
True;0.00039302190302448013;0.610217095697918
True;0.0003311873752077303;0.605459748679898
True;0.00040310800031629577;0.917864967075634
True;0.00035753998421264116;0.59894908072362
True;0.00012447125942313144;0.8188263710213397
True;0.00012246560995196303;0.9677526458800303
True;0.0003956267623883822;0.7962605730720779
True;0.0004138643259985059;0.6393425009316581
True;0.00038718888890671083;0.41564181783119175
True;0.00034776807703857575;0.5219782746815981
True;3.842333053828601e-05;0.7551876521913226
True;0.00024477387413058594;0.6155684845144892
True;7.844610464558691e-05;0.4841857919779825
True;0.0001301930588140559;0.5139825766710627
True;5.149471556234704e-05;0.6422951477015254
True;0.0003623815122513316;0.9470116593507674
True;0.0001467719186452205;0.4955817142731873
True;0.0003839470166382511;0.38890627329897953
True;0.009135660159863904;0.11625008215360019
True;0.00011845534687699837;0.46582573933766097
True;0.0002766050494268149;0.420163689828633
True;0.0003675381488417779;0.9048445231166474
True;8.171852070640705e-05;0.6146615595832479
True;0.00019775150231940092;0.8945140024903235
True;7.087110165048731e-05;0.9325811242647888
True;0.00029631132915647893;0.7749175285236903
True;9.789896170934074e-06;0.3958272394251151
True;0.00025496832793267234;0.4164567226671996
True;0.00031093210297975356;0.5374261543135257
True;0.00024742171234819573;0.5908572658816296
True;0.00019298389418035208;0.6537820384595064
True;0.000301697416560511;0.4615604337736651
True;0.00021217451886400434;0.48240316509825304
True;1.2695389225554884e-05;0.43929480313490077
True;0.0003693330543824956;0.42525854057496126
True;0.0002528478653736755;0.864992721108612
True;8.540198137188164e-05;0.8246855122714227
True;0.0002483453817512694;0.806074961273008
True;5.779912519322744e-05;0.46379281809550615
True;0.0002474497834700348;0.7961434599676521
True;0.0001330584159587584;0.7820923732228678
True;0.00037013656828651775;0.50409136468905
True;0.0002343743155709838;0.7040604610968312
True;0.00036573314626988447;0.45074409919831226
True;0.00038294495151519907;0.7674773958836715
True;0.00022921037356220974;0.9955319476694047
True;0.00013395982174141838;0.5454501284810754
True;4.090823485186841e-05;0.678775616784792
True;0.0002862619771972624;0.7981252180409157
True;0.00040196356451665437;0.6998276442865595
True;0.0009845952436393491;0.21058149868064202
True;0.00023469582550747159;0.5514042825356303
True;2.3759505485632726e-05;0.5999529345133541
True;0.000359480776702116;0.4622774673303426
True;0.0003066201396993211;0.5912170171489131
True;1.232411305093653e-05;0.8585515913145878
True;0.00013185412095415133;0.7222482431592505
True;3.753015824640128e-05;0.7261879737887479
True;0.0004153463454688363;0.699892422588902
True;0.0001858457002183975;0.37434716715957733
True;0.00016363213570415216;0.7711910579095835
True;0.0003930761312748781;0.727795926353255
True;0.00016175629937896174;0.3400611874033355
True;0.00011523945887937344;0.8542736839901877
True;0.016245606280219222;0.08798984787255547
True;0.00036334307193008333;0.6635126416744724
True;0.0002666005948972255;0.9503550021522529
True;1.1421688484772572e-06;0.5288849422866126
True;5.623872614925228e-05;0.6824195209941671
True;9.445587469205342e-05;0.6901770559624939
True;3.5107870590935396e-05;0.48531033052707817
True;0.0002958121601186459;0.6173488946515188
True;8.903369209003955e-05;0.8308058513936021
True;7.114496490879652e-05;0.5500972238648894
True;0.00011603714596473338;0.46241966165012577
True;0.00038137172035499774;0.5256251890673296
True;0.00031992525951563753;0.55897534984768
True;6.980431797581892e-05;0.7387811905214902
True;1.5253632329673765e-05;0.6372220091310637
True;0.0001910314022044532;0.5160352463787584
True;5.767543163761381e-05;0.3213640564048046
True;0.0003364356221835699;0.6186951062724776
True;0.00033028498709482604;0.4614098457409251
True;0.000392782992908826;0.5390728841926956
True;0.0003206211245162396;0.5176766198171272
True;0.00038015869397397677;0.7750955470604816
True;0.00036952471364726946;0.6758527734598314
True;2.4427015930322865e-05;0.5309294676021729
True;4.5785043726646533e-05;0.6452222552436502
True;0.0003104246838102432;0.779407660253471
True;0.00013743066471552377;0.6206020305385304
True;8.166025958491295e-05;0.4104802478389636
True;0.00018101902879153102;0.5188884454809469
True;0.00036399633788011267;0.45261365741526605
True;0.00032723445236176266;0.9953706946995049
True;6.3495895746688e-05;0.8943831315920474
True;0.00018315684296343516;0.5069089207926796
True;6.526822187204935e-05;0.8727402740735277
True;2.001006924178977e-05;0.6485880377608483
True;0.00032637789011735237;0.4506249367384913
True;0.00017353882426749347;0.39789538399722973
True;0.0003379901152824838;0.9340708494405541
True;0.0002215638778511166;0.5753510376518584
True;0.00035374588836236835;0.3555367965014604
True;0.00040478265927124265;0.5512585871427805
True;4.0601417864971046e-05;0.4166708643787118
True;1.499420608661885e-05;0.3907931263018247
True;4.279807605297229e-05;0.6781136653210984
True;0.0003933194420438253;0.7226088673051322
True;7.634792717562247e-05;0.8135153570924503
True;0.0003730102769006548;0.6998068211536095
True;2.6812598684461184e-05;0.7514809813731008
True;0.000333267097154267;0.7962039887890642
True;0.00020777248751327023;0.644605852285145
True;0.0002119564921683461;0.3583494527202273
True;0.0004154749344696251;0.3081029847244487
True;0.000239166276067849;0.6381560829916352
True;0.00023686162469603;0.6825079260599125
True;0.00011602849024012898;0.6439007756490037
True;0.0002724491078173247;0.6118535547995697
True;0.00012653078006236244;0.35831399449529516
True;0.000255965998311136;0.5379245715024172
True;7.723292534430283e-05;0.6313229713122926
True;0.00016183877543035188;0.8330769139607818
True;8.57261182938451e-05;0.766310856149281
True;0.00026936256346760893;0.6522424678516332
True;0.0002561755442987587;0.5885155089730165
True;8.945035756094691e-05;0.7356803758386831
True;6.836667398268626e-05;0.5687013570026923
True;8.399846928110499e-05;0.43169029111363816
True;0.00010648378523554705;0.8579505309413075
True;0.00019464544037882059;0.8252939064345206
True;0.00015986478406183546;0.9323652060888458
True;0.0003407026667158926;0.5027362926566096
True;0.00025597627796308743;0.43339829970135446
True;0.00019668027055187102;0.8306388471568599
True;4.1616342233445436e-05;0.5171682051996619
True;0.00016605009746576695;0.43929448597268256
True;5.4718354167407485e-05;0.8945597453498741
True;4.727369579904801e-07;0.8299917433556915
True;0.00013702306966627585;0.46796564094907417
True;0.00035843460178967124;0.6590939430455877
True;0.0002510691808547708;0.4160788626612506
True;8.289223020763604e-05;0.3947072524324639
True;0.00014214963912109583;0.8137627454084841
True;0.000373241117390118;0.9498671777217448
True;6.346488074446392e-05;0.3708316151245568
True;0.00030893149901247433;0.37428638746523385
True;0.00023459320551195525;0.47765514778110796
True;4.1603364673691026e-05;0.4641875498248979
True;0.00011440554037421038;0.7300849958266428
True;8.887073364480179e-05;0.46994578204867693
True;0.00032866585788566296;0.3797733610997348
True;0.00013970349614890614;0.9941331084204083
True;0.00012422939342350905;0.7354949709531619
True;0.00021093915377430408;0.6388907693818275
True;0.00011330306064404389;0.8116435050710739
True;3.202239373133772e-05;0.6939886134161145
True;0.0002793462227140485;0.42110155325753973
True;0.00023578464905523307;0.51710165414476
True;0.00035924062776382425;0.6224107823463344
True;0.00013955699111989963;0.400079355003086
True;0.00013733731035363596;0.8308453084727152
True;0.00038731280337771646;0.6521360123545521
True;0.000229278357295028;0.4434832812814899
True;5.6550167547054876e-05;0.7356469740027199
True;0.00029120090036135365;0.5910795261003666
True;0.00025259103286307916;0.5599712375492728
True;9.98706761880253e-05;0.6381233275374809
True;1.1981998988996507e-05;0.4657301349580263
True;0.00027622490041857113;0.6903296937261225
True;8.717925064223434e-05;0.5157668028790912
True;0.00026840954138661354;0.44062750037006104
True;2.5804607012768628e-05;0.9878413987085439
True;6.875591069126486e-05;0.5038146118462581
True;0.0002639705717788441;0.553969929004444
True;1.549334282984436e-05;0.7431584863478808
True;7.635108218515349e-05;0.8874714057892186
True;0.00017594782042605576;0.5294362193222761
True;0.0003055593609000151;0.6927826510345604
True;0.0003731542563520354;0.4943274025822356
True;7.497912021116905e-05;0.6017891657505556
True;0.0004178146570337882;0.7660375736052332
True;0.0004177078309846835;0.9501918082831161
True;0.00039484793296738947;0.47864644130205314
True;0.0003570349437344777;0.7566799936132167
True;0.0002969974354360346;0.57954108392582
True;0.0001939816596401833;0.41867919298768397
True;0.00040608747933983786;0.5794248672495901
True;0.000411342424311132;0.5512921239744386
True;4.231611618253384e-05;0.6132088607173196
True;0.000204040039612843;0.8364944249566745
True;0.00018690801546036176;0.592796693595466
True;0.00011515698403636481;0.9001144516042449
True;5.4296896151365046e-05;0.6939880522594479
True;0.0002402721354406081;0.40707075478413157
True;7.031287723043495e-05;0.4319341889761257
True;0.00010219970449386506;0.6608903145678527
True;0.0001314466942173076;0.42544728447097974
True;4.60636466632188e-05;0.8312167526510224
True;0.0003202755507950741;0.8593924155773731
True;0.0001889188030282125;0.6276429037281883
True;4.5647990825086886e-05;0.9017182994336139
True;0.00012807866340105818;0.5513342072372898
True;1.304805666370822e-06;0.6950015874567368
True;0.00022195077602933915;0.6185526822388973
True;0.00038413519767834545;0.7830781606253525
True;8.823680109305406e-05;0.807835686707556
True;0.00023743771913494098;0.48938660001740003
True;0.00013314147816114296;0.9159276043998428
True;0.0001721180392514521;0.7739457113447158
True;0.000393600297004936;0.4785711482123261
True;0.0003662271461868707;0.3578199613566951
True;0.00011633011436400269;0.8744024530268828
True;7.808587609840046e-05;0.7716190968389846
True;0.00020846008904721358;0.3800469951988572
True;9.675920278820717e-06;0.9197755020051904
True;0.00034470135247191536;0.7169881034213502
True;8.111111762159126e-05;0.39386495377286723
True;0.0003003918296676184;0.5192881404264811
True;0.00037547444825603243;0.5511917267691173
True;0.0001411097810279427;0.3684348234719851
True;0.0002159461542746119;0.5600815297604217
True;0.0003858827189955156;0.9463664948763552
True;0.0001371393044330971;0.6054574780460507
True;0.000273825936977089;0.43600350309797176
True;0.000296560536476952;0.8016979458552965
True;0.00018498166982872623;0.656514085123432
True;0.00018961645460201698;0.6265527595139772
True;4.583261004993559e-05;0.4436264262012739
True;0.0003416173548475396;0.638349785326295
True;0.00026754935324831977;0.6138765075548628
True;0.00024850646454620387;0.8655293017000398
True;4.6714228308920455e-05;0.6103809243714017
True;5.0542332868745044e-05;0.5957015164641822
True;0.00018424939506775086;0.8261458854801652
True;0.00011294770824401266;0.3996756721460959
True;3.92866141111535e-05;0.5603418068592259
True;0.00017779343370351425;0.4388315323492054
True;0.00019214019043996186;0.7717655514755704
True;3.638198775229901e-05;0.43257370994017946
True;1.2302368903086791e-05;0.5253756212182921
True;0.00018452220849548052;0.7066271526562782
True;0.0004070517726088336;0.3843527846468603
True;7.338528156141693e-05;0.9205589038557812
True;0.00031186537175379245;0.4764942046871052
True;0.00011887830812220925;0.714776564526138
True;0.00019921644305952155;0.5174160037496335
True;0.00022753810300720525;0.4262235071140896
True;9.018564575737233e-05;0.7112072121980626
True;0.0002425644489407899;0.6785739117379658
True;0.00013047638141793465;0.47237347425374765
True;9.473674730871859e-05;0.48427938870994136
True;0.00039971414356486195;0.7140851394316247
True;0.00017164798134838133;0.4837114175428507
True;0.00027728326326618047;0.44887226717160317
True;0.00019839788460978828;0.6227979693585406
True;0.00011636039412612669;0.6761701858103706
True;0.0003931610252973593;0.6213214395135848
True;0.00018802478966561652;0.4262612059895522
True;0.00014735893620970735;0.9638735091033359
True;0.00017230641529878757;0.4635200247533549
True;9.642281787279438e-05;0.4569813712670232
True;0.0003605649057452281;0.8650650629291736
True;0.0003440759115975955;0.44858881423566876
True;0.0003676199912121506;0.6425636247165125
True;0.0002889656165068655;0.47173411290010947
True;0.00032154562684872794;0.6126800274114532
True;0.0003316774481378551;0.7767370807380845
True;0.00011781426554448517;0.46803511057590036
True;0.0004040845511784112;0.5318171552252718
True;2.3590551559145822e-05;0.7503452949624595
True;0.00031800830732166263;0.40658325908209697
True;0.00039809623066926496;0.6814897065638246
True;0.0003895167323937588;0.5219740574155382
True;0.00039170058678942654;0.8058061140814625
True;0.00036826287710528646;0.7840003135548984
True;0.0003560585139071669;0.8592057322598589
True;8.663391322790322e-05;0.888674890750714
True;0.00010813300497640675;0.8098973749564378
True;0.0003675240294377813;0.450128814568864
True;0.00028956904892975005;0.6786269347010616
True;1.9305059092529995e-05;0.788444010468694
True;0.00038486536860415726;0.6130924866393833
True;0.00037165886067211666;0.507850744068196
True;0.00032470410734295813;0.8648108288195537
True;0.00012176840212039304;0.5837093629768879
True;4.449864001764904e-05;0.42552671388918956
True;0.00024863756644661304;0.8726303855035069
True;0.00011159322477356024;0.3843341102013449
True;1.853929299703893e-05;0.9795101563590409
True;8.899113097259624e-07;0.49210224054003215
True;0.00028064176621368043;0.5189467113981309
True;0.0004010490642657159;0.7503328917834666
True;0.00035944201336721697;0.40653534222217064
True;0.00011082860519361426;0.8272119730706565
True;0.00010647290875452525;0.41284390534119064
True;0.0002021069309311863;0.4598748859146638
True;0.0003304910028429266;0.5169661567698948
True;2.5195934232888158e-05;0.8405810714689546
True;0.0003635692108498335;0.637163393809479
True;0.00017129132999325447;0.6330196899810241
True;0.00019193885630883843;0.4292306559255527
True;0.00011215947532155032;0.9690869329501277
True;0.0003689494751386599;0.6828316156947488
True;0.00028206670942413975;0.543712549361987
True;8.400503359734164e-05;0.5235560339087632
True;6.139605227464877e-05;0.44874029808554955
True;0.0002908439304079341;0.8741458077249882
True;0.00015713618894897072;0.6917924812604
True;0.00021008736197509106;0.6171870933872297
True;1.6554309821391885e-06;0.6146894356677651
True;0.0001573946836705776;0.3927128531055058
True;0.0002970153504967525;0.5973930097229938
True;0.00033918405504635037;0.5404301645898
True;0.00020081902818626016;0.8413452967118548
True;0.000143801032526575;0.5964931019682684
True;0.000318362471811755;0.4716681322416155
True;0.00024360259377735163;0.6102649211134197
True;0.00036481995985672986;0.46176225627271533
True;8.059007757202965e-05;0.6930376754214352
True;0.00014390725228241417;0.6460714441502421
True;5.8743735216548995e-05;0.6780435846743215
True;0.0003591122416315945;0.8735083763391391
True;3.521003750284316e-05;0.5024947451717372
True;0.00014741845734945685;0.6680594506212019
True;0.00031801014862276294;0.9530132942900976
True;4.661981271357776e-05;0.37788744756757114
True;0.000404786478512484;0.4916925376680751
True;8.608280121496596e-05;0.6145598585421334
True;0.00021537227906784953;0.5602603248776671
True;0.0001426100090727116;0.6053911234505654
True;0.00019517969245919594;0.8017400706392136
True;0.00032730458621596325;0.6308319209167377
True;8.545080334743114e-05;0.426529703775275
True;3.185257735181626e-05;0.8860693321067015
True;0.0001569933128991788;0.7977852036924087
True;0.00020927548147620063;0.46809799613525327
True;0.000298204085948007;0.8246623093021361
True;6.588578962068502e-05;0.5346711238903286
True;5.882871210262281e-05;0.4405788238015078
True;0.00010134050867815319;0.4306220694761961
True;2.822611239695904e-05;0.6735553009081312
True;0.00016834719102645833;0.6143441691118808
True;4.126185261384815e-05;0.5393531063714792
True;0.00041180148959525593;0.4178834097721061
True;0.0003481025146866345;0.5403994560415635
True;9.226532232302741e-05;0.6801188389390392
True;1.5760558048495873e-05;0.4264450218179524
True;0.00021655177853017245;0.7573666990122174
True;3.404734504613386e-05;0.5996467865498093
True;0.00022495333713316786;0.3987365183065235
True;0.00010353308784361156;0.9113583987469346
True;0.00013973104861845852;0.3796584599734764
True;0.00016579620614181394;0.478822646195467
True;0.0003460728250292394;0.4683621878414573
True;0.0003853127480316325;0.6570069963530248
True;5.15140555630109e-06;0.5406240092850514
True;1.2845068241820735e-05;0.4939828083243892
True;0.00017209928757509012;0.622874308556017
True;0.00040251061218949996;0.695020682998219
True;6.150483976459979e-05;0.4785413348238126
True;0.0003772305265091218;0.5774089868190445
True;0.00035920034014203786;0.858850569346971
True;0.00011993285292445318;0.7937181137728048
True;0.00018027944177714266;0.3813359111266718
True;0.0001870451593950805;0.8646220170161423
True;0.00013126051768743474;0.415850263959194
True;0.00010010683425019985;0.5478723048744402
True;0.00033757901103760525;0.4067949211848348
True;0.00018728266686427638;0.6317991123092592
True;0.00015102445564207714;0.7053680413639736
True;6.09204849858738e-05;0.6387727437183488
True;0.00023755765372247993;0.6227442353531031
True;0.0003476342184726721;0.5513125930098675
True;6.211714726842146e-06;0.714751907168192
True;0.0002664065639018525;0.8648186940587858
True;0.0001160963227807776;0.9324615960770039
True;0.00034210024406410326;0.41008018985263467
True;0.0004111608195691246;0.854518963994418
True;0.0003089483344446544;0.8586359084496563
True;0.00012823988550796883;0.9196351289390663
True;6.205028147464636e-05;0.41841333390936913
True;0.00030191353855736115;0.6572802525163202
True;8.179647241687748e-05;0.7053011154064583
True;0.00016305074101332707;0.9434052274187011
True;0.00031618175640982086;0.46920134316914225
True;0.00013728060647943518;0.5802033704347537
True;0.0002738977351329297;0.43858135739128473
True;0.00034434901120560066;0.9330664031502182
True;2.45079489748934e-05;0.8573391702344375
True;0.0004038593294334151;0.9112705582084129
True;0.00035590442593361676;0.8143050026823399
True;7.146588443202125e-05;0.5025768016961519
True;0.0001388915735962391;0.5322942302313614
True;0.0003348313563785955;0.673297723086022
True;0.0003116239474229845;0.9429534649297923
True;0.0001117737932091571;0.4813336043817523
True;0.00019605886794211286;0.44261368223527137
True;0.00011600845099289817;0.5528135570326717
True;0.00023417682865233558;0.9105684044486406
True;0.0002429621576078009;0.7644606067491208
True;0.00032027028018404084;0.7076549515791466
True;0.0002791371588684189;0.4220144315001703
True;9.74998929601442e-05;0.6892368476788803
True;0.00014695098989709387;0.4871722792639576
True;8.63604309510478e-05;0.39964429919651856
True;0.00023352723032087427;0.47191725326119116
True;0.00015548721958752535;0.9534413670027693
True;0.00032236786045728084;0.4937246614230805
True;0.00030871296678966254;0.503238904625156
True;8.356320410638378e-05;0.3972675905871673
True;9.792147097316817e-05;0.8467515438012077
True;0.0002739315817397376;0.658849662360498
True;0.0001432298075398458;0.4890784443550486
True;0.00020683269952109939;0.44262312501575957
True;1.6002742242523547e-05;0.7134796955606715
True;0.00029802934774085266;0.7531852637060541
True;0.00019503600489684497;0.405709320260986
True;0.0003432294866030892;0.846712787366376
True;0.0003700327830278388;0.8985366571296394
True;0.0004129009095561923;0.6402466249545381
True;0.0001839869607261773;0.4428653519384987
True;0.00019905235216342097;0.7835095462595411
True;0.00011094822016614424;0.5989097149345833
True;0.0002168651381735631;0.4057441874381616
True;0.000353149331963381;0.8160470301166739
True;0.00012421428308073936;0.6101513178207392
True;2.239158788944776e-05;0.5359115913466448
True;0.00024702699077944386;0.4385541854036333
True;1.7225548346165094e-05;0.4891790919631548
True;0.0003690705630467999;0.682729410687747
True;0.00011731736012377802;0.4056976853613854
True;0.0001565406240445342;0.8160926233770143
True;2.473120112407019e-05;0.504245418356622
True;0.00013226969847546604;0.4161016869717463
True;0.00040156515243842613;0.43849864387025755
True;0.00018560837406639635;0.9657939801846981
True;0.00019879935538669833;0.4054302917017779
True;0.00011539302157108808;0.4040581753463872
True;1.0834357890190421e-06;0.492038723328109
True;0.0002728962650263937;0.4442559073681954
True;0.00038640540945535817;0.4384501138355138
True;0.0001948867798519566;0.9658803488977069
True;0.0003192763220549289;0.3567449866669693
True;0.00020027753531959422;0.582343399172139
True;0.0001478520381623957;0.47865081238304147
True;0.0002791040900233015;0.8649339454407262
True;0.0003873668482078607;0.3767464145570365
True;0.0003401060191989783;0.44919970480634
True;4.379473056872559e-05;0.6130386450303956
True;7.033136902770932e-05;0.7957580543828562
True;0.00021964992095812116;0.5771256141853884
True;4.509795766859417e-05;0.45762750989578416
True;9.708131792055421e-05;0.7169630836288305
True;0.00012451587629665642;0.507915736940106
True;0.0002281114842430805;0.8648430036782135
True;4.9568251610977e-05;0.4133139384747873
True;0.0001450559605306838;0.7136582931594038
True;0.00021518676671988072;0.541805938234692
True;0.00028154040936111135;0.39816933394868104
True;6.959374696498394e-05;0.41332369373599936
True;0.00022402805491952897;0.7138034674456992
True;0.00024754519678748616;0.8242993501707238
True;0.00015809308354682898;0.46807159067565
True;0.00013574608252231503;0.5023912927959012
True;5.095492458078522e-05;0.6143139062058489
True;0.00029278349827670117;0.6101172162946841
True;0.00010822723265355649;0.6183340002403744
True;0.00021068830937071232;0.5902276261437838
True;0.0003176348683099505;0.44931558214122413
True;0.00029827450880369797;0.6183594662723751
True;0.0002302659968665082;0.8708330922462778
True;0.00026358825196775405;0.4125336627787133
True;0.00015500512121651068;0.5106283972417143
True;3.938171576113475e-05;0.8712144646039887
True;0.00014628063616627465;0.7194256829807325
True;0.00026678027417355787;0.6699448990223693
True;0.0002880412776116685;0.7115605053056463
True;4.875205553739755e-05;0.8133096369676385
True;7.172067670074242e-05;0.7250556875798659
True;0.0004174325304222674;0.7710941039964696
True;0.00016937385204929495;0.8135394955231148
True;4.90818157263039e-05;0.7591445655196026
True;0.00035828671629697516;0.7892646006750071
True;0.0001844627340044872;0.6009029816941079
True;2.6564112877257307e-05;0.9776966632132352
True;0.0002483825685139946;0.7597469199845746
True;0.00017099412134518663;0.8411252220069012
True;0.00025577400001463874;0.7357959504308971
True;4.740537213225512e-05;0.9407236987721783
True;0.0004074547726037646;0.7595408095859187
True;0.00032871130550495107;0.8758031741237475
True;0.00027982246809574515;0.6691874341765682
True;0.00016672456400270176;0.4594297929392259
True;0.0001768591100162232;0.621059772062405
True;9.961108923559505e-05;0.5247323734874266
True;0.00033285572153037783;0.6764842069178494
True;0.0002029805173700651;0.6758179109703858
True;0.0003553373631690666;0.4586476553021863
True;8.509431965417927e-05;0.474420979649373
True;0.0001686445220188708;0.6454529649719138
