true_labels;p_value_0;p_value_1
True;0.0002759275418496628;0.3237734573252906
False;0.23995141997885316;0.0008796000842331864
False;0.2792825355184522;0.00039796384249936426
False;0.13132535939304107;0.006866834036156753
False;0.24706073014445046;0.0011964031425741744
False;0.33621124584028206;4.5083984702397294e-05
False;0.11654975612373121;0.009115292112420853
False;0.085243782113837;0.018939232916320024
False;0.3092936504598623;0.00032138393849403776
False;0.05954176861824384;0.030299828396254457
False;0.24831671156525448;0.000677829979362179
False;0.2592542181805551;0.0001503547091074361
False;0.09225785203342707;0.01433137463670045
False;0.27370064671360517;0.00034428284188112244
False;0.09466679177922435;0.013661817952801409
False;0.279143546101214;3.601751798443915e-05
False;0.25869166818628486;0.00013422219554522463
False;0.2235154067462114;0.00092784051373786
False;0.2974387982766785;0.00015882005468000271
False;0.16622803220243595;0.003833695948539817
False;0.29902587806213954;8.596151739844886e-05
False;0.2917512221002079;0.0001237875836043346
False;0.16405629786862524;0.004339373004858743
False;0.19949541768670323;0.0022436249739132895
True;0.1403900161654962;0.005564245595136175
False;0.10594102271626872;0.011693372516685462
False;0.290680752349381;5.4778787441468553e-05
False;0.13738675302836534;0.0066176824753418914
False;0.24127414687051518;0.0008376869062273646
False;0.3339827691424799;0.0003804079533181733
False;0.25897774980959093;0.0002928038035714731
False;0.26495629241653607;0.00019926665140663496
False;0.3041594715111843;0.0002930402079296828
False;0.24776198193122026;0.0007785311550540324
False;0.31606722795799486;9.093063815395115e-05
False;0.3253314014715451;8.33547024098336e-06
False;0.3080804040444813;6.663191686172893e-05
False;0.17999571354249744;0.0028409680331624573
False;0.24994511073685946;0.0005821345620451562
False;0.30102269035111034;0.000287903073423828
True;0.11435740514472088;0.009516078553798078
False;0.29129057635108335;0.0001694095370363126
False;0.2878280700985413;7.05255811051104e-05
False;0.1618819195061373;0.004237872989360567
True;0.004585546699979525;0.161379336326385
False;0.2493557396068751;0.0006600434467944929
False;0.23075179952105943;0.0009558847312758011
False;0.323029661463105;3.6340106068960074e-05
False;0.3016953322834087;0.000141600080973212
False;0.2722360964051722;2.759527271248201e-06
False;0.3013834670825335;0.00011643122079946702
False;0.22762055366769937;0.000928615657501125
False;0.32867076190368283;8.224263914643115e-05
False;0.27955534918852043;0.00016983341682129242
True;0.07051281032389642;0.023501069176877384
False;0.1660012762922379;0.00402627593101981
False;0.25513818500409113;0.0005112004456844042
False;0.2310016480026478;0.000866798066804598
False;0.29369997348973587;0.00016030286220855433
False;0.26991674455801207;6.66933794899825e-05
False;0.3016161940956871;0.0001341782488291775
False;0.19979817450499432;0.002148622182478576
False;0.35540408738513224;0.00016450807877256863
True;0.03035235025245635;0.059491534330878386
False;0.2867736274047839;0.0002739555059300568
False;0.09067640024468962;0.014979525884769421
False;0.21896086402000292;0.0009680627180447894
False;0.30270078938809863;0.00015587648385645783
False;0.2998404578924745;0.00015470321339035678
False;0.2775229009827466;0.00031215434387447586
False;0.13842926587781088;0.006118093829362871
False;0.17501489227040204;0.0032263078877830848
False;0.2473041629498145;0.0011368279585233234
False;0.17864650966479484;0.002746825004279338
False;0.25552990546744614;0.0006439999518424292
False;0.32844574943973864;2.4193479982597173e-05
False;0.2213862152235456;0.001211978957581929
False;0.30086505710006667;9.088743652415576e-05
False;0.17574424365281083;0.002986897785469886
False;0.09641259825208459;0.013404581868992314
False;0.3285441860708186;7.839784297897852e-05
True;0.00019819105656818892;0.34098947380012284
False;0.3188937945350181;0.0001738850493299424
False;0.06136613423142122;0.029744057547384347
False;0.2528933120642233;0.000796556768568939
False;0.2589453314329087;0.00023709105282926555
False;0.14804207592533067;0.0043924398743191324
False;0.26987850483184406;0.0002423384275699138
False;0.30288087471333075;0.00041721454647058765
False;0.318760853223882;5.218919461248165e-05
False;0.250496873206263;0.0007753337292743925
False;0.1964106381948712;0.0029051555330578682
False;0.27505120867488436;0.0002650900761913747
False;0.09196510696888267;0.014451451337098438
False;0.2370205969865226;0.0010077504530264989
False;0.2400369442260931;0.0010561695438955064
False;0.055886697118585904;0.03344447012326947
False;0.3013042037562748;9.581625238925765e-05
False;0.27759817887182975;0.00022796482043239386
False;0.2530332352552751;0.0007177663754742714
False;0.161136390209758;0.004460501491763016
False;0.13883521612427002;0.0055416982473490885
False;0.3186239188125362;8.878231263391214e-05
False;0.25695499673542815;0.0005797686387162547
False;0.27945164781913767;2.9771059690767696e-05
False;0.3275468299802909;0.00010352057890171338
False;0.2638397450470678;0.00021949501299063252
False;0.2816630521711503;0.0002505486352028213
False;0.1560276164999639;0.004295453461069451
False;0.19818055267731818;0.002381006351148511
False;0.17740915673420715;0.0029546900719368808
False;0.2693744382710296;0.0001905099897867632
False;0.31870086313825857;3.96638806248159e-05
False;0.24518804639298705;0.001043473353979465
False;0.2977868828416017;8.945747109146359e-05
False;0.24021331457201844;0.000977332235755151
False;0.22373266356284485;0.0008599470762272272
False;0.1879317727870855;0.002806793742859045
False;0.17675446949669474;0.0030055436232281863
False;0.3419583117473423;7.37644107766489e-07
False;0.30384191620395096;0.0003401762962903454
False;0.2475737589227813;0.0006472509504756099
False;0.25209714485854956;0.0004701884552681666
False;0.24848099746725325;0.0008146786200658228
False;0.24953644455794605;0.0006834887067342821
False;0.18783621574891893;0.0029093196741244347
False;0.3185482346672762;0.00036960409850242583
True;0.03845083931026897;0.05040803685736391
False;0.1019485515025819;0.012947828689603274
False;0.2303632361175338;0.0008976612989561539
False;0.3039311119474018;0.00013868464037997493
False;0.2277073021848605;0.0009668854048466553
False;0.25033165827206827;0.0005172749555939785
False;0.24963622463468652;0.0008342251816229032
False;0.2877465495612437;0.00016828425284769367
False;0.3302282092428946;0.00010068418477932438
False;0.254439275650438;0.0007335001724920071
False;0.30415612448688345;0.0003469633602746913
False;0.11451580041552444;0.009028407439992954
False;0.2770295275734648;0.0004059681300620848
False;0.31880753368271175;0.00034940857332520757
False;0.17587863857484748;0.003015859179316392
False;0.2783338947271733;0.00011138122016586835
False;0.34271992052242817;7.626379382727084e-05
False;0.24561284086777876;0.0010323499241515382
False;0.30685749977770166;0.0003748523672821344
False;0.17828386206101995;0.002916622656047974
False;0.32067696045066546;0.00034248195178978685
False;0.24813285425742568;0.0008269206165711133
False;0.2311434096881444;0.0011593624543621939
False;0.33542531002067716;8.430466620184963e-06
False;0.2117992533808672;0.0011896601978671848
False;0.2275442023930734;0.001245855616981603
False;0.18820087907171684;0.0027001364107730203
False;0.2311481780971515;0.0011391734652919417
False;0.2856610514950058;0.00012402782354819573
False;0.19839476041919105;0.0027918239976193514
False;0.2787751410094188;0.00015827988844103663
False;0.271975377688452;0.0002522396809484687
False;0.2649765837276161;0.00018510909122582047
False;0.28882827553703516;0.0001619966721587051
False;0.22183407135670022;0.0010210580336885112
False;0.26310546884929736;0.00040951604428600706
False;0.2819559899959098;0.0004108797942924629
False;0.25411114045295813;0.0005014443418504483
False;0.19357396838546187;0.0026657816519408874
False;0.2586852312997559;0.00034485760204944167
False;0.26914862416751395;0.0002900665432155217
False;0.2991821006404889;0.0004061982475645432
False;0.33371410581571603;0.00040060893159917887
False;0.1662564861714864;0.003921333432038325
False;0.15402621994700477;0.004436669129124231
False;0.24764539412275327;0.0005653579072300164
False;0.200951471066853;0.001953153837321398
False;0.30130847600616123;9.294342577650083e-05
False;0.046800602063801426;0.0467199127395306
False;0.10606267207371618;0.011365712219544003
False;0.1420144517819095;0.005201239744580413
False;0.1558977635989759;0.004570074103971596
False;0.32741956745443024;0.00038777703415790075
False;0.22873506120209525;0.0010499252423584982
False;0.273580859759859;0.00030365546039691683
False;0.281998185125188;0.00040204250330197407
False;0.20815962107788255;0.0011322852452166497
False;0.25424085124421786;0.0006711670930785487
False;0.2021690722162782;0.0016801905208459094
False;0.21434406868414668;0.0012222919039520594
False;0.2567367570434558;0.0006826593083682315
False;0.3196701341881428;0.0003757993513353261
False;0.14103739297941362;0.005021723701961289
False;0.29350770066463766;0.0001714309372763608
False;0.3014895324880746;0.0002327555015336615
False;0.23613091061956437;0.0009115454216434489
False;0.20144734708874343;0.0016770360820134392
False;0.2554112282741345;0.0005545117644668196
False;0.156044238396855;0.004404096066842607
False;0.2791307935452183;0.0001235103297718287
False;0.24349079732229284;0.0010754636926967418
False;0.3019100019068809;0.00010011681573126081
False;0.33395021865515023;0.0001815432042376031
False;0.22117394665417928;0.0009699999504671623
False;0.21081042107547854;0.0011157909054479165
False;0.27783636407495604;0.00013090429991294704
False;0.22295361341622924;0.0009538555296653914
False;0.3014936615874716;0.00027194472663363877
False;0.28875308600590355;0.00010622132709855745
False;0.303860665096472;0.0004068820902237546
False;0.24437898571095548;0.0010455291414906353
False;0.27547913569215376;0.0001887110444334438
True;0.08672114555451856;0.018168730826092522
True;0.19839099301340332;0.002361053182269383
False;0.17512694198513035;0.003058311419946952
False;0.23835695484327293;0.001134158071135817
False;0.10138764627604951;0.012823477093377804
False;0.11340208027639981;0.010604086783294208
False;0.2961305557264781;0.0002828089799149974
False;0.08163758059530689;0.020321428950083435
True;0.07989858857687547;0.021133006732697163
False;0.2697919184051137;0.000346223730396594
False;0.03770025435312294;0.051881065521715966
False;0.22494607336435665;0.0009652174955798714
False;0.2405156293501918;0.0009225431918512238
False;0.08411844626397645;0.01917345168514504
False;0.1990034217006743;0.0021111871136496006
False;0.07284640713338728;0.02297722245557228
False;0.1946556396274221;0.0028513241863112634
False;0.26966626297637214;0.0002450297430134861
False;0.12999466124512077;0.007427894926873534
False;0.2106363234105379;0.0010903212484829285
False;0.11552279204315628;0.009113366466524693
False;0.19281881668828912;0.002924174575230539
False;0.21019049901641101;0.0008404428496997173
False;0.14063314959531664;0.005362483437705555
False;0.12065553507570985;0.00898879045196892
True;0.09086919047443326;0.014780851774386016
True;0.001229327291894138;0.23025744637138565
False;0.25551223414931185;0.0005203725413648159
False;0.14384552031012482;0.005160024673571033
False;0.2026162228652965;0.0020009600473179547
False;0.3070267578313514;0.000200278021365645
False;0.2696070822042134;6.131607581908454e-05
False;0.15693060404957715;0.004442110406761704
False;0.2697525535502166;0.00010126018259391601
False;0.1528421965417145;0.004583761033804804
False;0.23389355773027293;0.0009724662264686094
True;4.121562867411774e-05;0.8012212137315485
False;0.25951316679973085;0.00026912868442472007
False;0.1927289092206477;0.002523367364167898
False;0.1464768093560877;0.005151730474244204
True;0.0002800059397010825;0.32835771794486096
True;0.03543343494663905;0.05469628889577795
False;0.20920212935472096;0.0010322873882057093
False;0.22829837609554302;0.0008674814036165782
False;0.10167340468769454;0.012178502532611983
True;0.01110320284347194;0.11029592182281564
False;0.18899668672823977;0.002865518745692305
False;0.228353419144286;0.0012320729326773454
False;0.320211601139018;3.810253867266885e-05
False;0.23513648772338586;0.001065022438255812
False;0.19059490690318176;0.0025253711798685556
False;0.2219601778678364;0.0010625647288491488
False;0.1631789723510775;0.004360654862224068
False;0.30248847024911096;0.00020619723589342638
False;0.20247459267990486;0.0019696199883113114
True;0.05019417352847959;0.038564230583576935
True;0.04560329865695589;0.047116423790492516
False;0.22183720890362138;0.0008934967266906878
False;0.14550651377802742;0.005375571523845532
False;0.24449452136163857;0.0010464203938316146
False;0.15275076976100704;0.004385386097259861
False;0.2665516607009174;1.2964985012585445e-05
False;0.1270108006996741;0.007965300960287303
False;0.3513918130679512;0.0003125515878964746
True;0.009040621160752356;0.11805586649753746
False;0.302643597727688;0.00024564431940452355
False;0.07259108280798382;0.02327442644459472
False;0.15562936234309863;0.004335997306305742
False;0.2066230930487022;0.0012119427654182485
False;0.230888198593229;0.00105352278232468
False;0.17211973661439203;0.00330897001433303
False;0.1555996836039165;0.004414438928097721
False;0.10765536679183814;0.011365355114465285
False;0.21093521339110574;0.0012033702263693413
False;0.10037455806355648;0.013122078360605792
False;0.2007673360469438;0.001956286625558246
False;0.2792285461008934;0.00011552111280019165
False;0.11196512251584648;0.010908183450219242
False;0.20263512112243248;0.0019051212368126776
False;0.10765163312787948;0.011623097794668384
False;0.062305508346277266;0.02964391582698349
False;0.2982165157861363;0.00033370129794491683
True;0.1951858190931514;0.0026119402404371846
False;0.30351078927188413;0.00036964815125211607
False;0.06898101156965614;0.024480997787268206
False;0.1491005712121062;0.00458161572380514
False;0.2697063117335762;0.0004053585358517422
False;0.1441366305532117;0.0050304763353354555
False;0.1827107552214308;0.002829045968118658
False;0.18851901348542302;0.002855059306974729
False;0.27027819728872243;0.0003622700058964186
False;0.143215649819726;0.005031404807708199
False;0.09627252798694488;0.013759435776381815
False;0.22895964050355147;0.0009734905381802461
False;0.08430213073738702;0.019081250939728924
False;0.19786778335125413;0.002889625956479697
False;0.1753086704075613;0.0030084906905021884
False;0.03777807739767198;0.05205041916326637
False;0.23518681969164798;0.0011635771975016982
False;0.17184173523249296;0.0032336299938505466
False;0.14915261597420887;0.004516585426199463
False;0.1330892693613186;0.006963918225716019
False;0.11359494525775568;0.010653502781246944
False;0.2518543649053276;0.0004690402532431397
False;0.2368335857812531;0.0010188867922495425
False;0.1843067996003635;0.002910067612671971
False;0.284249363635948;0.0002705964935456034
False;0.14811934933720255;0.004582890459092514
False;0.25318522921735653;0.0006518075907205518
False;0.10559990921856986;0.011283568422404248
False;0.2250291894858469;0.0011484731697242673
False;0.1437588268924697;0.005148538105247333
False;0.27774919917704094;4.334702161199167e-05
False;0.2501610488831032;0.000505222143985208
False;0.1589737767489045;0.004279780637634389
False;0.2319835115574141;0.0011054684356390583
False;0.14390255931742577;0.005414155679851859
False;0.18750358387613114;0.00290034187264814
False;0.15082487545543558;0.004510138346586691
False;0.11571498725216503;0.009132186249514902
False;0.3415399511828847;0.00023502375357764953
False;0.2696921350438449;0.000281743925584221
False;0.17641412258979491;0.002988717310701759
False;0.20398535191959216;0.0017259580305373572
False;0.17691623450383626;0.0029360106549425713
False;0.14884563587532665;0.004243237847300908
False;0.14722500167614905;0.004367286325686507
False;0.247743802510991;0.0005263258318502726
True;0.013632692294780244;0.09950458320128629
True;0.00037970168784514106;0.3768666800502902
False;0.13332296799279722;0.007057697337366946
False;0.26969366953646934;0.00012753669833224002
False;0.1401099812014912;0.005420527159368821
False;0.18238984566000352;0.002543065896233116
False;0.2001528569923199;0.0024531289729067436
False;0.22774621407440787;0.0010386746797520882
True;0.030337461327101505;0.059334771435016045
False;0.1988498918743558;0.00223539261594932
False;0.2399119947607625;0.001088781579066412
False;0.07385049661395482;0.02269792271091924
False;0.2869590505046468;0.00030363834418069714
False;0.31833002978030495;0.0003432344764109615
False;0.10762004422218717;0.011321311597919966
True;0.06641336758739795;0.026377966816512444
False;0.34157687497706646;0.00019296009909508486
False;0.15789235551546363;0.004338711145870133
False;0.22168261422881574;0.0011072724669102202
False;0.10036016460927924;0.01300614044026224
False;0.22682527553525103;0.0008653023380864716
False;0.21962625480372525;0.0009227676107069882
False;0.16363719531719298;0.004368285336116567
True;0.002518675769294317;0.18380870179686407
False;0.12158867034744161;0.008813128160662724
False;0.19917737046227257;0.002102662253634358
True;0.05880688779383171;0.030809242502361122
False;0.12679890311448253;0.00799680455724762
False;0.2531365702167601;0.0005397599856361827
False;0.13990771809175986;0.00570543947742752
False;0.19952237125436884;0.0022529409413954253
False;0.24226710891140363;0.0011852327260580356
False;0.2012629097213286;0.0017929221286485954
True;0.25202911923754145;0.0006813044262880009
False;0.12306275136771966;0.008894157388961875
False;0.17108356600892136;0.0036701369962150454
False;0.22867321696901005;0.0009275206719015717
False;0.15312809392906473;0.0044942516852762016
False;0.1513263720896884;0.004342313160319219
False;0.2695781425425734;0.00026888338515157256
False;0.27768779971142626;0.00017613659542952691
False;0.20281426771879732;0.0017692639987619049
False;0.30801083789149447;0.00013965749076596127
True;0.015044991841720437;0.09048784659125851
False;0.1138430951752899;0.00995017995305943
False;0.18196034263694663;0.0028025169601439705
False;0.12437961647451386;0.008746862775063842
False;0.20075025993651163;0.0019179813422295082
False;0.05230278291631924;0.03658103022420146
False;0.11427980793962965;0.009557781892961388
False;0.11525010752609445;0.009037983978555974
False;0.10755766276376143;0.011522376924147289
False;0.2853571924285714;0.0004113970538395376
False;0.18462938688464894;0.0026362871835979664
False;0.22940146903966638;0.0011328917608328516
False;0.2018303445801836;0.0018556134481345528
False;0.13589177244172834;0.007052187391476612
False;0.18200651478788354;0.002828443547186713
False;0.14994288981383141;0.00441381926422379
False;0.14415111162826041;0.005162023452731285
False;0.18304466260282978;0.0026876805115592737
False;0.27126155136727254;0.00012084262205690762
False;0.11597022444247956;0.008976113609823881
False;0.1766035836632344;0.003197683454331558
False;0.22235256024877956;0.0010684674583592013
False;0.17660075762308874;0.0029562060479722623
False;0.11354375381546282;0.010628269278719099
False;0.17552169257064407;0.0032679752255941855
False;0.10593460489890905;0.011348684048710683
False;0.2260725487898996;0.0010827388384058068
False;0.1826686907124378;0.0027131016884905015
False;0.18002672475198342;0.0028467292589465193
False;0.286714532977381;0.00039836558509589423
False;0.11162431719544848;0.011103059050517923
False;0.15142453658789817;0.004526530673568399
False;0.23091088662528453;0.0008612878146316698
False;0.14457180429885916;0.005285041798600215
False;0.2960231553304087;0.00020978655590681163
False;0.28558427730772434;0.0002796098200387271
True;0.00040754691187581173;0.33380746325388705
False;0.17695575380421952;0.002944426258455796
False;0.2290412262818804;0.001011066433083094
True;0.007023625695166628;0.13236424951555928
True;0.1472314053431455;0.004451520203946062
True;5.6887552332966344e-05;0.8590816883448941
False;0.24740688460789867;0.0004855982473987784
False;0.10594081143962522;0.011608358891407
False;0.10786614214076883;0.011300607977110484
True;0.0004143153906675513;0.7045386599858477
False;0.08880810945805133;0.016254172965045284
True;0.08033149915566916;0.020084385515958682
False;0.2647552602448865;0.0002574893723063802
False;0.042513365023143554;0.04882315829128732
True;0.00015435140662942973;0.7356353725049491
False;0.24835814987960633;0.0004762922181103422
False;0.07750556571141684;0.0220367382212416
False;0.19960104558326786;0.0022552551332633837
False;0.07464426289501301;0.022617015720693374
False;0.23087741326010283;0.0008715703051939135
False;0.2548704488201019;0.0007351657190491001
False;0.1384105574767423;0.006426794105980756
False;0.2030888575291711;0.0017469553768215415
False;0.12246774740401917;0.009041175924778303
False;0.2103936321681857;0.0011655280026204892
False;0.19619257421344108;0.002761815781667996
False;0.14080066560448304;0.005016994849003079
False;0.12549237920888848;0.008155097109211997
True;0.08669696801002408;0.018342556548667763
True;0.00016809545101465062;0.32926404229928563
False;0.25547976462331506;0.0007471286181500812
False;0.1519743184827727;0.004593821364629899
False;0.2103885495722878;0.0008454953382430708
True;7.204714428236945e-05;0.675946266225594
False;0.2548296617216116;0.00046911991331126857
False;0.16532486645914796;0.0043645811654814785
False;0.25499340690032013;0.0007483357469244406
False;0.1596469496666655;0.00453182235207537
False;0.24044256813000572;0.0011229496024787954
True;9.511803291716267e-05;0.48676256188089495
False;0.27020809722955075;0.0002594007182595528
False;0.18190651985058556;0.002580571977606448
False;0.15575272743292018;0.004591228719903688
True;0.20249805421748446;0.0018943699612271397
True;0.032923031297653206;0.055865617834806466
False;0.19617004958017034;0.0027178977244181495
False;0.2284673020358395;0.0009611816076933942
False;0.10942734557337137;0.010992029676767946
True;0.05472183420133161;0.03514227716863143
False;0.19648604153068655;0.0025986251354723415
False;0.2123170966391352;0.0008948798171813044
False;0.3213775148572146;8.883056277889119e-05
True;0.15363850976217022;0.004517920536271575
False;0.18247207176805783;0.002697520207781648
False;0.20497048355569175;0.0011998245109063961
False;0.16886397545580212;0.0034357793607515574
True;8.029899386118554e-05;0.7048290333638644
False;0.20279269798141197;0.0020246638435533365
True;0.02544680474112061;0.06798008979297114
True;1.3448442725103356e-06;0.8589277559054106
False;0.22840424927012662;0.0010852138531687872
False;0.15401920559092894;0.004457316052379631
False;0.2506528104257254;0.0004505278331850203
False;0.15946547772352423;0.004574472382106404
False;0.274145436715088;0.0002452789841784412
False;0.11918014272182496;0.008819893463864106
False;0.3503965287330003;0.0003815689249725754
True;0.003610734227746466;0.16650318087426913
False;0.30260485620669375;0.00024691779532888563
False;0.07146803021615467;0.023340632185748132
False;0.15911636108556462;0.00419794574067391
False;0.21958431198761144;0.0009350818833876157
False;0.23989856988866126;0.0008630456366894272
False;0.18524356933893477;0.0029158167323242827
False;0.13015693241501833;0.008173172097613826
False;0.11270942274335316;0.01100758269780038
False;0.2259674554642823;0.0012057324089117523
False;0.10410252532296298;0.012099762692217129
False;0.19305812145028864;0.0025861385705346525
False;0.28187987352547994;2.254946825404908e-05
False;0.10140670210927091;0.012967435625923954
False;0.21402687683440708;0.0009973529040713308
False;0.11305071623637851;0.010812845068728046
False;0.06122210589508535;0.029890727044231527
False;0.2926430511520418;8.827659316873495e-05
True;0.11248110736757795;0.01097606480202309
False;0.309913013793;3.0288033917726584e-05
False;0.06269764610152638;0.029364016703940808
True;0.09941275692377821;0.013436519201816882
False;0.25486207526810883;0.000721720703081536
False;0.13353864163356888;0.00696178768670246
False;0.17489834216338254;0.003054135167767523
False;0.18847531891949973;0.002647798721858802
False;0.27877093897935284;0.0002912991292076725
False;0.1436989039276873;0.005053755076702104
False;0.101128923577479;0.01307246797041699
False;0.2380246043359513;0.0010852773158506965
False;0.0773421193745311;0.021914933529321518
True;0.06574202998421189;0.027022060658948657
True;0.016682017516003452;0.08801139266061016
False;0.036638307124972784;0.05208755495884156
False;0.23205281157684032;0.0011438771718020775
True;0.10946791842492307;0.011277715364972142
False;0.149630711014323;0.004324511591941207
False;0.14031970671272354;0.005341997743722957
True;0.021534777219340308;0.07910441006006298
False;0.23902152802254933;0.0010405154485086533
False;0.2466142631637626;0.0011146907479164473
False;0.1432733824464584;0.005319321333535735
False;0.29650134438477915;0.00010180565970443216
False;0.14942140051427183;0.004539407143287914
False;0.24787065228043947;0.0004491016162987644
False;0.11217001448477108;0.010890317337402939
True;0.058634873868690145;0.030653352143058973
True;0.05399733337769559;0.03587518311158266
False;0.26061349627643465;0.0001387955230876598
False;0.24722713055648537;0.0012064600887511177
False;0.17525828820829534;0.003187139185951715
False;0.23377584936694334;0.0008853972291983851
False;0.16141168430403544;0.004306554647139335
False;0.19355316432514444;0.0028312413953536586
True;0.055241939484088065;0.03427070168201383
False;0.13851229945450633;0.006522998312335523
False;0.3354570440489263;0.00013143594106771866
False;0.25502223418180564;0.0006674761078576004
True;0.008285404023492121;0.1255409373717344
False;0.21928630723081668;0.001159191355674477
True;0.0003067900068208749;0.84691321155274
False;0.14970394380745528;0.004333048043202672
False;0.15564661515019645;0.004249047151761923
False;0.25382019264450584;0.0006279040152469772
True;0.0025406403078719526;0.188593304701085
True;0.05448782075984329;0.03545712222558014
False;0.14552125537520036;0.005304103501050691
False;0.2552266503214295;0.0007427405393521129
False;0.14392146458314758;0.005158288084783719
True;0.06523914000416499;0.02827784197045012
False;0.1892597640952823;0.002754015630639752
False;0.22065581458797007;0.0009786702654251888
True;0.05575920773897111;0.03300789285858113
False;0.18654623769231632;0.002715217562808951
True;0.03237232568568788;0.058461968067688865
False;0.07752532722681302;0.02184777185282553
False;0.2749547344832415;3.9318908083274786e-05
True;0.0003093789068339795;0.7391126573151423
False;0.11297572875152588;0.010500686979013274
True;0.0002871698907512155;0.7487469388874866
True;0.27143336811239654;0.0002522562242386568
False;0.15817245884812184;0.004542367336888374
False;0.1619200544327365;0.004242033755231348
False;0.10410219553662389;0.011867170772458219
False;0.2334275674979875;0.0012114338074944104
False;0.210326120646447;0.0009618223123831307
False;0.17039965923060912;0.0036598889459866827
True;0.328553452806599;0.0003113800855601632
True;0.04607872659158108;0.04710754750001105
False;0.20795679241359802;0.0011966879928007454
True;0.00021399772182173553;0.9161491837177459
False;0.12697193449952174;0.008231315976388777
False;0.25280147408661535;0.0007899452314979207
False;0.14404889289065656;0.005203773022611717
False;0.2042681424859374;0.0010424608272156823
False;0.2496808504589935;0.0008145242988126753
False;0.21079543839968135;0.0012116260548284694
True;0.24619539994315653;0.0009422062838125823
False;0.12287906215149612;0.008813772560324385
False;0.18077188745674813;0.002912341022446228
True;0.011445757510585368;0.10772926558709332
False;0.13845749854182668;0.006419262198337706
False;0.14444336271675745;0.005353079829767087
False;0.2545275926469244;0.00043920600126212385
True;0.14386022428463444;0.005311492089009949
False;0.19734056480807882;0.0028770907816609032
False;0.3217176876330863;5.2618418323358826e-05
True;9.415356263607455e-05;0.9732416793650656
True;0.06822335812191484;0.024998520648912875
False;0.188486069648797;0.002820099599890947
False;0.12687844121410186;0.008244536936025856
False;0.2012636525719776;0.0019864387341651563
False;0.0462623663820383;0.046483205556885926
False;0.09538666149508572;0.013665852624151532
False;0.1253939540937345;0.008104638478435186
False;0.1082160628695683;0.011316891623434914
False;0.2925476511960236;6.339029123669101e-05
False;0.1668095328400802;0.0035486838878676145
False;0.2245598974681055;0.001083162439807477
False;0.18336865800025462;0.00272425556093623
False;0.14039291678735835;0.005839458315532665
True;0.0004156182452084001;0.33940600605208165
False;0.15426714781443301;0.004582884809941742
False;0.16191210115999582;0.004261204631694895
False;0.19010348239106561;0.002835909968226742
False;0.2787623272281628;0.00020851558048866917
False;0.12100511172560595;0.009143816760298785
False;0.1768356851845016;0.0032076768470223546
False;0.2057589118567465;0.001114487568639588
False;0.18430270339065735;0.002798452835222862
False;0.10039096891698784;0.012986032475799748
False;0.1255713102612357;0.008204789767263816
False;0.11212757211111017;0.01109588220845851
False;0.22129182031647202;0.001235433692186403
False;0.19001502503163725;0.00268424066215924
False;0.17996346027802904;0.0027699361825065452
False;0.28696072677249274;0.00017662913970539475
False;0.10144492242470436;0.013235291387874517
False;0.13314462760522147;0.006922994730002611
False;0.23986635404452544;0.0010288538023382466
False;0.13034514557244525;0.007334298181293083
False;0.28205557495955724;0.00025088414022927745
False;0.27914970809072664;0.00023549850563788077
True;0.23060384896234867;0.0009722445282647702
False;0.18558070733155382;0.0027319479056922263
False;0.2379573706045557;0.0011178059839975706
True;0.0012407886113702054;0.20482257328990694
True;0.1558101214113786;0.004278380825991709
True;0.00017301516300594015;0.5350712031270167
True;0.00011732731486104366;0.31079377168485994
True;0.00039392059244256817;0.8742149992198988
False;0.055786345634051195;0.0327990134097203
True;3.509414443538464e-05;0.37786690063522127
False;0.065959152565204;0.026856723949865664
True;0.03236744943985367;0.05805791885081838
False;0.032668831514154284;0.057437992177156734
False;0.013880560320695436;0.09333582419197044
True;0.0003166210950048468;0.35838175666694955
False;0.09843099582492519;0.013766297467835382
False;0.030204427526835595;0.059612440843224694
False;0.038573250463652585;0.05079556887110056
False;0.038495277250954404;0.05086560861110444
False;0.04276357788610229;0.04837539533102021
True;0.00037212510088349216;0.3510996022488404
False;0.10875891810485767;0.011130355703193269
False;0.021192340699771342;0.07917374795375207
False;0.03507830037569393;0.05453686486269099
False;0.018898918330112254;0.08426016139783499
True;7.512969336936307e-05;0.3574169116503987
True;0.032807850882967;0.057936608261847516
True;0.0002911125349275615;0.9877932334649216
False;0.050210804466779;0.03870442659101294
True;5.613509585219482e-05;0.3446390753593587
False;0.0751542796836596;0.022690159866426574
True;4.257208859013112e-05;0.3984215939912293
False;0.04741136359059462;0.043973998766934086
True;9.200937629757006e-05;0.34774019126507877
False;0.06530122134875581;0.027773601062667703
False;0.08568045311985993;0.018546865452675865
True;0.0002059313925034301;0.30009949536559466
True;0.000373393225768793;0.4788271151940041
False;0.023058742334812202;0.07116552288114136
False;0.034656520281223395;0.055499864949233466
False;0.029351067646815523;0.06289915749970816
True;0.21437506134303214;0.0008812672273783697
True;0.00022508588541557;0.8301874271388622
True;0.0003284994087844804;0.31881319251401485
True;3.0767534960013034e-05;0.9584791660831834
True;0.03814441026402946;0.051882142450418375
True;0.0004106714893303265;0.8260519511450012
False;0.17514865782010472;0.0031354013548587412
True;0.1732774595441042;0.0029675249355508985
False;0.08424964698175261;0.018998297901216262
False;0.1416732260444495;0.005047839388712427
False;0.036769697265745645;0.052238985540083854
True;0.0002617571071718697;0.3957808997247292
False;0.08125069411739999;0.020292748137035747
True;0.027632145376293046;0.06593508447244704
True;0.0002758331458738156;0.6657714258811834
True;0.00030618065859122976;0.31877447543912757
True;6.674801277398584e-05;0.3415466925375275
False;0.02635595418187642;0.06674321047389627
True;0.00027139811207763174;0.34113718027030154
False;0.13018312881685612;0.008221853909594942
False;0.04851233366343743;0.041916356833563796
False;0.15600408976524066;0.004573492969388391
True;0.002525434314434688;0.19663240994301953
True;0.00010631980949779635;0.8215146741520165
False;0.01408168092118981;0.09476067282503331
True;5.5537012183307233e-05;0.8594976470586461
False;0.016463932291036192;0.08761067608765863
False;0.09917142065840069;0.013783752049555084
True;3.426055285220487e-05;0.9191526561912613
True;0.0002958865050062832;0.3455429640548437
False;0.05045614710560483;0.03886120316992022
False;0.08783047815124902;0.01632264324165551
True;0.0004011534399086353;0.35771538497000865
True;0.0003679583366187019;0.32739000439985233
False;0.10130540232490362;0.012658373485662937
False;0.01364313193065753;0.0979955169061989
True;6.760868149493269e-05;0.8087831445290351
True;0.0004048214217267823;0.3581147278462246
False;0.04385259843624045;0.0479984301388661
False;0.1143371226423308;0.009320523186171752
True;0.11262385302827933;0.011153306748730564
True;0.0008484407683224719;0.2371316117411597
False;0.004222986034463521;0.14877713557345748
True;0.047572778639470806;0.04421335205028722
False;0.08573956816738772;0.01864675472772375
False;0.06520374506090457;0.027901336997673654
True;0.00040554202889787585;0.34167015451115895
False;0.045791071850889146;0.0473468259102588
True;0.0001558781260492459;0.2743545453134985
False;0.05187710880342685;0.03674794463721193
True;0.00039988080668158934;0.35843849163391683
False;0.03840703037936796;0.051935119575349055
True;0.022675771664937464;0.07252550814905954
True;7.022536259200557e-05;0.9809742499646247
True;2.9645233722925747e-05;0.37157357669605495
True;0.07491915262992659;0.022708441699923258
False;0.11249355664325816;0.011269117321786428
True;0.00011033412059957272;0.34862155261488914
True;0.027296326324018412;0.0657181383353344
True;2.388187263106743e-05;0.8240930970794668
False;0.05193562623921076;0.03645201703622858
False;0.06539951159282516;0.027982810627059252
False;0.10569012348228474;0.011689887592478103
False;0.090668226610711;0.015212072923600928
False;0.0555989668607604;0.03263635327926338
True;0.0002826107344543167;0.3778764318536489
True;0.05240228249287167;0.036577118903340346
True;0.04420929191024609;0.04751299608398018
True;0.0002467511536347852;0.7075501887344008
False;0.0533527940244532;0.03677080950498643
True;0.00014527346379809904;0.310500045020213
False;0.0008289881018130416;0.2489712696282757
True;0.000345067998240303;0.8390106054330688
True;0.01188565165323398;0.10284986300789503
False;0.04538887598688404;0.04747235305450912
True;0.0001868450670828955;0.7384815808097291
True;9.654492189128276e-05;0.926740912211197
True;7.764456725725945e-05;0.32875233764956124
True;0.0003042204029872331;0.5718134101808017
False;0.029914215411605015;0.061292061440876906
True;0.00029825072751133396;0.3453897499250365
False;0.05459325491499932;0.0351659545085606
True;0.0011570700862119233;0.24717925546285338
True;0.055690108133872936;0.03380217066081931
True;0.00017833170914286547;0.9251104079264872
True;0.0002666499601202198;0.31418955891784844
False;0.08212605990710832;0.019975308997287264
True;0.032867416840676636;0.05559133972690568
False;0.09533125020477536;0.01377386525085639
False;0.11014896594402784;0.011073629007120304
True;0.0032729950994330624;0.17338361452063092
False;0.01408219279582947;0.0933991490031659
True;0.00022558151282268526;0.8239375208788903
True;0.00020728048038864242;0.3912061042486812
False;0.0509763506425152;0.03862099095568989
True;8.064314526519457e-05;0.3692792174919324
False;0.03023840491170103;0.05958681347098828
True;0.0003301602345709957;0.3674734561846715
True;0.14988033422401345;0.004314264158374647
True;0.00034354655456449824;0.3431268685994801
False;0.04969403315384533;0.040695310334059084
False;0.028196681196005054;0.06486438331594814
False;0.043683062883816175;0.047753584989077814
True;0.00011775716896479321;0.8310887600982243
True;0.0003819284737601767;0.32619942315785627
True;0.33102576306533726;0.00014803242682743422
True;0.005342975090594036;0.14411783433198977
True;0.00041066238425092346;0.828970697170157
True;0.00020118475955058362;0.486850510037919
False;0.021650139393512118;0.07903857866084248
True;0.0001628185586384984;0.3170920882038873
False;0.0044323585446157925;0.15944862705357682
False;0.04909732727903505;0.04101004941501439
True;0.00013940103141249174;0.30135208917346534
True;7.521231238669386e-05;0.817382453563334
True;0.062375053450038555;0.029420147545771377
False;0.012165609289409678;0.10162360559570419
True;0.0001560074184229524;0.34171780514553995
True;0.006361274625105291;0.13873052292341712
False;0.06138273503827077;0.029765190342129953
True;0.00010970972856233828;0.3595877428535879
True;0.02859425842039726;0.06477403627270355
False;0.07187788320276496;0.023067493735275335
False;0.20488390009682111;0.0010942465179726527
True;0.0003730893506045744;0.68981361214127
True;0.00013117649562516484;0.8141250372366351
True;0.00040840774358865306;0.8553775931191893
True;4.693835877716806e-05;0.35131085460405387
True;2.5608985152573914e-05;0.8483506736409756
False;0.0042802055593811165;0.1562443058187564
False;0.020150836287099516;0.08164621737548086
False;0.027672848562114747;0.0651987354702682
False;0.00518006440836285;0.1437599351645419
False;0.02793074179140633;0.06540348098344506
False;0.011156538218716826;0.1102200062600042
True;0.00038838330183935116;0.3343768372241575
True;0.004183596120672273;0.1645986320070537
False;0.04554267264612203;0.04744388983429498
True;0.18863185413575237;0.002594035723664507
False;0.07102395471411686;0.02302947876060507
True;0.000299279749796685;0.8343043764265241
False;0.012379887471696138;0.10246424563367727
True;5.806717373778289e-05;0.27338319973875536
True;0.00035082607435644406;0.3510487070207187
True;7.821896560608254e-05;0.8565988859451281
False;0.1140562073572972;0.010529993561811753
False;0.04847121138014388;0.042708639112674335
False;0.01271680317354393;0.1017225369342873
False;0.0383283475321367;0.05211669381424039
True;0.00036670945674964863;0.37790082422568455
True;0.0003115288291437569;0.33418649981278453
False;0.052929073472684704;0.036509826744197525
False;0.03811632276775103;0.05219575178913846
False;0.1274273543226702;0.008153442796913641
False;0.030667148978273825;0.05922048158566666
False;0.01377191526762579;0.09953668362394882
True;0.00039341314038322296;0.3085555537854718
True;8.165834272359657e-05;0.9161773874712325
False;0.08894893917640093;0.016140676584113865
False;0.08771359213163564;0.01660157744725973
True;0.23144780240264512;0.0011443569644811443
True;0.00033549247625980097;0.3341216295721728
True;0.00012490918332777845;0.31407254837449256
True;0.0010989500909979486;0.24368387056557234
True;0.0002921077481923125;0.3486514072045212
True;0.00019280542487720004;0.6475278078591448
True;0.0594134469629941;0.03009840092292514
True;0.0004071511720245011;0.612343593492788
False;0.00288967904104741;0.1843585327208134
True;8.364892510370856e-05;0.7312402316775466
False;0.10160053662858505;0.012553079440986903
True;0.05395040395251342;0.035114538878207896
False;0.012292015413829169;0.10220875339670688
False;0.002759083629778236;0.1833720142445799
True;0.00024038399780145758;0.4145519455731294
True;0.0002229569686657578;0.887895773345928
False;0.043855708292832356;0.04752411927438233
False;0.027666898136266;0.0653902301671429
False;0.02809315458485908;0.06478600883749568
False;0.02045637690735582;0.08034791475767747
True;0.00031060959346954856;0.8664140890362618
False;0.07754893657699947;0.02206164978325505
True;8.816260103115109e-05;0.8826181438995211
False;0.048176926135706066;0.04276566737707552
True;0.00025682430790007984;0.8209521097604491
True;0.000303769742003841;0.3576713799027385
True;0.0008687424249377451;0.2051352861141262
True;7.494660700542408e-06;0.9355535137032914
True;5.611440239411377e-05;0.847266031064329
True;0.00021493219233219456;0.867981552809146
True;0.0004149834485017308;0.8254168449917414
True;0.0002604044316216219;0.3910617347346865
False;0.028749633930226327;0.06443380225625699
True;9.040960587706065e-05;0.9325975608803481
True;0.00021108799571881108;0.7945090840314674
False;0.04733069376721525;0.044251839583560305
True;7.706078796789738e-05;0.3000656637036699
True;0.00025583337229563883;0.5852347898604774
False;0.026860043260352646;0.06579983896025816
False;0.029355317895821107;0.062046341309231555
True;0.00016101059781219718;0.9336064029385729
True;5.1136469067668035e-05;0.8087425163821631
True;0.0004011299838536008;0.4054911298533514
True;0.0003204037459807172;0.7239040083303223
True;4.368994366175665e-05;0.4320634950041343
True;0.034908185010900164;0.055534111561632606
True;0.000391621277881332;0.38552443345315685
False;0.07130627167916032;0.02305252474547654
True;0.07988458153363996;0.020690969575733176
False;0.11362052298704196;0.010524877172011386
True;0.00024896762388243926;0.8287587378078712
True;0.00020282938961549803;0.8573890170034791
True;0.0001730135164984989;0.5329377982601134
True;0.0003613931507269578;0.7716399068647761
True;0.0007293064922303086;0.2552836732678688
True;0.00037451381697147467;0.7885805640178559
True;0.07257916007163569;0.022816042033159806
True;0.00021628258611814966;0.3415903739499069
False;0.014017970386490431;0.0943768961789126
True;0.05818477889945589;0.03223749580648676
False;0.030706790528573998;0.058854086843825766
False;0.07732147117003896;0.021797965991534437
False;0.08621985331915706;0.018112566453028993
True;0.00271602509035962;0.19374373168592718
True;0.00031273696714937473;0.3638676010610193
False;0.01203947765011423;0.10461160264801593
True;0.0004086260061310253;0.4426639271359884
False;0.010114622984571381;0.11389349304673868
True;0.0002895556744265473;0.8023798992246305
True;6.50869078994721e-05;0.4335571926206939
True;0.00037507381764609766;0.34540022129174924
False;0.008969515781364425;0.12072134476489603
False;0.07760405720951809;0.02176397565331576
True;0.02837723547475395;0.06485132253685459
True;0.018322448151043745;0.08570030090117008
False;0.06356200995068485;0.028796787000708545
False;0.0327853257184262;0.055967568954275175
True;0.00020673469276576078;0.5890415778519997
True;0.0002275668587139993;0.3580180782952121
False;0.013724266937035047;0.09943340554627285
False;0.03283010994282461;0.05575352142266876
True;0.00032713503999183243;0.36777725220608426
True;0.00020019123650278896;0.7538220631763
True;0.00032411419451135653;0.9889579523175922
True;0.0003589256172194731;0.945036568158875
False;0.027931259305025276;0.06569459796186215
False;0.013802769724183265;0.0944967099595522
True;0.013217908064653757;0.10039837422410605
False;0.0029643986882354973;0.17544751691206537
True;0.00037904021222553655;0.27415138235255915
False;0.02145155595258335;0.079038348761975
True;0.00013967223136250077;0.3583362056276397
True;0.0004149266566811935;0.8916102269074468
True;0.00013007598516820768;0.8413716396485685
True;0.0001505259919805019;0.6629813856941061
True;0.0003433147993701331;0.9141248990725984
True;0.005785155769243187;0.14029885124258515
True;0.00029107399573281715;0.7402838914413931
True;0.00037303284707914725;0.34880264911591913
True;0.0003452885769998325;0.9489974382121946
True;0.0002932080237512454;0.39102880140743124
True;0.00023510600860149696;0.8188745587432724
False;0.013422172125789151;0.09978609023161006
True;0.0002596246490279076;0.7128853920734297
True;0.00013264610155380846;0.9298429076873637
False;0.0475264776137224;0.04358756859445957
True;0.0002805693314672214;0.9332825865898317
True;0.00024208085214531315;0.8508429931590245
True;0.0002737825339412181;0.9597174934341267
True;0.00014002084017546395;0.554856637855512
True;0.00019563165591094368;0.7921251080610155
True;7.660670054438238e-05;0.8278430359956614
False;0.004238995475209939;0.16143815287991056
True;0.0001696359025350104;0.4042660154038189
True;1.940338078330958e-06;0.9691474590264969
False;0.011613323182875356;0.1074719307756523
True;0.0002360167755055788;0.49394427596930995
True;4.80895379454851e-05;0.6134340070606065
True;0.061315113791038975;0.030004460540105058
True;0.00033279810819522045;0.6331547897854803
False;0.013074701379790622;0.10119219716570758
True;0.016229596232996163;0.08850158973150211
False;0.03281070397457518;0.05801120201918956
True;0.0010612034485709065;0.23225839421636288
True;0.0003041303358139683;0.9398725281332325
True;0.00015492437655195896;0.4707717129473616
True;5.108525997852242e-05;0.7384374465947462
True;0.0003468967957065186;0.8164761746537949
True;0.00022432537802687016;0.9343899127312147
False;0.10175746404257449;0.012918034338893998
False;0.0354392732727927;0.054562379423750626
True;0.0031852813344945964;0.1769661023128889
False;0.046865779564329954;0.04575387643168888
True;0.00024188857435769446;0.5275021013076666
True;0.028058673627447208;0.06546252442593893
True;0.00040642999131411384;0.7822793906513182
True;0.00012594850660725758;0.3549191060373567
True;0.00022624630196560754;0.8587607650595631
True;8.809548732564256e-05;0.44762216203111616
True;0.0878777821850678;0.01663289079062634
True;0.00012076540216738907;0.34315169320968003
False;0.054278232963684996;0.03531560378907671
False;0.09042973475029219;0.01544850589882904
False;0.021728290133060272;0.07931245105976778
True;0.0001532553127523393;0.6569409946547653
True;0.08400591563737915;0.018984600441969552
True;0.0001277632962194596;0.5801051980935299
True;0.00023181114925076356;0.3522706637369018
True;0.0002688779973857288;0.46405213346480073
True;0.0003955163515739979;0.5624086827261089
False;0.001028725057004451;0.2278474848636276
True;0.00040955036403599114;0.31692124103679303
True;2.6206006661670303e-05;0.9904137785033182
False;0.06131456808259064;0.029954958614107137
True;0.055898224042237335;0.03274727614780946
True;0.0003764795506547231;0.5795862446324371
True;0.06417870108611523;0.028798664428649565
False;0.001084209124794815;0.23114417999471656
True;0.04724926585157768;0.04413048037300017
True;0.0003782353174346035;0.967666122349802
False;0.013275322295686846;0.10041676601778309
True;0.009118728745735933;0.11798926049755273
True;0.013838924642877132;0.09355826481326719
False;0.01070835967976397;0.11339078220610352
False;0.23369851729376784;0.0009410193572430951
True;0.00030145826408644856;0.8077576172931403
True;0.00040668168535387905;0.41294635912528765
True;0.00023080859174565407;0.3983698874655761
True;0.011465320065200105;0.10612257587464749
True;6.275412602745319e-05;0.49528308015274697
False;0.014175376876094704;0.09410422380372714
True;4.117773352721792e-05;0.85621710742274
False;0.06684355761198385;0.026336408532956043
False;0.006786563107045161;0.13298822805910052
False;0.032709162143357125;0.05572129512959138
False;0.01519118995661109;0.09042056872729146
True;0.009090194586309245;0.11966869311224779
True;0.004518896377987367;0.16456934260428485
True;3.4364613813066806e-05;0.8875344269793759
True;0.027545930680139354;0.06588829449800583
False;0.10990973972662267;0.0112727881502343
True;0.0003160297069333891;0.6493109508905606
True;1.897145885764286e-05;0.9407367005199292
True;0.04372174444419391;0.047240399062599345
True;0.00030034054786998003;0.925841610898534
True;9.893182481640943e-05;0.6312082322596396
False;0.07101028290458465;0.02320261166198698
True;2.467524328398485e-06;0.8845433956318961
True;0.0001436595017642721;0.9379435317124737
False;0.03871768819752523;0.050517845279091436
True;0.01224140704556996;0.10194244461970922
True;0.04716546443999375;0.04564484429229093
False;0.08237317606452603;0.01958787449436237
False;0.022924023050142062;0.07678690524110403
False;0.07502264017403308;0.022761833014841918
True;0.00036633963741111134;0.9340607335053838
False;0.004414965174468033;0.15565546727115498
True;0.04819118945058526;0.04273576491601234
True;0.00034608521303027695;0.5276010346041535
False;0.018544285666329083;0.08502627879162637
False;0.05902128078597223;0.030440652192767752
True;1.3114762484213977e-05;0.3337135318073655
True;0.0002359226697012892;0.33401929032273686
True;0.12215986783787036;0.009118670096237482
True;7.478081778025798e-05;0.2677497833077024
True;0.07301708715814915;0.02261837610089974
True;5.728716579578292e-05;0.7400270677369926
True;0.002817704010431307;0.18680937405452824
True;0.00012217569348739108;0.7810572979890896
True;0.0003631211303166214;0.32579233041110095
True;1.2842273508513721e-05;0.7969364289408334
True;0.00035295370206184836;0.8363945577531038
True;8.461796139185819e-05;0.901429735842394
True;5.380451889815095e-05;0.348947106160137
True;0.0001056000806103341;0.9757988305411579
True;0.0004128143194706231;0.46171538545994145
True;7.159169119429447e-05;0.7958510657038662
True;0.0002733254358948421;0.8741328995678933
True;0.0003765878399201612;0.8985019523841556
True;0.00038202755002444575;0.9618114769817433
True;0.00017732808721308987;0.4433315329359206
True;0.00040117211158703425;0.8396860017884874
True;0.0001677497454013278;0.7724090582108548
True;0.00023107889809403638;0.85623431582856
True;0.00023914635314390093;0.39075219544468975
True;0.018444495235427592;0.08544861930914822
True;6.474383650522805e-05;0.9518199568210669
True;0.00024599854022785685;0.9533281032135967
True;0.0001295555893542321;0.7140944124138318
True;6.34599255282124e-05;0.5559178945207298
True;0.000247230588661218;0.6143906850299455
True;0.0001762129298126391;0.4986429764160303
True;0.0004114650579360944;0.8902355289085537
True;0.0003800813981301663;0.7390871939628837
True;9.30153234172407e-05;0.8395419967101294
True;0.0008636074031146818;0.23828211919979772
True;0.0869742617328976;0.016355549178165972
True;0.00038954314507727377;0.5850893706100823
True;0.00031647197040507127;0.9492562376030695
True;0.00031219798181173955;0.8882574165643414
True;7.872832427957545e-05;0.5752009903676272
True;0.00019255469421902962;0.5328510685592914
True;0.00018716256759096096;0.6048590922593338
True;0.00026140907719693606;0.3573760519697225
True;0.00020708303898631;0.6369919701686756
True;0.0005069702503606144;0.2567562170511682
True;0.00020879968857780954;0.580216893665032
True;0.00016359919457408734;0.36317650746752317
True;7.481452285406219e-05;0.5338286677426544
True;0.00020745818055077864;0.6447759597456146
True;0.0003914338006507434;0.4160763356651016
True;0.0990868954090851;0.013459879298785352
True;0.00014383047653758295;0.7885153604824819
True;0.013404745630483595;0.09562942113401766
True;0.00023111521149233943;0.8781282193670397
True;0.00013538196823457749;0.30708382798181266
True;0.05271218093930687;0.03674589564386842
True;0.00034515474474036147;0.27945287211341824
True;0.0001647480843931156;0.36419528030445186
True;0.00012980708776299336;0.9915281665210518
True;0.00011744143715352607;0.5259500757305455
True;0.0003566305016532317;0.9362832016629058
True;0.0003040123312027601;0.4640978855661836
True;9.082985950047076e-05;0.5902719358556229
True;0.014999586915246664;0.09049972219246187
True;1.957581504674668e-05;0.9271214425186673
True;0.00035336525207869355;0.8700524303817803
True;0.005202591585142057;0.14282490711533966
True;0.00018339303684822056;0.9267458955194453
True;0.0003903469191287688;0.8832213607110256
True;0.0003310500124495909;0.8588670186083645
True;0.0003022512803649603;0.46400565250111325
True;0.022934039934829748;0.07496747554079716
True;0.00038015291570658497;0.9175865798898549
True;0.0002969503472629397;0.9456514238140175
True;0.00028139053597711855;0.4319880999285685
True;5.6439834347515854e-05;0.8562371632492359
True;0.00020339328091458267;0.7537155864730797
True;0.00013803258860125317;0.8943936734065226
True;0.0141315882869178;0.09379613933344141
True;0.00035536954219907933;0.34787788979704787
True;0.08601665036584416;0.01823389459315171
True;0.00029336885805189127;0.9340514914002999
True;0.0878790220551942;0.016658799303309334
True;0.0004106074537875711;0.661545242650016
True;0.0001232375636919064;0.84226809827422
True;0.00010508275402848443;0.7571708472143182
True;0.00025775528692209294;0.4761036005580204
True;0.00022754262077866343;0.34536560774186403
True;0.019186693154584978;0.08431200586676399
True;0.00021108811707615884;0.7016052112491913
True;0.00011717659691303753;0.36498043522233
True;0.00030288258705761745;0.8034116941942858
True;4.20350962860035e-05;0.3354615971456249
True;7.88602960192748e-05;0.35990443704488884
True;0.00021897228345002317;0.3741062116721697
True;0.0003871181889876719;0.9675953787592353
True;0.00019778531671221046;0.5216348087116179
True;0.00019262706978573425;0.49623938380867266
True;8.220963042022531e-05;0.7162666010267752
True;0.00021130449891289493;0.5589233169879748
True;3.687626753065583e-05;0.5557546931679658
True;0.00016944072011659085;0.4065158164560013
True;4.627686734378062e-05;0.9878505766528416
True;0.0001683160014528364;0.5532852075144622
True;0.00030285953705967966;0.8359990374250627
True;0.00037605371390985934;0.9538732934285048
True;0.00038455896879855983;0.9319301325144471
True;0.00035507962267578214;0.7790595462078416
True;0.03835672716240578;0.05216384304345861
True;0.00038943190859370644;0.6293723767899365
True;0.00014209670909089638;0.9206011534958066
True;0.00020569650743440827;0.9216216450865613
True;0.00033149820493424167;0.8593681593102647
True;7.232326363175226e-05;0.32384354975071455
True;0.00015129485681213083;0.6708852317342557
True;0.00017970823119236164;0.6949744761967812
True;0.00026054516946315563;0.4992569727199295
True;0.00024166887666140103;0.4889470447195813
True;9.607650749433843e-05;0.6539426156578029
True;0.0004053310259529839;0.5697294136395696
True;0.0003562578373495182;0.7338314287969857
True;0.0004927981505782587;0.2560894382189382
True;5.53307320970998e-05;0.8479932034325094
True;0.0003917061163799361;0.7492792735196679
True;7.220287991116719e-05;0.93436539000478
True;0.0003085838322591491;0.4895636090414879
True;4.582162197891855e-05;0.38986726738626165
True;0.0001934935266297206;0.7301948204338152
True;0.00011130355394879858;0.44759847095021527
True;0.00011955473302810232;0.8800232365412215
True;0.0006963058374849576;0.2477003285530547
True;8.338893545451368e-05;0.8168049891313662
True;1.8421785683286548e-06;0.9451509473948269
True;0.0001739204921120163;0.8023508087091432
True;0.05752944289332815;0.03297335661589983
True;0.00012580650234216082;0.36571272016585704
True;0.0003421021833114117;0.2878667730611451
True;0.00034151031379586034;0.6316939942940958
True;5.1207177670370217e-05;0.5621387380509797
True;0.00040274726067208647;0.38977350663936433
True;0.07727161479981316;0.022736168758759646
True;0.000264497456824013;0.7263587023589387
True;0.05717143301241256;0.0329673689190762
True;8.848066689639404e-05;0.39913173802177304
True;5.8818955414099735e-05;0.259074522269097
True;0.00034078007593800323;0.34780888268872073
True;0.0001387563987093855;0.921356617092775
True;0.00021901123678140096;0.7538020415199217
True;0.0001314299947423793;0.32968863931005193
True;0.0054100860989098;0.14379197640782845
True;0.00014656486597329336;0.979202572599685
True;0.00017953336508941308;0.5405737031171574
True;0.00022523324626423608;0.8076470152679686
True;0.00024104627921535637;0.5751166069086774
True;0.00023781503539140324;0.524477397208955
True;0.0002721558783499552;0.94930031922988
True;0.00038663395436700344;0.45984583255689165
True;8.485317275565632e-05;0.9230561171000667
True;1.3907299804347464e-05;0.7971383943253925
True;0.00014601422429647308;0.8840668165731684
True;0.00021943335029066052;0.9543068014031766
True;0.00039266960067190247;0.9347207149860216
True;0.0003116032680727358;0.30871571698289596
True;0.007995193480521435;0.12831913076705365
True;0.09065619498394985;0.01489628305738339
True;2.5433830164513462e-05;0.5614737229096458
True;0.00012235933843184825;0.9557496970232201
True;0.0002895051718175889;0.8138121117865137
True;0.00011157878127926154;0.848019182058235
True;1.3517937332744075e-05;0.5175542075051363
True;0.029515276794148473;0.06173261010772103
True;0.00033318169306803834;0.7943886319834375
True;0.0002697276174487642;0.6700594574877416
True;0.00023588682275692865;0.5122733719296728
True;6.664187990238663e-05;0.7117364666257936
True;0.0002928741838211803;0.3001690007703664
True;0.00011986285027982635;0.9433202168786747
True;0.022375497495829757;0.07770243481330429
True;0.0002854676661713588;0.8404005349226432
True;0.00029930567354713564;0.9012658518521456
True;0.00026588737425583555;0.8003434691063758
True;0.00035840948067211964;0.3599689965425858
True;0.0002791187025500855;0.3437036058809677
True;0.03296144919653236;0.055702112898542086
True;0.00010863035972381795;0.3730292579075235
True;0.00018010893672198771;0.7828349135756285
True;0.00016442622803042756;0.8136357372363842
True;0.04467997333816131;0.047363364690831286
True;0.00032187953693361146;0.7979831880844992
True;0.00015942635835140384;0.314297763813964
True;0.024953514415539925;0.06827355712984728
True;5.649183067717745e-05;0.9418298721445911
True;0.000332840584533642;0.9819927906694718
True;0.00035740196654845805;0.9434520896614327
True;1.1837291263110425e-05;0.3259065594648231
True;0.00010796864878812398;0.934688273149816
True;0.00027440875052522527;0.8362888216538126
True;0.0003038154277625425;0.9016605176320536
True;0.04380833901011849;0.04761789242106945
True;5.491985096061462e-05;0.9755656625401202
True;0.0001647768232689579;0.819860894358543
True;5.503658268544184e-05;0.9946352651735559
True;0.00015714535072465039;0.8742022154949858
True;0.0002743755520596657;0.8979353368475591
True;0.00011849171471338713;0.6105244538745437
True;0.0002753149275642754;0.9807069427065529
True;0.00022732129323124335;0.8562460348257203
True;0.00012800711339218732;0.8156449516984414
True;0.01891378614222149;0.08476993520490202
True;0.0003755687051992597;0.9515414943113794
True;0.0003036691931348886;0.9877333120893389
True;0.00010842491849964601;0.9407506061788373
True;0.00020207891282484483;0.46765914421226695
True;0.0002458100513999589;0.969922232923729
True;0.0002964948212383334;0.8387763225682338
True;0.0003685894312773365;0.6779737627345291
True;0.00023623430457314523;0.9229520305953904
True;4.263729046944089e-05;0.2980827440043426
True;0.08573802671715666;0.01869195272877394
True;0.00024118044216007282;0.8796612307114132
True;0.00026158148018142933;0.9492610090722756
True;3.347016968675895e-05;0.8877571304523055
True;0.0002331283510682161;0.9448677005394795
True;0.00020511331700754317;0.5962788766637587
True;0.00016543894216414088;0.6534940855888483
True;0.0003629378233515406;0.45972790979433364
True;0.0003997344881839644;0.9530844975945866
True;0.00038404188578639633;0.8070798205322904
True;7.634004380022532e-05;0.919891837938637
True;1.3800347613991328e-05;0.8579836276030531
True;0.0002921502227485686;0.8706281448150268
True;0.0003000330177152008;0.873464065714637
True;0.0656222417169432;0.027587434259483633
True;0.0003032097395626108;0.9521014185809
True;0.0004031801648301683;0.8590130196169408
True;0.00033996887744043754;0.47852235988572606
True;0.0004141017017085037;0.30687489561531334
True;0.00011102551615974152;0.881843092987016
True;8.107406433324186e-06;0.9653267574755828
True;0.0003047327813469082;0.48912507790334075
True;0.0001164688011799606;0.9915902894122923
True;0.000350761226539037;0.8775463561168484
True;0.00034065032054411313;0.9362281069455599
True;0.00020484107270598851;0.8676532540733282
True;0.00010780803848330538;0.2652335984223844
True;0.0001388080213837398;0.9270114289609632
True;0.0003767404782954784;0.8693336553787474
True;0.0001972818791488432;0.986167177808326
True;0.00014759102052094465;0.609116372390728
True;0.0001705055017388546;0.883109263143651
True;3.6395092665271747e-06;0.8589487162649391
True;5.169804751669447e-05;0.9327132099332592
True;0.003659025876186274;0.1667184785896831
True;9.78866733905678e-05;0.9191952511241579
True;0.00024463248100241823;0.4033545637944317
True;6.14381003993165e-05;0.35657396244467
True;0.00010224319435671912;0.9971611625796074
True;0.00022113792818725166;0.9452386041161063
True;0.00015452885156285416;0.3025582181641864
True;0.00906234713418489;0.11572661694909478
True;0.022121202023374028;0.0783257503991821
True;0.00034728447727902924;0.9346465334493346
True;0.00031166052967089163;0.8042106577741778
True;0.00029136773720049786;0.9377390526242971
True;5.425564705093787e-05;0.6992468122709665
True;0.00016213300516334017;0.9677562393390191
True;0.00026154749123383073;0.6949522834525699
True;0.00033520513534233997;0.6566379312863272
True;0.0003478703789358068;0.9493709390393739
True;0.0003768642929729976;0.9484911195566028
True;0.0002754606411419458;0.47507261305307863
True;0.00028889457540628207;0.9906736978161195
True;0.007983079042430253;0.125689310435731
True;8.375487259752997e-05;0.7244131770057057
True;2.1639224207391037e-05;0.8024852923651628
True;0.0003468891987074485;0.9676601896286492
True;0.0001901756990144317;0.5331051497203366
True;0.0003568712878203385;0.849489222186323
True;1.7418521966430884e-05;0.9592393392171922
True;0.00014274060365677583;0.9338109857705382
True;0.00032212383301775656;0.9398944139343457
True;0.00033091348419093177;0.41377553855566584
True;0.00014523755029655476;0.9871361126126317
True;0.00038222902176201704;0.91482154232401
True;0.00030947994475280364;0.7865128455896087
True;0.00030922168537315297;0.9553204308683036
True;0.0002731046202736155;0.9878288256764771
True;0.00020183948438445888;0.9338600352708634
True;0.0002419081710557188;0.7041660185614764
True;0.00019886492748761577;0.9322538730253784
True;0.0002961814233416434;0.9201612267981715
True;0.00022812717052022558;0.6797954395967328
True;6.0186462919981105e-05;0.8594362027598706
True;0.000316425910832109;0.9755422626644906
True;0.00023496369352011553;0.6992324818135388
True;0.00026817740213388997;0.9826739298938992
True;9.378036083209048e-05;0.3940333067971228
True;0.00028726961587023945;0.93367130920359
True;0.000248887751189701;0.9344563265718593
True;4.0880757232714495e-06;0.4673102714274273
True;0.0003030104357921226;0.7345807989422886
True;0.0002596057082186355;0.8476462915310163
True;0.00036786309103918315;0.9628756809030211
True;0.00017298974776893582;0.49395620228396786
True;0.00038073222689695186;0.846694578686957
True;0.0001048068282573451;0.6143294864541401
True;0.0002816321840886782;0.9838584933504342
True;0.0002569832563259978;0.8161978840031813
True;0.00041779504810974;0.46175616699112754
True;0.0539451618706817;0.03533471062944223
True;0.000395559842816559;0.8163244159133394
True;0.00021358835876721943;0.9448891650093592
True;8.774222941111134e-05;0.9916365125011574
True;0.00018348186752718576;0.7922698582926243
True;0.00012082193581525725;0.4317053002194911
True;0.0003665053115157625;0.352216769211842
True;0.00011586288191293409;0.8589181174551315
True;0.0010033121706775122;0.2280242079639727
True;0.0002831352500864601;0.7890024077221941
True;0.00032318361756514274;0.9894428258138431
True;0.0004009748333195525;0.8755679595103723
True;0.00025216188876628907;0.8470529419927537
True;0.0002631810620160604;0.25883229107672234
True;0.008809848099201384;0.12309267878074734
True;0.00018123908967231377;0.8214472389978836
True;7.7682769763975e-06;0.9675255572520988
True;0.013673588476234944;0.0973175708987253
True;9.17248679873781e-05;0.9876660719667409
True;0.00025327275422090884;0.9792539740120528
True;0.0003515947347168122;0.9610321922297321
True;0.00017365262828509425;0.5664081497717718
True;0.0002722842782067409;0.9106597151998089
True;0.00027819653801896714;0.6144253207582292
True;7.386932750555769e-05;0.8759860781168208
True;0.0002787940865016809;0.921126135546175
True;0.000275644695629622;0.9557745181283063
True;6.63145413777653e-05;0.8839654219180665
True;0.00011215953547697718;0.8259236276976887
True;0.00013305728659958435;0.9342442387042659
True;3.051628833662741e-05;0.30846227022776707
True;0.0002650743896463278;0.9776730547348427
True;0.030586148298289813;0.0589274307823154
True;0.00021138445403086809;0.922408784896324
True;0.00010912286992882666;0.7150895833811118
True;2.0398896289163948e-05;0.8136960432560449
True;0.00021084739378198237;0.9929235927847408
True;0.0001416230904292639;0.9209143613722384
True;0.0003492758040031261;0.9299614203352745
True;0.0003826353069088709;0.7146960200034345
True;0.00035953443842919324;0.9542448766343143
True;6.240992407730761e-05;0.92627804359446
True;0.0003989269052257381;0.8662553037620462
True;0.04664304288401855;0.046182512583969555
True;0.0001372501819673991;0.5846696334894523
True;0.00034080278978035187;0.8611736567240066
True;0.00018646404004579297;0.840691662899998
True;6.091055015870727e-05;0.9012260954000774
True;0.0003122870927331518;0.7995744473822041
True;0.00013728804813775027;0.804392000056584
True;0.00016554457680572666;0.3438431955960577
True;0.00011493542707463203;0.8484709868952807
True;0.00019763087801102428;0.6143565338022918
True;0.00032819993313017566;0.4987080788883746
True;0.04642728859311144;0.04664973046726226
True;7.0570417023807746e-06;0.4574466820927611
True;0.0001614071404107526;0.3337923451484037
True;0.00031191640291319323;0.8230956645444822
True;0.0003387393446022974;0.9421945500041589
True;5.012490763403398e-05;0.9816089861429962
True;0.00015715741169096786;0.9436168972260258
True;0.00033460017742769916;0.3216573015632895
True;0.00011536217064691264;0.9344468273337212
True;3.483763651768613e-05;0.8364651967928777
True;0.0003405824611332262;0.9017964350333136
True;0.04749159101207719;0.04403692676847639
True;0.00029530424960551516;0.9759278689230501
True;0.00028451669032578494;0.8197868652268125
True;0.00039037437368162484;0.9947930456397339
True;4.602006519151593e-05;0.8739825667671337
True;0.00037690794315563844;0.898088320981579
True;0.0002615741619414045;0.927413511125937
True;8.294727036837004e-05;0.9809617301109604
True;0.00036246796319282075;0.8558622657467101
True;0.00012126404709831031;0.8154717604338861
True;0.0001739060171322396;0.9391918291630744
True;0.00018974992482399504;0.9515703681857144
True;7.333659149704946e-05;0.9877918992402063
True;0.00014888510007287725;0.9409993050443571
True;7.820976418459727e-05;0.864152402426748
True;0.00027068613510357434;0.9700059658592914
True;0.0002459425470329784;0.8385800909068661
True;0.00022540333346487504;0.9857965180769737
True;4.411821002799014e-05;0.9238306876982006
True;0.00029047674531411616;0.9514975822087092
True;0.00037123513484540294;0.7615672104184248
True;0.0004134361417787982;0.8800379960287233
True;0.0003417790116600813;0.9494348918232082
True;9.147948422140604e-05;0.8872220401342218
True;7.482420529541646e-05;0.944860054528987
True;7.180986457008232e-05;0.8875302308836193
True;0.00029910266197333605;0.8895345573662012
True;0.00016851876278868024;0.839761640475157
True;5.508426906455799e-05;0.9533971705720687
True;0.0003329281884832991;0.819272337890466
True;0.00033189046714563207;0.9202758527676522
True;0.00035593627065850093;0.8580521656033704
True;0.00019807705704828345;0.8717004406117768
True;0.00013544154266879175;0.8738246440744435
True;0.0004033878690235983;0.8244172208380626
True;0.00023124124477914027;0.9515640971733609
True;6.728895890687328e-05;0.8591795759990969
True;0.0001754882887177166;0.49245541713516783
True;7.371359751359437e-05;0.33017108453952965
True;0.00026050186059115114;0.8818864235717743
True;6.995953554168877e-05;0.9641126243857504
True;6.882955871607478e-05;0.4889808613299509
True;0.00031524240804258754;0.991603798825988
True;0.00010961611432000247;0.6996895043321024
True;0.00028259215193492907;0.7780510445235983
True;5.5312224348841664e-05;0.8677228503822616
True;0.00012787807181655837;0.9299779633578944
True;0.0002151743151707501;0.9269454444170127
True;0.00020235060468096924;0.8692686324201467
True;0.0001709379713978788;0.9861196748137885
True;5.963624128681121e-05;0.9558363818489742
True;0.000392586835353712;0.8832322613141301
True;0.00038267143073415425;0.8590838238842873
True;0.00018285390208342079;0.9339602255830585
True;0.00021225132659947958;0.9731557928278223
True;0.0003059370894606883;0.9181926462621448
True;0.0004126525450719291;0.35938722747485174
True;0.0002569852069137546;0.5574515505810098
True;7.583655418183925e-05;0.9974497400438096
True;0.00027192231194036966;0.9452405604420963
True;0.00024347453534874456;0.3313707600415292
True;0.00038122950364573614;0.3410879522026216
True;0.00036039689121160096;0.8270165138031115
True;0.0001853832747348525;0.9343672670539898
True;9.416669161741528e-05;0.40216145304910594
True;0.0002893990905353127;0.9378100401554218
True;0.0003827026775789241;0.6187651878387576
True;0.00023993573632190795;0.9674642691046119
True;0.0003135991997388117;0.9694018486218062
True;0.0002534904336001784;0.656597233074038
True;0.00025180512852793154;0.41303557335223423
True;8.952233828477198e-05;0.9481079090833608
True;4.0088142323688045e-05;0.39385259339250533
True;0.00017707044376653636;0.990589688995049
True;0.011598569305263581;0.10447755829589271
True;5.333419830978271e-05;0.7245987822171143
True;0.00039402341513714956;0.8029422849331919
True;0.00028183840595306177;0.9676341475389684
True;0.00015291897181795086;0.8827210096684369
True;4.5248089122570155e-05;0.8511206831667852
True;4.253934661331186e-05;0.9590933708790589
True;0.0004092213348146099;0.9336220991510213
True;0.0002839578855802909;0.9407340250196501
True;3.7653337371910234e-05;0.7797330811112642
True;0.00011998272534867;0.9877796291217353
True;7.704756469233324e-05;0.9147795281307918
True;0.0001957469569252221;0.9697664294325569
True;0.00013456604553422691;0.9553128920488316
True;0.0004075200451019989;0.9882387170849788
True;0.00022773202109427316;0.9335684776078549
True;0.00011031441936389138;0.6150745698917761
True;6.61807579616607e-05;0.9322967006657513
True;8.507306480439601e-05;0.7337233076121826
True;0.00015659227999208837;0.9559633188522845
True;0.00011671059995726022;0.8595673226576036
True;0.00030712904979717187;0.7734543457059214
True;0.0003530346536872604;0.9876106692779643
True;0.00022755691269244412;0.9826901676963811
True;4.278560927280325e-05;0.9163851405619992
True;0.00032420310635317454;0.9337186997998667
True;3.1788826602540514e-06;0.934086606141687
True;0.00012142789243314435;0.3597837205387434
True;0.00020970170524977757;0.7338550676923074
True;0.0003374175483186998;0.847683756620124
True;0.00035162446677886104;0.9633351788499549
True;0.00032805076766802234;0.8951997605197308
True;0.00039873697856124713;0.8469492998204938
True;0.00015498239169447564;0.6147042840540844
True;5.255140744964026e-05;0.9841628324819679
True;0.00014119188636491377;0.5222360489554548
True;0.0001516669248492057;0.5979138799219723
True;0.002431860571026205;0.19984029427852928
True;0.0002724817945772674;0.8160050026801082
True;0.00032655258541160675;0.9449098463311931
True;7.037737755688278e-05;0.9915941267841193
True;5.88220481050325e-05;0.7921237303668098
True;0.00039490815717197446;0.8589330576073522
True;0.002707013867693945;0.19175204988139746
True;3.1233566663758325e-06;0.8590329127774047
True;0.002553188749227214;0.1860133981264419
True;9.692913399884492e-05;0.428932444190007
True;0.00015861254148698855;0.9161956818392569
True;3.8117178314668784e-05;0.8758382966466718
True;9.298339291517312e-05;0.6199225384611142
True;0.00039794211336989526;0.864672760385225
True;0.015341112248895552;0.09064560755113207
True;2.9324082426573926e-06;0.9677525080518427
True;3.080501048284856e-05;0.9676231355401539
True;0.010793885189298651;0.11397327046409361
True;0.0002566767454792689;0.9876772447269042
True;5.863691684962145e-06;0.9792762245228536
True;0.0003194563417081351;0.9611126507055747
True;2.9935598031563022e-05;0.36377971159208905
True;6.363336484856985e-05;0.7213228991807213
True;5.3957448173386464e-06;0.9448806102518031
True;0.0001739013467047858;0.8762294439097323
True;0.00023372095790613043;0.9212341764820864
True;0.00022737191074153368;0.9566751238205868
True;0.0004138972915702153;0.8840591392462558
True;8.228268988823013e-05;0.8260672925962922
True;0.00011130363603490655;0.9343174170637776
True;0.0002401045257458038;0.33047871566684395
True;0.00025703082471211864;0.9770424420375242
True;0.00040091919218315753;0.9490943147452051
True;0.00019498051141707826;0.9211650376846663
True;4.487562054719239e-05;0.9559620542721364
True;0.00016168112819239084;0.8138363897437899
True;0.00034116693489887875;0.9935517750796035
True;0.0002895258035786739;0.9211596122947154
True;0.00023981046203895595;0.9299314141349321
True;0.0004103063681413744;0.9811976094633762
True;0.0001396278386888117;0.8591129193299541
True;0.00015358703718934308;0.9260332934390144
True;0.0004007617376156357;0.8660844128174652
True;0.019203839837341315;0.08441117230916108
True;0.00034400952824279;0.9491110245197544
True;0.000267427392615682;0.8599938493958671
True;3.2042807950144535e-05;0.8406392301527645
True;0.00011000990475351422;0.9013691316100889
True;5.534869679018275e-06;0.57506042477719
True;0.00032608527050010506;0.8055221145326249
True;0.011306431439850549;0.10540315819903778
True;0.00023389619248114995;0.8488754266062383
True;0.00029699914526294175;0.5871258811777996
True;3.6628260590911306e-05;0.8398438375616483
True;0.00018332567433108942;0.9267169969251101
True;0.004272933124984755;0.15615397101993903
True;4.795417156886744e-05;0.604372061945784
True;0.00027747340412754103;0.8093344014962318
True;0.00010436823049901389;0.8395406746452393
True;0.00018719075852326818;0.7922484289467169
True;0.00025905030421190424;0.32158312177359827
True;0.00038924688720250286;0.8589619936083146
True;0.00013876404324026653;0.44775317466169107
True;0.0002858046332222868;0.901722077324553
True;0.04343242205987007;0.047677053948123306
True;0.0004142891931418625;0.914461719313065
True;5.4009404091272546e-05;0.5221994351200121
True;0.00018530167499744305;0.6343727327764136
True;0.0003496623137355213;0.6352987425384803
True;9.964497742914851e-05;0.788681733983918
True;0.00023160531471028514;0.8989331085659588
True;0.0002697240890247868;0.6428504909889226
True;0.0003284799519946352;0.5519993641674028
True;0.00033903096284172723;0.7678235775025233
True;0.00039189879791470675;0.8110678640272895
True;0.000387248912981293;0.9302509286893869
True;0.00018526583873929115;0.8380514556321719
True;6.727680938026531e-05;0.6774087679356685
True;0.00017618871945165575;0.5943759818441987
True;0.00025638766839407355;0.8174225018149561
True;0.0003338496490215147;0.6671364108764296
True;6.0534202770487894e-05;0.7266893275736971
True;9.731461384061595e-05;0.5710166207414235
True;3.770403192094399e-05;0.683342285165221
True;0.0001506576127357659;0.7711836428674799
True;0.00019330023334313437;0.7423970910289617
True;0.0002119670595159858;0.4575242512351161
True;0.00012937442484903228;0.692010033083729
True;1.3493314284230115e-05;0.670535787411122
True;0.0001631844727811664;0.8943100741048715
True;0.00039594527968562414;0.7387220125729677
True;1.011170253024167e-05;0.6489505450915036
True;6.371039054707359e-05;0.7136683547637236
True;0.0003539740345313231;0.614657663112202
True;0.00023749480631948794;0.824235829134425
True;0.00031204092920246955;0.8548023716201718
True;4.876883484218107e-05;0.6181464071425395
True;1.7212121454122774e-05;0.6327297244416598
True;0.00028552491144871885;0.33034966871670784
True;0.00037254179957621746;0.6167387243650309
True;0.0002607467993788134;0.8858620965146516
True;0.0003898015576296961;0.389262681459619
True;0.00033122706520807615;0.8943372613128598
True;0.00014716223191047712;0.5864110550509574
True;0.0002024575266298256;0.6812021571833111
True;0.000400876910636503;0.6094832833497374
True;0.00030157775354596226;0.8550206059665847
True;0.00023000656281335662;0.6990080903929742
True;0.00021349058980518867;0.4430969114640025
True;0.0002734499809832863;0.9439437283534065
True;0.00034952804613765624;0.901610033033788
True;7.939164629253065e-05;0.5887004173994266
True;6.957168731913905e-05;0.7151282341120684
True;0.00028052269791999747;0.6404881786229141
True;0.0002545173598798323;0.886201459729186
True;0.00010303582514507337;0.7300681362015734
True;0.00017037239516558048;0.5080079555963102
True;0.00034165969567893884;0.45977192695323316
True;0.0001777868436771317;0.94934642739705
True;2.7931016228804048e-05;0.8138519780703025
True;0.002314959169014348;0.1990122617586184
True;0.00037270958560761555;0.34134224662734064
True;2.7128563131922372e-06;0.8306025998298623
True;0.00034261972745471323;0.6103829072641599
True;0.00037555439444259307;0.8433423918908435
True;0.00029823553850823973;0.8039390640524607
True;0.00038237543533865554;0.8757768843220742
True;0.000312608344346482;0.39187864480658585
True;0.000228566134048649;0.5699511287533412
True;8.896418011550728e-05;0.804155080651779
True;0.0002442425507777162;0.39390462337274884
True;0.0003735328750581409;0.9299098151836066
True;0.051961382939365364;0.03637612588474395
True;0.0002484624224312178;0.4625628084762054
True;0.00029679672941281714;0.47876618602930593
True;0.0002308053059413164;0.6824374111113916
True;9.182364830794906e-05;0.592015488165328
True;0.00039771441048940594;0.7669300784238988
True;0.0001076324495311689;0.8194306025585688
True;0.00016627217223030597;0.7883140626088575
True;0.00022443931583309595;0.7444011020874839
True;0.00017757958890080142;0.9695332165292808
True;0.0003613064639608849;0.48113377597355056
True;7.1428635305100005e-06;0.8765816855318803
True;0.00029017775149582;0.7919694808551477
True;0.00028211672736164743;0.39916510771655683
True;0.0004126844799486312;0.6362609671424363
True;9.836670808139702e-05;0.6612522082662016
True;1.064090546438964e-05;0.8325007187280774
True;0.00029648373109279454;0.6170767596116035
True;2.702420455207382e-05;0.5901881277766584
True;9.781253840627809e-05;0.8758896937333412
True;9.985615990974075e-05;0.8359361646244691
True;9.262439838760956e-05;0.6419381139839198
True;0.0002508997197176647;0.740124098707434
True;5.2745906332228076e-05;0.736051257613391
True;0.0002460582585273617;0.4364336224991611
True;0.00026774125719448066;0.5073078150488295
True;6.685474921016908e-05;0.6403415260226225
True;0.0003996288573002036;0.8242218005366205
True;0.00039263111732898843;0.6793223941948816
True;0.00025966239428918005;0.8846393500244994
True;5.75055396161447e-05;0.5222973163960146
True;0.0003946268457855363;0.7971080206004233
True;0.00031256970996963935;0.5818519675194664
True;0.0003647973883431901;0.7145510981900504
True;0.00016194395670833853;0.928589541296806
True;0.00015299885141367993;0.5078309054306502
True;0.0008504432940871282;0.23115007215765299
True;0.00018316201380877295;0.6301992014172958
True;0.0003126356573802022;0.348709201813905
True;0.00012606834638255536;0.5945095878279866
True;0.00021824076698301532;0.7126816794385948
True;7.039496895620713e-05;0.8468062619349116
True;7.026400939473203e-05;0.6931528639005442
True;0.02642502961556459;0.06585433312097987
True;0.00017977170302157564;0.7487040212493978
True;0.00020261600313931381;0.8415114053980082
True;0.01896003347000741;0.08422332631128238
True;9.040624208005553e-05;0.8553433094054274
True;1.5819262433245103e-05;0.8658054721265845
True;0.00016339839820639267;0.367782704519131
True;0.0002539056192441508;0.39688889826327306
True;0.0003009507451044848;0.7960823778924502
True;6.028967342902427e-05;0.6837114664440386
True;0.000398943659046417;0.6944861028649287
True;0.000317939816265281;0.8691848969191818
True;0.00015174096405883386;0.6565711891090831
True;0.00016135868880742075;0.4785542834508183
True;0.00024536076905182246;0.7343594955975554
True;0.006286751916194432;0.13796352231902184
True;0.0003894411164824752;0.853960134249631
True;0.0004016248399305941;0.6215620453977658
True;1.3428205320917102e-05;0.7885439789609892
True;0.0002824564443238661;0.7292864280708186
True;0.00024726835646949013;0.4068968899458752
True;0.00023433508239464063;0.9437491079432796
True;0.00024099364159028465;0.7942647734826144
True;0.00039218896966228484;0.9299498449247051
True;2.3175663348719706e-06;0.8988377636680992
True;5.653116718419063e-05;0.43102188428809307
True;0.0002857446681501114;0.7328747033578454
True;0.0002394153893716625;0.6103214380645026
True;0.00022139001249179118;0.9200601738500344
True;3.55125343443082e-05;0.7997135907695178
True;0.0002817163073632435;0.695071424666735
True;0.00011122887075777418;0.5134089797452481
True;0.00029413474485078314;0.634738397993641
True;0.00033052815644812823;0.575242796206985
True;0.00019555117399847567;0.6175771288253141
True;0.0024231639485315713;0.19845184167976673
True;0.00032426881117818924;0.6282329668854952
True;0.0001424781957836372;0.7785459218126464
True;5.905728894701771e-05;0.6092561677717662
True;0.02057193284404983;0.08011116165997273
True;8.668579225047002e-05;0.6045613474356158
True;0.00038424402020329434;0.6088295301500458
True;0.0001348511201523127;0.6568856531046643
True;9.150865463737235e-05;0.9432527090151205
True;0.022708360843607785;0.07495372265216374
True;0.00021855654864661543;0.3485824380692467
True;0.00040571149286448176;0.36053159470148405
True;0.00034592680507025393;0.6644388892132672
True;0.0007682736347004365;0.24983629601927515
True;6.618611191477719e-05;0.9139456326588365
True;0.00027934521584070237;0.4044089066539695
True;0.00022374245746739814;0.5765229522711862
True;9.806366808448598e-05;0.898365032109296
True;6.0411781889261874e-05;0.789057107633988
True;0.00019886078829182215;0.42833944430897786
True;0.00017191562829638678;0.8560204685083269
True;0.0001158382814028968;0.5520080270044393
True;0.00011447495386212012;0.3914231649687485
True;0.00037034019478950856;0.7355131414373878
True;0.0002291554909552209;0.9305353860907256
True;4.87755036076849e-05;0.4986834805723446
True;5.9663316166593714e-05;0.5603007665222031
True;0.0001642921179305635;0.3864529272586887
True;0.00020126122534540276;0.8186472433933638
True;0.0002590280823706802;0.6670113664681153
True;7.918987767452734e-05;0.7265860219210586
True;0.00021772229531418947;0.5708362518142827
True;2.0629570050292836e-05;0.5663284105124926
True;2.4852098180317766e-06;0.6944800015542532
True;1.0326837541363097e-05;0.5957728170620198
True;0.000289830012018751;0.39532961760950786
True;8.116093158134472e-06;0.4005066307295923
True;0.00022843698173701812;0.6454473676285113
True;5.108997105030318e-05;0.9791441287079045
True;0.00023336213415725663;0.6164525555199993
True;0.0002879865767790658;0.533677186671772
True;0.00026413332519773793;0.5033360210221542
True;0.0002921039648162891;0.5469962150497939
True;0.0002332208477735387;0.6227240871444889
True;0.0004123852985575388;0.8544628981464581
True;7.896970326457371e-05;0.4596984198542005
True;0.0002532962476839343;0.6330317574332862
True;0.00037926215109798666;0.2966014273890664
True;0.0001643485881823241;0.5883974946039838
True;0.00017567453339551714;0.8854862330993073
True;0.00017789611440581157;0.9915455673366159
True;0.00029823083108548653;0.4331139031514601
True;8.130729094979176e-06;0.7715661039404206
True;0.00029643635543654306;0.3765727359652834
True;0.0002986428793717406;0.4427550088413336
True;0.00019609793457097785;0.44902681535202976
True;2.9195023355998024e-05;0.38035465483692354
True;2.2647997223114674e-05;0.6122859496083151
True;0.0002989062134946288;0.6089766910610236
True;0.0003398441479972036;0.37953453608801474
True;0.00035270232943515443;0.7151243377476625
True;0.00012014095829666138;0.617375544815563
True;0.00021184151236350088;0.726685410725902
True;0.00020440289844003852;0.5080742089035402
True;0.00014244201648466785;0.3744091110276621
True;0.00027926037269536565;0.9972100922192203
True;0.00032184888218444736;0.40942623634133596
True;0.001018500016294225;0.221059460765155
True;0.00023835119920122407;0.6157568894658944
True;0.00037830717649928614;0.5331584795370815
True;0.00022115502235806614;0.5496008506384875
True;0.000396402641103009;0.6209542587623614
True;0.0002632887872599342;0.6822986300854144
True;0.00019480778557849255;0.39173207038169805
True;8.061268894051527e-05;0.6216061638741419
True;0.00031700497092796397;0.8044870514154366
True;0.0002922120881198127;0.7108164605032503
True;0.05469582224610515;0.03524296863355251
True;0.00015901102423077838;0.37950783350504347
True;0.00017164486798137502;0.48571048117607396
True;0.0002895788887914434;0.517854990084748
True;0.0003403108537023849;0.5919389009221216
True;8.238931490222147e-05;0.5858610473786564
True;0.0003214064183838744;0.9298989189852859
True;0.0002487505941950723;0.6174057299348084
True;0.0002021280613021609;0.7713717610337576
True;0.00019761703577826466;0.45981939450118786
True;0.0002530410489219625;0.9556362570318168
True;0.00036847772100082944;0.5217345180463757
True;0.0003402856684598856;0.6129888469136772
True;4.698679126256428e-05;0.559204833978494
True;0.00026494896816245183;0.5146546939699841
True;0.000290733987456639;0.5174689246734383
True;0.0001790302599521096;0.9695656275154656
True;0.0001337075565684492;0.9876174406955645
True;0.00038190775925618046;0.7265719455628807
True;7.397118835587726e-05;0.6421194853309968
True;0.0003265442031548253;0.7394636389137474
True;0.00030022469091709283;0.9346198616115013
True;0.00025052152882163445;0.48937421973054157
True;0.00033494572432042494;0.3909962029371627
True;0.0001881011801706604;0.6406221972656431
True;0.00019841884135238626;0.8242038539112675
True;8.780891260353595e-05;0.6950163076191395
True;0.0003320804989633583;0.8166497186990127
True;0.00019036773913060274;0.8013952562434611
True;4.725440880461178e-05;0.46950171729405815
True;0.0003844806674250916;0.7578630126924446
True;0.0003009353854891061;0.7719529588391261
True;0.0002175908883420498;0.507932098891027
True;0.0007976992497127893;0.2563339667427736
True;4.115192765217308e-05;0.630585193500103
True;0.023206739826993273;0.07180828319287923
True;0.00035103158472387915;0.6698995451685741
True;6.088211272324975e-05;0.37952878092868975
True;0.00038149780427654793;0.6210005264540442
True;0.0003328825356631569;0.39161742486558415
True;0.013709064597339915;0.09864917900672639
True;0.0003133144258371142;0.6210158181386735
True;0.0003346000600839465;0.6184709931177855
True;0.012739657198069245;0.10124537854901149
True;0.00015006607632641456;0.8779580386038515
True;0.0004094064669453378;0.6830970879839967
True;0.0002521222190654089;0.6732554122603989
True;0.00015624902609558906;0.3898084366385122
True;0.00021682280411273902;0.7135930127677045
True;0.0003496109254860908;0.5359604787164398
True;0.0003886629769916702;0.6944592437090585
True;1.6411324417601445e-05;0.43613060810925797
True;0.00013870539880991977;0.6568237651481724
True;0.00024375337609556253;0.6446066905326859
True;0.0001978417462077307;0.3817897085915283
True;0.012025290635471425;0.10299617671927638
True;0.00037130609590420066;0.8545244262076724
True;0.0001912038195079657;0.9656241172540938
True;0.00029986456520130953;0.6902004940849715
True;0.00028452762094835466;0.6554890743067168
True;0.00039008409675520385;0.355257535814773
True;0.00018577549996825438;0.8277840152888094
True;0.0003894435372453784;0.7942673725262758
True;0.00024783760978755936;0.8985453475344195
True;0.00025221149187677625;0.44784609634285044
True;0.00023009009017002215;0.7321500297419224
True;0.00030668246584912454;0.6700465421406675
True;0.0002913451128201292;0.5777013282081744
True;0.00020284481093340797;0.6950032231946347
True;6.0125134155923124e-05;0.6950497804154057
True;3.746787325989263e-05;0.47886899658177723
True;0.00015779194480010627;0.6347220765589207
True;6.78336868058071e-05;0.3588205210324208
True;0.00027003844289640743;0.36223606427345967
True;0.002644857348590811;0.19385389086485263
True;0.0002942464658880691;0.6283134733296425
True;5.662475337715217e-05;0.6143279680071851
True;0.0003801919176958005;0.6091751314509996
True;0.012079547689002079;0.10285069191293739
True;4.791144560450949e-05;0.5793884605068154
True;0.00038743875459575663;0.5755798464625194
True;0.0001442596539163835;0.49960372773193273
True;0.00019610488364819124;0.8946555778894549
True;0.022852824592944174;0.07737923572798096
True;0.0002536915738905861;0.34892390106942395
True;1.2017888286697462e-05;0.44668191777646804
True;5.6978159164323454e-05;0.9017653260398507
True;0.00020812174233723554;0.9157498054610091
True;0.00031132146051851805;0.37980597819085105
True;0.0001238119062682641;0.44662865585533856
True;0.00013457206690463053;0.5412573603495332
True;0.00011009383512623386;0.41264157711777444
True;7.468097211908398e-06;0.590328505627687
True;0.00019475042821942402;0.6430433265904149
True;3.6888342846391315e-05;0.5519817942365762
True;0.00035859829643876705;0.43039471406831975
True;0.00040256457848775477;0.6692684282235991
True;0.0004011184353720394;0.9878527062242181
True;6.111794367344239e-05;0.5002098606606002
True;0.00024893907994100086;0.40460716135381947
True;7.570375042940474e-05;0.4289119670640357
True;0.00022435822986142476;0.6822509133917021
True;0.00012168337180376728;0.36381496879749325
True;7.900079428853992e-05;0.9511426609067798
True;0.0003782851663275628;0.3504450607055137
True;0.00016020100153568383;0.7814654457790989
True;5.5180655830243537e-05;0.620800382539805
True;0.00036828914160496283;0.4295062881988972
True;0.0003246734509136299;0.5907159530425402
True;0.00015548937642056342;0.6148147471232245
True;0.0003500152784660938;0.8672893819594889
True;0.0001152382142241565;0.46931528192559147
True;7.974619161922714e-05;0.6018363193706951
True;0.0004119887368039294;0.43195569539409473
True;0.00012220548652284218;0.774281411185363
True;0.00023175552495098214;0.40846399566628727
True;0.0004088797487122239;0.5417514142398175
True;2.350600486536471e-05;0.48021140295697234
True;0.00036312699713533043;0.61231893141226
True;8.083439616225131e-05;0.5885096251111387
True;4.9438057048274535e-05;0.7151405661992151
True;0.00019386288906030763;0.4952589077940034
True;0.00011043912832939861;0.396679058168054
True;0.0003207773530906494;0.8872272593957337
True;6.720297406796122e-05;0.3768525226073369
True;0.00023030294176718365;0.4572903431890526
True;3.186493981411439e-05;0.5173555293902241
True;0.0003073452492468027;0.6541909874377491
True;4.1858428062939714e-05;0.5885576789285017
True;7.539699147750342e-05;0.4369349130124883
True;0.0003021455317762949;0.7152803883071159
True;0.0003298416743684316;0.4680924004066667
True;0.0002525953218331044;0.7630555212117476
True;8.509925083464695e-05;0.48751957591107015
True;0.0003663316085695271;0.8280808870414771
True;0.00038292871577438095;0.4289137793225599
True;0.0002479825058978263;0.3418099871649868
True;0.00040789363107495455;0.7509140767602648
True;5.950136837544281e-05;0.8704287314076294
True;0.00010675322112183104;0.6934331435179948
True;0.0002020724841249081;0.6556124104713618
True;0.00020114183905207432;0.3415787895280651
True;0.00016992034718525838;0.6868943765384655
True;0.00019632738448923233;0.6306101876981798
True;0.0002829229352610563;0.6573043821907716
True;0.05824030124496946;0.032282123788387594
True;0.0003030701326396493;0.6308644130622995
True;0.00013313726323901335;0.5988378693604192
True;0.00030199461237671404;0.4470371388038418
True;0.0001337271709893642;0.6285388668005424
True;0.00013553207545907476;0.9386142707225991
True;0.00026106847869304683;0.498928480518249
True;7.238533464295758e-05;0.8311669611659339
True;0.00018627649411270513;0.4177835949774565
True;0.0001566348953110179;0.9326470206422399
True;9.05107193360723e-06;0.5607654074062556
True;8.100301976386077e-05;0.616903368646296
True;3.115329868502155e-06;0.8521931552548895
True;0.00037784267124670685;0.888204716118988
True;9.127983786338935e-05;0.8129197247135626
True;0.00021861472449458106;0.717691474486511
True;0.00017282401048342928;0.5835658315333538
True;0.0002677911616016292;0.5217009985785255
True;0.00029966706862190714;0.4895869245515023
True;0.00020193551614778368;0.5835686310157159
True;0.0003988505254200222;0.5803693588294174
True;0.0003217436942096144;0.655147628330327
True;0.0001270404495146344;0.6124009522889609
True;0.0004066776153983046;0.48385752711599733
True;0.00022053187396532976;0.7886774500778745
True;6.766834113598803e-05;0.6051788930407469
True;0.00014396774543746807;0.8338032097751721
True;0.00010153592794981849;0.8780519368712741
True;0.00020500626572077346;0.449298381756957
True;0.003988555976876519;0.16653992075757268
True;0.0001725702044228508;0.5122472633499146
True;0.004515861295516507;0.1578239893110555
True;0.0003945749939150228;0.3786096148062659
True;0.00013189446131537262;0.5998699136971333
True;0.00019314950526759406;0.7963290790164307
True;0.0002693892846430974;0.36625520280754054
True;0.008194901223064339;0.12575483110243085
True;0.00028333092523486424;0.713604427654892
True;0.00017716909823761671;0.8913863084605332
True;0.010989608475187082;0.10931148203745056
True;9.075128742775228e-05;0.775070033514496
True;0.00014501894642888412;0.6659309540310485
True;4.63865374607753e-05;0.7361462247862873
True;0.00017083078159397912;0.4681394564170179
True;7.33576408444841e-05;0.6950775346027185
True;0.0003131298743198669;0.7063746327226664
True;4.824852285805945e-05;0.4130720182321647
True;6.540904786265488e-05;0.5425753737011727
True;1.2988761960953154e-06;0.517343915047817
True;0.0003262545924749797;0.4427913820017985
True;0.00018877970347436893;0.33115463276151724
True;0.0003143897099318474;0.8584155138939761
True;0.00023416948820322405;0.409140145234061
True;0.0003585056928597175;0.4523209001786592
True;0.0003081238088381729;0.6360430036340204
True;0.0003106738848308059;0.6171666222986013
True;0.0003927982623078307;0.8729347761515882
True;0.00036004228820325546;0.5867323528258584
True;0.00018461769076123365;0.615919084469791
True;0.0002674887000313742;0.629001871274531
True;0.00015168417716187387;0.39900113933401693
True;0.00029563350092758707;0.8594858752626228
True;2.5928576348363325e-05;0.7248014625632085
True;8.436628577191107e-05;0.43872057144236615
True;0.0001552911008593101;0.6538812900865911
True;0.0004128563833994261;0.5148292393527235
True;9.19396593766845e-05;0.620381445740869
True;0.00022467104587423504;0.43281657383487787
True;0.0003340106906587306;0.6169884191185306
True;0.003635290080819687;0.1715127049225961
True;0.0001828944122714108;0.8487874758393616
True;0.0003802136793271555;0.8358384928629857
True;0.0004124675946709779;0.37331700546368646
True;0.00887874717927237;0.11842424291635868
True;0.00029980023882239255;0.5579343440380068
True;0.00018092608810292915;0.7198407687798917
True;3.462816849231629e-05;0.7350895300197352
True;0.00012520411645486774;0.3240216852506891
True;8.932006880644586e-05;0.4987829815260362
True;8.697740696318673e-05;0.4919458935250382
True;0.00018386825158473285;0.6620809052926248
True;0.00012898213784984054;0.5033650385117234
True;8.877337861242353e-05;0.6330649392767511
True;0.0003998542426698469;0.8986937378683117
True;0.0001496126668292665;0.40717849435763054
True;0.00031911624490998816;0.6762990325024908
True;0.00014457970206942824;0.6427187859108682
True;0.00010219427904668192;0.5750285410279448
True;0.0003618767761395128;0.5572930786493352
True;5.525430939081979e-05;0.8365492500619288
True;5.020650211115976e-05;0.8757252617400872
True;4.4232240144574114e-05;0.5701388467221267
True;0.0003376095524065239;0.36357970504480774
True;0.00039376959944879624;0.6622082997639043
True;0.0003047895543314895;0.8467494785074454
True;0.0003754495906043059;0.693956015583678
True;7.54880809724749e-05;0.5222531892481693
True;0.00014591979231962394;0.360627962171422
True;0.00020779192893513888;0.8523142368985397
True;5.150479184714142e-05;0.4856866627277988
True;1.4579030716614545e-05;0.8594481407130654
True;0.000403555015483554;0.9405249286629521
True;0.00024415756375385225;0.8075659370201379
True;0.0003536903074266686;0.658726180476281
True;0.00019820611620838675;0.7529470167800033
True;0.00022149586446416124;0.6751475385862172
True;0.00036606741454452087;0.8523987416766844
True;0.00013493862284686878;0.5136647006137487
True;0.00024026754708495837;0.7338770716013329
True;0.00034107159242850944;0.7251139930603713
True;0.00017124914238987834;0.49860309505064226
True;0.00033230344497813067;0.833060430452257
True;0.00032083204166348506;0.48420262784993445
True;0.00030783978775075755;0.46007636330795826
True;0.00012246699295903027;0.5413029955541798
True;0.0002534757548553613;0.5290613279960718
True;0.00027738482548914615;0.8186458165095822
True;7.747426120501536e-05;0.7122705791328853
True;5.089680186095661e-05;0.5176173660608863
True;0.0003827253322407686;0.8135815949183912
True;0.0001269797999153396;0.4922814953922562
True;0.00030601103455581884;0.5220469425442594
True;0.0001329795024870983;0.6371799995525259
True;0.0002758218598944278;0.3785266014766413
True;0.0003684991585410175;0.6996387532240034
True;0.0003876778548234877;0.8873910884012689
True;0.00020210007143436152;0.8319375969875447
True;0.0002923965979518828;0.39851239185535536
True;0.00037131955616285844;0.6933732389682341
True;0.00022617947103714366;0.969383923067713
True;0.0003424778639941781;0.4262694073753278
True;4.901269575954592e-05;0.3682524445546199
True;8.175157203098173e-05;0.9590980608633775
True;0.01374128005872797;0.09633566423817963
True;0.0001433430986871122;0.5169657516663257
True;0.00029165849495789095;0.8243568196219975
True;0.0003812449564670464;0.41574016757077714
True;0.00039261600041356646;0.7692190471936305
True;0.00034932958739386174;0.9670139762555937
True;0.0003225547437097829;0.7197309397070015
True;0.0002863683672971703;0.8465892705998502
True;0.0003709584509399596;0.35139323026558067
True;0.00023335947218208012;0.7581536618698
True;0.00023283383880360229;0.5274604290904661
True;1.5345643095775766e-05;0.5698430371735844
True;0.0001365868468834554;0.7515341863277593
True;0.0003009655824642029;0.9947462484695075
True;0.00014524024835266768;0.8125816435311644
True;0.00012573504093357776;0.4402801321241278
True;0.00016071472930460112;0.8176911828969867
True;0.00035259569171383127;0.501186741039296
True;0.0003759357288348644;0.3857612104387904
True;0.0001407707788026444;0.41808309322579973
True;0.00022129357928757823;0.6547093799231253
True;1.797010068083565e-05;0.9779891064468267
True;0.0003840516314817415;0.9335905877345176
True;0.00030009261683957227;0.5902757057164266
True;0.000361244633140883;0.931533410151989
True;0.00025367855708967254;0.4444912070084841
True;0.011429259535453823;0.10561934419268004
True;0.0003703285465700085;0.3716524715099438
True;0.002859917563583037;0.18979725112265364
True;0.00015993802840021573;0.48974424314075604
True;0.00011370090043667092;0.7589954846229837
True;0.000135211203734742;0.4127452457253784
True;0.001245176686501905;0.23073209943481984
True;0.00032042113055874626;0.48237720699150066
True;0.00017882439681436482;0.8622504066279484
True;0.03280886360470071;0.05623897766324857
True;6.109757985336495e-05;0.5995128042385398
True;3.905004793013623e-05;0.6885639330248441
True;0.0002451623968880628;0.4328238105857645
True;6.832145959026535e-05;0.527894240372726
True;0.0003016758425969308;0.7566032241187983
True;0.00040152270197840934;0.9808351179879484
True;0.00013324076441712288;0.6370024581640353
True;0.00020371219659422296;0.38541764438418114
True;3.667563279518799e-05;0.4357553229519809
True;3.478628952217972e-07;0.4428006082663995
True;0.011915206094798058;0.10302777169584353
True;0.0003753849346790067;0.8579203946318135
True;0.00023699920793945225;0.46395599542313243
True;0.0003751636564327164;0.8479977919677553
True;0.00037855755263242573;0.783542798919826
True;0.00023203626022635603;0.6168214707291317
True;0.00035521931327368357;0.9035165548516091
True;0.00017339899057531522;0.4760999462901137
True;9.426304327860897e-05;0.41672426771457916
True;0.00034760637056474467;0.620199978786136
True;0.00015590786379088823;0.4007740397679985
True;6.250375214541437e-05;0.8897872307650218
True;1.4362739440840909e-05;0.5989775758936886
True;0.0003359604020143204;0.6391751824050017
True;0.0003624197933482928;0.6516205074336073
True;0.0003983179805472668;0.593128731325798
True;8.001109031651513e-05;0.48927408847516113
True;0.0003144069532963851;0.5051063157180715
True;0.0002016082077422597;0.7260453657912396
True;0.02122944270349487;0.07954713181880846
True;0.00034924790147683883;0.4210405751079773
True;0.00011139111088997992;0.6178739983357692
True;0.006861865479804757;0.13417651730643906
True;9.635382012657683e-05;0.4183403181917414
True;5.042699157543172e-05;0.6963962954550414
True;0.0002101643572200671;0.5972968093121912
True;0.00022983628956636644;0.32411042492883674
True;4.719928408427273e-05;0.3918040774329131
True;0.000250927008734609;0.8408032644831465
True;0.0002511633648298461;0.3647898250560807
True;4.5542393305330855e-05;0.537547015344774
True;0.00011400057191692882;0.37209065148685555
True;0.00033867642415931563;0.5503794316167543
True;0.00025709552856714225;0.6427183131987507
True;0.00011795067988895448;0.5753133288371708
True;0.0003232989307509376;0.6538541524208863
True;0.00016866987435869225;0.7673795589506935
True;0.00039175564351401967;0.6010049975495253
True;0.00029514417805617663;0.5175935642924758
True;0.00020776001564495788;0.41578316278108407
True;0.0003226354270257678;0.5752189354495195
True;7.448099087574032e-05;0.9101050279088324
True;0.00020945239880715573;0.6838748685724567
True;0.0002919133239803069;0.3583610717225248
True;0.0003514759698753944;0.36812793861724336
True;5.2981623890174054e-05;0.7424352986740413
True;0.000367668051693026;0.4624554644535325
True;0.00025653134499797425;0.9403426370677839
True;0.0001733905027720267;0.8294162267810224
True;4.1169412539420395e-05;0.5078999068404362
True;0.00026977597695512366;0.6138379173753958
True;0.0003594379415948713;0.38137502574999477
True;4.950110598083572e-05;0.5043880947602735
True;0.00017241131340629134;0.8094513840317316
True;0.00011556219917717047;0.7349849079464513
True;0.0003587545100135068;0.556559807212812
True;0.00013722938752162324;0.49204856913804335
True;5.4417910193962095e-05;0.9318835667944183
True;0.0003999646765029491;0.45967874363005545
True;0.00033225354047103996;0.6202146096833213
True;0.00023419336577592344;0.5293591292046823
True;0.00024234494936326196;0.5552011921364879
True;0.0002232123660051212;0.8690248216527647
True;0.00017417783334580834;0.6615918357012127
True;0.0002868947389328994;0.40461790155302607
True;0.0001580151647880277;0.35610099942518864
True;2.753465705697919e-06;0.5763455043517876
True;0.00023826893587785037;0.37149487891522504
True;0.00020005760048554818;0.9644494554827899
True;0.0004165936513957219;0.39404922731167186
True;9.53889215779387e-05;0.8312954961885527
True;0.00023217161017030288;0.41606382459853175
True;3.135365088924429e-05;0.4706635798033341
True;0.00024172276063411257;0.5033812061800301
True;0.00031591943747317293;0.4824746507279077
True;0.0002757507979980946;0.7528909551352571
True;0.00010689000199111288;0.8309594427349438
True;0.023001651294000114;0.07099100508452423
True;0.00033967023272478435;0.38553394327895535
True;0.00032937882671903304;0.6312117839979486
True;0.0003956045981732372;0.5174765620662849
True;1.9001648620421743e-05;0.8918603445522587
True;0.00010146740641617603;0.44452919313169204
True;0.00016152044325789473;0.6202455730026694
True;0.00018811006514700827;0.7584729250647207
True;0.00040322629868367086;0.5926389362634263
True;0.00011972657224588085;0.48368699168284146
True;0.00011176564984022232;0.8827806486012284
True;0.00012783903736893898;0.6208324601987014
True;0.0002888980877063361;0.7151867817704946
True;9.997682920463382e-05;0.8743964123110901
True;0.0002688379073642488;0.7300761463634379
True;0.00014649648486369246;0.5027236721741302
True;1.2161716199496972e-05;0.5513802369471454
True;0.00012017238723118032;0.6691724623913793
True;0.00010593886532470943;0.9779666064974468
True;0.00021064395707337744;0.9140346698835994
True;1.917154781703868e-06;0.6929870650829693
True;0.0001828131976240167;0.7466849340282207
True;0.018003482208537768;0.08577830025264464
True;0.00016842814986436818;0.5703890974962696
True;9.772023673798296e-06;0.2741452182404149
True;0.0003307331054970463;0.6369822033429872
True;0.0004155464518730857;0.901733411628093
True;0.0028255945801416464;0.18852435906562193
True;0.00020886375047302755;0.4355245257062183
True;3.4187999171958485e-05;0.5601453087621817
True;0.02117416624381964;0.0798185083760151
True;0.0003551152151880924;0.8529947961411304
True;0.0002382858702037228;0.7748400721401902
True;0.0001292966202648734;0.705363935873926
True;0.0003653095409189429;0.39704611273847656
True;0.00015574365744934523;0.6219695264893844
True;0.00011717543531295517;0.867174428621345
True;0.00023915072249309393;0.7963766282414069
True;0.0002510648827943666;0.5613626606266312
True;0.00033406701811457414;0.7124118378848964
True;0.00013566256136034391;0.382730578914195
True;0.0003326261540240182;0.8221475005753739
True;0.00014217287849373442;0.5384391132705867
True;3.8909759744556515e-05;0.8469388178586391
True;0.00040067410911058727;0.5522460718335628
True;6.517811022125087e-05;0.8979546314317832
True;0.000355657887154954;0.5996147546213203
True;0.00029203343531625025;0.48953476116426214
True;0.0003820128475640729;0.5991112304901133
True;0.00014569411624851784;0.6360066117774769
True;7.245444840258231e-05;0.7199781912840189
True;4.5584812631765924e-05;0.5930770208114504
True;4.2486295695187594e-05;0.7140801504900433
True;0.0001302379705011993;0.5053976481095125
True;4.046669589438738e-05;0.27430595600862917
True;0.0002690977077779705;0.3510428687708949
True;0.00019452085973590126;0.7123691035628503
True;0.006830751005253916;0.13222868620031233
True;6.770022639920608e-06;0.7078311447200633
True;0.00016194931727342673;0.8652857368896074
True;3.4318414178935105e-05;0.4470157254802237
True;0.0003465362646297222;0.9014872775513546
True;0.00012896301694941415;0.7723661315995648
True;0.0002819165230577575;0.5079047885381024
True;0.00026204324472608347;0.8309007338691141
True;3.208130724577303e-05;0.7202691202724049
True;0.00013175319932737012;0.613333513524786
True;8.265652829996061e-05;0.5657188680899979
True;6.092767866782476e-05;0.6205411758468656
True;0.0002640994745854056;0.4491017390515171
True;5.1085299021233856e-05;0.605146175706366
True;0.00020484877628149721;0.913538398617954
True;0.00032288461504932506;0.6009749200780132
True;0.0003797944952788729;0.5245969385790835
True;5.5599600904437775e-05;0.39161212354913927
True;0.00029458198710672473;0.44287651399660843
True;0.0003286568628423016;0.41053434113935433
True;0.00030605808786037084;0.7422252478507628
True;4.895845222945565e-05;0.44716498845867314
True;0.00020054366610749842;0.38982747797482353
True;0.0003084679041399475;0.8652684049248509
True;9.927969907806056e-05;0.6688274467843124
True;0.00025386233041568184;0.7359341464936932
True;0.0001649268291341137;0.4137797871938969
True;8.887690814249558e-05;0.5047601957138521
True;6.872005803693451e-06;0.809632839537355
True;3.8775094405754624e-05;0.6280910175677828
True;0.000414994583327172;0.5404155612213051
True;0.00020308197453523856;0.47868403812192567
True;0.0002621249048475312;0.4921090991380566
True;7.394425456250657e-05;0.620267470864512
True;4.2447924122100324e-05;0.5546027288939508
True;8.851286495912996e-05;0.649691383750892
True;7.707763442680488e-05;0.5430488652096112
True;9.366947333048548e-05;0.7675511482323434
True;0.0002410498139294013;0.6820891331901962
True;0.0001829076774917517;0.41847321707267726
True;0.0002240262649127732;0.7406149193464991
True;7.236049039725857e-05;0.3579201133413951
True;4.6847028489033995e-05;0.4682573511957517
True;0.00014936692821363026;0.6104548867764108
True;0.0002674364942180318;0.9016706624297166
True;7.0673645961516055e-06;0.34632069998092535
True;0.00027610628344888787;0.3797739110427646
True;0.08658511803868799;0.01648579639871151
True;0.00020097134050561582;0.5515993112731202
True;0.00035600769894916226;0.5682233760458333
True;0.00024727545831403937;0.50434874229439
True;0.00014341118811683643;0.48225964400765764
True;0.00021355305797483872;0.5941213668088422
True;5.4902496272705924e-05;0.6599377935392949
True;0.00039676155358241356;0.5655691771330958
True;0.0002242791221480668;0.9410378057689807
True;0.00012117194418877692;0.7659462381577491
True;0.0004088278258646191;0.8946093638283423
True;6.984500458695243e-05;0.5277754299732903
True;0.00013376000873709657;0.5008961963902454
True;5.293453696569e-05;0.6434941654730136
True;0.00031017988614136894;0.6687685178865174
True;9.043656186748224e-05;0.6172121776642925
True;0.0001871181273627273;0.6822799278541365
True;0.0003208855987899749;0.31991488359322184
True;0.0002736673551050216;0.5371691059800441
True;0.01917278185801363;0.08423617486145471
True;0.00032729826725851876;0.7239755549904497
True;0.00035671411545957506;0.4328844494149315
True;0.01864092497474968;0.08531541690113982
True;0.00032747389174182356;0.5792889901280025
True;2.4291940988261593e-05;0.6421841457462073
True;5.74092224019869e-05;0.9410074378370951
True;9.844788054881271e-05;0.8555825205834099
True;0.0002921335267747523;0.6816075770017282
True;8.528834563667479e-05;0.6933160436579585
True;4.724699799602071e-05;0.7666216840609321
True;4.306756591248356e-06;0.6535799553474586
True;8.8231622889523e-05;0.7963967624310484
True;0.0002735142845023924;0.5728229959424005
True;0.00038275992357020413;0.6125800778443181
True;2.8082124281447407e-05;0.42111033723835606
True;4.574642961607301e-05;0.8991727261572653
True;0.00016342246798424078;0.4378427372867599
True;0.0002293090163103634;0.46775031202759654
True;0.00027947840404359556;0.39369306413396477
True;0.00012545947556404208;0.6369599410756568
True;0.00011025870162730727;0.9470596681805892
True;9.94269348728504e-05;0.6455451655234017
True;5.951779287719524e-05;0.7140321181119066
True;4.015565797565567e-06;0.7152598371042486
True;0.0001258319528015542;0.7122006126003584
True;0.006318381426318278;0.1374538141728432
True;0.00021690258491656293;0.7393983081161021
True;0.00010633515864587366;0.6395485161311766
True;2.0209850261764127e-06;0.39561006451307096
True;2.5891027949946106e-05;0.4072568353890105
True;0.00038207978957849255;0.5149293996415302
True;2.872573370094311e-05;0.8943476588840652
True;0.0003508809116538584;0.6826674501352732
True;0.00024165719414680784;0.6822459182586593
True;0.0002377150372754775;0.5792657838368429
True;0.00021454893588726174;0.36832715925343446
True;0.00015737629077481732;0.4491188575936961
True;7.723606423519638e-05;0.7829657114020194
True;0.0001213687967613385;0.6616425585751058
True;0.00021962454077119827;0.6539654995975088
True;0.00019892316151750783;0.6044177801804954
True;0.0003093767939761467;0.7411989818005557
True;0.0004060410994254914;0.45327084456551475
True;0.00027108312223781295;0.35938457853375194
True;0.00017033548502459595;0.4890035038613349
True;0.0003314857295567867;0.41597722946356913
True;0.00023105892593581836;0.39395638877079797
True;1.0268997930580654e-06;0.5221741031415067
True;0.00040927238146776126;0.825990488985294
True;0.00028564659979757085;0.4638384621652861
True;9.325966282480808e-05;0.6341329808737152
True;0.0002629038278863057;0.622610943660191
True;0.00019940017299435522;0.7793667164624198
True;0.0001736965292336092;0.9556134832543673
True;0.00021695297478191926;0.5175226953169256
True;3.1716526372051665e-05;0.7024680598410242
True;5.3947965288749524e-05;0.36622992336838484
True;0.0003016605622570255;0.7674102737454359
True;2.1163509477323398e-07;0.6822740997288412
True;3.0278472550817192e-05;0.4183955832907857
True;0.0003250184827168537;0.7796615596019751
True;0.0003149522959880369;0.37970724365644976
True;0.00023921941490890838;0.5312943405727567
True;0.0002699166190626291;0.457553163760838
True;0.00013738748705749472;0.40430990792934746
True;0.0003510267588869806;0.3779837625565035
True;3.34171428028331e-05;0.6204280663906574
True;0.05454194171005753;0.03518380446355678
True;0.0001893106050390336;0.5514904657551662
True;0.00030558249369892304;0.45987473538971724
True;0.00031467876622343576;0.3909399538496312
True;0.00015667015976450542;0.4824379411842684
True;0.0003665502580966105;0.6127839057606295
True;0.0002843152588712286;0.5908330499712349
True;7.27147726621723e-05;0.8200540832900992
True;0.00023661406853250734;0.6140263256592687
True;0.0003506789679046179;0.8304044763879916
True;0.0001910186745288121;0.9198857062903039
True;2.241855983642159e-05;0.836264977026678
True;0.0003850948308101654;0.5984189724414154
True;3.556228584251327e-05;0.6347148609221246
True;0.0010104996241123532;0.20454055555302353
True;0.00021945732937623622;0.39156463221352206
True;0.007979680362405202;0.1283918882288585
True;0.0002970367133138745;0.6633414565335004
True;2.044612594117385e-05;0.6103468042800864
True;0.00038366068251678167;0.6054683615451935
True;4.779549878971978e-05;0.9191410064430899
True;0.00025163271423330185;0.5988893232306114
True;0.0003384933695036424;0.8193973914352788
True;0.00019267266214285296;0.9678129852268349
True;5.5188939642568677e-05;0.7966270066279244
True;0.00038749428968628717;0.6392239962996793
True;0.0002620219231233244;0.4155569683309929
True;6.02113068908339e-05;0.5220653892566017
True;0.00011140294056833864;0.7555027621845791
True;2.131213706950768e-05;0.6158267338803473
True;0.000346642440916395;0.48429283131126083
True;0.00019387898144841768;0.5138571275647535
True;0.0001920739012907911;0.6423408635037704
True;0.0003120118218560218;0.9475635284973558
True;0.00036655785251428995;0.495325317365224
True;8.846389954130551e-05;0.3886900425674086
True;0.00912305674543653;0.11644702507777749
True;0.00012263986530828432;0.46557737622037376
True;0.00034371668890578787;0.4202211441758108
True;0.00017888492682313156;0.9039062368562605
True;2.2762653288497737e-05;0.6142546540240523
True;2.8681413456954202e-05;0.8945064138560187
True;0.0002171168739558353;0.9320872230286894
True;0.00010827013374178768;0.7749737233726697
True;0.00028875603178651253;0.3960472350034527
True;8.383495016318092e-05;0.4164625035323558
True;0.00018054354583403256;0.5376139987825087
True;0.00028430025404344456;0.5907044857527868
True;0.00018005299412769395;0.6539467386843435
True;9.059361254903071e-05;0.4614880713875102
True;4.5704466368470346e-05;0.4822981948299577
True;0.00011737352886676481;0.4391320484687051
True;0.00015668114792654868;0.425000733714607
True;0.0002917904266093763;0.8648870593031817
True;0.00028893754066323783;0.8243170210553595
True;0.0003093430340980289;0.8058572147154153
True;0.0003319928083682189;0.463525663874536
True;4.226334977591953e-05;0.7961878449322525
True;0.00038789486322753785;0.7822486782069785
True;0.00015512443988577313;0.5040311533158052
True;4.7634744714729525e-05;0.7026742914343034
True;0.00032110890847398356;0.45052478524616185
True;0.0004177825428313691;0.7675814825066651
True;0.00037334469830359486;0.9950958116785364
True;7.803531445070321e-05;0.5454554947452187
True;1.3122104594687504e-05;0.6794449855624638
True;0.00028685587678580474;0.798576173542482
True;0.0002180769689731743;0.699726851408434
True;0.001233350057323202;0.21047287846220378
True;0.00034993340874644703;0.5513723263340419
True;7.246239593456271e-05;0.5998453387085882
True;0.00024111715613929686;0.4623830519162237
True;0.0002109123274634523;0.5910680996105961
True;0.00020110928195024564;0.8580291751853155
True;0.00011476783637518513;0.7219737950804114
True;2.108147440185938e-05;0.7258848649857004
True;0.0002879994744711771;0.6996287882451229
True;0.00019938734447889645;0.3742683212319513
True;0.00030717066728095857;0.771033933105595
True;0.00031768301212044053;0.7272099706463836
True;0.00011375763712500514;0.34010388591547663
True;0.00020004375035220478;0.8537632164410293
True;0.01625506289702558;0.08796857780849777
True;0.0002837804227930109;0.6633311264540105
True;4.619110491170696e-05;0.9501475169191479
True;9.483898191826286e-06;0.5290301039681994
True;0.0002485715655866998;0.6832211087094232
True;0.0002718787122079705;0.6899940809927488
True;0.00038493368023164446;0.484921931782564
True;0.00023534464537770092;0.6180415733208859
True;3.1269426931117746e-05;0.8310865772841749
True;0.0003724237474949799;0.5502371255028267
True;0.00027298743644157;0.4622715847240805
True;2.6439322899814778e-06;0.5254547988101956
True;0.00039550422541782045;0.5590319063458576
True;0.0003340685201394942;0.7384899417856228
True;0.00024268194225005268;0.6372135002065343
True;0.00028822071769645977;0.5159946891254534
True;0.0003936675574068896;0.321771332454611
True;0.00038735193620082316;0.6187294385293949
True;3.397725680191354e-05;0.46130807947482305
True;0.00016305344168544638;0.5394466996959378
True;0.00021080912163383983;0.5174075437248679
True;0.00026024269388995346;0.7749147739252251
True;0.00034837346211382634;0.6761289599356284
True;5.132897567866401e-05;0.5307355714789949
True;0.0003395438663288748;0.6452259928362162
True;2.9981267625179782e-05;0.7789847180821222
True;0.00020038160433347965;0.6207973508569433
True;0.0001754213064692207;0.410365792216484
True;1.2922829669801724e-05;0.5183026464215857
True;3.89963823703877e-05;0.45332517509584785
True;0.0002908244184229701;0.995307424779105
True;4.895763123122549e-06;0.8944113538024376
True;0.00024423818535885454;0.5069101703112221
True;0.0002997833558241621;0.873188259802382
True;0.00034410855987720236;0.6486847390092195
True;0.0003318361326646389;0.450715065361115
True;0.0003975347524629791;0.3981134172452619
True;0.00013521988726114897;0.9340017332383169
True;0.00019818598898682448;0.575161809414332
True;0.0003410940825488741;0.355216269427735
True;0.00034995768263907664;0.5513480446815968
True;3.92075695076853e-06;0.4166706835320917
True;0.0002329833282568074;0.3909957168368844
True;0.0002573968875457103;0.6779354278413743
True;0.00018210945122431132;0.7225023160843691
True;0.0002801396638894461;0.8132288056697822
True;2.299363890135095e-05;0.6999220508050971
True;0.0002895274199854552;0.7516725815386669
True;0.0003597528573136332;0.7962350621541473
True;0.00020102753912394782;0.6450967294666682
True;0.00032198966343593847;0.35824866446816556
True;0.000403237586554596;0.30798838566204473
True;0.00025126423540760857;0.6386245745255921
True;0.00028084952345832655;0.6828194479161767
True;0.00015982344764103634;0.6436249309011262
True;0.0001612130354330352;0.6119098372317444
True;0.0003918178684099552;0.3581574617331953
True;0.00012455624494818636;0.5381018531177696
True;0.00022717504682857222;0.6313921394611142
True;0.0001435356583625359;0.8327188802526296
True;0.0001770801746387504;0.7661311046905473
True;0.00010734588482524168;0.6523036755465038
True;7.835692941075819e-06;0.5885696286139003
True;0.0002874387259885399;0.735695221926824
True;0.00023444299519576476;0.5690579282621696
True;0.00025307585939440206;0.4317454284881105
True;0.00031583516570489706;0.8580922042010194
True;0.00033962738773217726;0.8252558917082707
True;0.00014315534817062434;0.9326295650969875
True;0.00034603816621280964;0.5024368090246819
True;2.92427858321768e-05;0.4333946209304117
True;0.00018115190393863055;0.8306115070414886
True;0.0003227198855148814;0.5176215961763865
True;0.0001403396943675683;0.4389237056082871
True;0.0003354179393807011;0.8945578950780129
True;0.0001551225404686389;0.8300070571492254
True;0.00019353828593440743;0.46800713297106344
True;0.0003792963473055451;0.6590639511678658
True;7.217077852421694e-05;0.41613552232730755
True;0.0002611388613046565;0.3948652645663128
True;1.358892576402928e-05;0.8139649979332086
True;0.00014848107325879473;0.95063323101616
True;0.00011456080059802733;0.37086661870351395
True;0.00022528789298614088;0.37426313897724195
True;6.376059211574253e-05;0.47786504667831387
True;8.1980507352207e-05;0.4639227771741084
True;0.00015679620528380393;0.7300933949953048
True;0.00017165291720756319;0.46974675122472825
True;5.26493032306253e-05;0.379751000163573
True;0.00016093497984282423;0.9935495639905028
True;0.0002536731076278416;0.7358731862788134
True;5.765677234982339e-05;0.6388957287562769
True;0.00022852192804742336;0.8126687384237216
True;0.00020256527754590613;0.6935840011475038
True;3.032456155689396e-05;0.4211594060305576
True;0.0002344837194929053;0.5170006955725436
True;0.00023178509221007844;0.622637601165293
True;0.0003848523371517399;0.40019114215293794
True;1.7954775794697178e-05;0.8315726069314411
True;0.0003990628909280149;0.6521107904035413
True;0.00020284813109397202;0.4434879774474254
True;0.0002327729032523356;0.735748893095876
True;5.867736887125985e-05;0.5913279608195324
True;1.428223468823896e-05;0.5602098550286924
True;0.00018943829421487273;0.6385494379294627
True;9.617836381048314e-05;0.4656217189528064
True;3.301757266438536e-05;0.6901914526511002
True;0.00018022484512284133;0.5156872981973887
True;0.00021872073478226435;0.440538191511367
True;0.00027423247365864335;0.9875963346704718
True;0.00040180975048367026;0.5039095055672183
True;0.00025384776185344976;0.5545278789842565
True;5.670482712281961e-07;0.7439844358973949
True;0.00035263510226067385;0.8861129038074854
True;0.00012412244452616276;0.5293515512226676
True;0.00010754499310674322;0.6927097026208227
True;0.00012683009025326336;0.4936960864093962
True;8.172067937435094e-05;0.6017500618551703
True;7.706547538403216e-05;0.7663237108627098
True;0.0001169242678084185;0.9499910463983037
True;4.871433924787652e-05;0.47871357096428274
True;0.0001680225574947148;0.7567450110956233
True;0.00023097983799873637;0.5793075931179438
True;0.00019766072978597544;0.41892761354721997
True;0.00014765074968390457;0.5794610688464324
True;0.0003962699407702089;0.5515132746915846
True;1.0556673706484997e-05;0.6133933267203059
True;5.938723138861242e-05;0.8364755710238042
True;6.16709519045351e-05;0.5928625262449522
True;0.000241318541419444;0.8996716764114226
True;0.0002555545226504855;0.6940081825956466
True;0.00012580041177494945;0.4070235773420979
True;0.00038938284426417546;0.43171940904518197
True;8.799154829045619e-05;0.6609673943987328
True;0.0003209043370687334;0.42549589925636544
True;0.0003951571834621268;0.8312759118514317
True;5.328626453888699e-05;0.8593628475652483
True;4.654617597054055e-05;0.6263116669411439
True;0.0003365765569425454;0.9015094183107878
True;0.00028820446622094257;0.5512723060847025
True;0.00026507128914629835;0.6953163602872674
True;0.00016103177240968798;0.6186914617160183
True;0.0003807121390682552;0.7827475855729386
True;0.00012646795884050302;0.807791102582249
True;0.00025972083103243304;0.4895554553467252
True;2.57431466413376e-05;0.9156038441504376
True;9.142992268883095e-05;0.7735237641479021
True;2.5703742280368282e-05;0.4788152163261503
True;0.0001190590069808595;0.3580773776733504
True;8.378258646347311e-05;0.875726307480049
True;0.0001284273668182496;0.7717323360205087
True;0.000282429530829153;0.37996500709238545
True;0.0003215924453784635;0.920222528673178
True;0.0003785368274915598;0.7172905649308307
True;0.00013382438459317282;0.3936900016738235
True;0.000162828031320624;0.5186099467652202
True;0.0003677102015625171;0.5515487036031493
True;0.00031216234916352014;0.3682001891232369
True;0.00034058174475319874;0.5602905717879315
True;0.00010692836814435245;0.9455744698214452
True;0.0001705087861331883;0.6054504676994226
True;0.00032442996815626706;0.4356706460628054
True;0.0003135169438264824;0.8017965790011109
True;9.439601335141766e-05;0.6565981268312451
True;0.00018549061965325643;0.6268926094324614
True;0.00016393235827398507;0.44371497527642817
True;0.00018733843690894397;0.6382839014599341
True;0.00021911984359926603;0.6141005896024195
True;0.00038020006557854875;0.8653322563615009
True;0.00030301300902056894;0.6103788511818072
True;0.0002075965124686165;0.59560729686101
True;0.00038664420123741774;0.8250206906251895
True;0.0003168772177305418;0.39974955570120313
True;0.00018090910269943762;0.5601740891458343
True;0.00019000475342597392;0.43900959149933005
True;0.0001549075119019037;0.7715697061701573
True;0.0003618538159062827;0.4328200464170137
True;0.00038670695919108605;0.5244896155390584
True;0.0004164975378997452;0.706924910433153
True;3.009271727265277e-05;0.3843574359945268
True;0.00039801267079523267;0.9200104123074168
True;7.601664761661218e-05;0.47674683852656097
True;0.00014318768157536865;0.7147876642927401
True;0.0003899304199501933;0.5179313680673352
True;8.203046092367005e-05;0.4254187874481996
True;9.156355872318456e-05;0.7109890029930253
True;4.534381082307419e-05;0.6779637559935481
True;0.00033594424956957916;0.4724532423339832
True;0.00023574568570763912;0.4839706940571753
True;0.00026807308370155894;0.7139623485678943
True;3.08542943679633e-05;0.48351683852404914
True;0.00013367204697031923;0.4491336244231787
True;5.593981194865139e-05;0.6227776607445937
True;0.00020670149036782016;0.6764481641870527
True;0.00011662656059831239;0.6213101184391603
True;0.0002125669833965058;0.4266139069254884
True;0.0003837950513652893;0.9638918185122016
True;8.252162772876306e-05;0.46348317903450165
True;2.101957004610252e-05;0.4568056851687268
True;0.0001171379937041915;0.8656308091675909
True;8.067696071571644e-05;0.44865414069105086
True;0.0004048053185004258;0.642331279189059
True;0.00031827827222945135;0.4716533943674751
True;0.00018313744112201025;0.6127859710076617
True;0.0002945083431969854;0.7774290994990724
True;0.0001740985825453942;0.4684197665912579
True;0.0002818811058172084;0.5319346341840572
True;0.00037835583296776153;0.7504646374175901
True;5.64456250156154e-05;0.40621678311456094
True;0.000132336951660229;0.681156940659318
True;2.3380876058726484e-05;0.5220635173351842
True;9.921726851012297e-05;0.806828346168157
True;0.00029992759248366057;0.7841688913621462
True;9.978414532859678e-05;0.8595288844417044
True;0.00010627686724517433;0.888435309009022
True;0.00019430840385324484;0.8104661078194948
True;8.114193881320165e-05;0.4504348078675419
True;0.0002854593676338837;0.6783797691364449
True;7.696524814239519e-05;0.7882626530056666
True;0.00021520672508357718;0.6132759475388176
True;9.0274986241405e-06;0.50789645865634
True;0.0002970742783761639;0.8646328998839166
True;0.0001998928913335024;0.5837191254341898
True;6.65952833698834e-06;0.4254962242417383
True;0.0003377930749563091;0.8724853141947241
True;0.00018705490669128664;0.38440601183984696
True;0.0001262377802258128;0.979347916789217
True;0.00037753374865217415;0.49203116224501214
True;8.572607561224606e-05;0.5189962114818317
True;6.887994246781149e-05;0.7501169159896152
True;4.6335990043282144e-06;0.4061869576938305
True;0.0003121003450997883;0.8270893206136972
True;4.709133646441837e-06;0.4126474147846801
True;8.427530068186744e-05;0.45983940158594255
True;0.00023372332380868752;0.5169915384231892
True;0.00019458536657005227;0.8403999250172248
True;5.556849200136737e-05;0.6369744026756826
True;0.0002277931616958548;0.6330893915760062
True;0.0003367752159184008;0.4295283735298858
True;0.0002863910333174508;0.9695227627966111
True;0.00017707105160300578;0.6830823386117325
True;0.00033009350137811085;0.5436754370699759
True;0.00017658820375481398;0.5234761208839454
True;0.0004014972704070924;0.4487705211431695
True;0.0003534842272366022;0.8741034157050862
True;4.468175426310028e-05;0.6917205761034354
True;9.196346693543934e-05;0.6171508059950899
True;0.00011022422968939739;0.6146662389898129
True;0.00010507571427556561;0.3925646851900964
True;0.0002709196909473951;0.5979036001464221
True;0.0004144235239777508;0.5404252973635448
True;0.0002425052396156422;0.8413379023681413
True;0.00016909698848738774;0.5963538566964126
True;0.0001253019947450533;0.4710616912467257
True;0.00036605270731884836;0.6102840454869568
True;0.00021630309481703326;0.4613563336089703
True;5.952575591704373e-05;0.6930077063840709
True;4.4473919213289035e-05;0.6462104724634101
True;0.0002049408902033105;0.6776627198353743
True;0.00020505722252640447;0.8737207648879823
True;1.856677875167199e-05;0.5025381477319126
True;0.0002573308545608524;0.6675133596239011
True;0.00018203491857170305;0.9532094493093154
True;0.0002753284014171846;0.37791022179278083
True;2.1504071462655034e-06;0.49184654849180154
True;0.00026254755393392376;0.6144392171156429
True;0.0001728099495033344;0.5602211762361154
True;0.000345597962963052;0.6054719369783533
True;0.00026237660836849386;0.8017485120429801
True;0.0004108545083697858;0.6307019954557573
True;0.0003129792167213097;0.4262611734369889
True;0.00031435683031957775;0.8856340396110285
True;9.64653423866829e-05;0.797111432573519
True;0.00017139472432349295;0.46844514693316786
True;4.258606480310647e-05;0.8246533163926214
True;0.00019050769518099735;0.5347085112744003
True;0.00036479134066241467;0.4406895207582943
True;0.00035267844225665495;0.4308112533580812
True;0.0003440842767844061;0.6733494368068609
True;0.0002097057388344206;0.6144667891671428
True;4.685227144932473e-05;0.538693558640069
True;0.0002828459007461108;0.41788505424032396
True;0.00027249679622601703;0.5404091323376744
True;0.00015052063433033583;0.6805567103392866
True;0.0003052282090091796;0.42649888465652797
True;0.0003514897694727599;0.7579816456669892
True;0.00032861925577676066;0.5996603795815665
True;0.00010591573545937071;0.39888515217663373
True;0.00028549326826157127;0.9104911551305476
True;0.0004020882108047525;0.37981091405883316
True;4.267175854993274e-05;0.4785107473906695
True;0.00031560298290590614;0.4683705957285005
True;2.0250425755531786e-05;0.6573082801769446
True;2.411082909037614e-05;0.5406195494655577
True;0.00016576337017282605;0.494299399591961
True;0.00011183698754396145;0.6227316552560506
True;7.07165541743368e-05;0.6952970354537131
True;0.00041032398882925376;0.47853850263655157
True;0.00025948484293495674;0.5778793529374197
True;0.00017515200223561402;0.8588288331320941
True;6.922358166335007e-05;0.7941265642847087
True;2.5273971215057613e-05;0.38132223790080977
True;0.000412862275350366;0.8646106888609819
True;0.0003052525354122227;0.4160599203428906
True;6.434802242842465e-05;0.5471056414309936
True;0.0002624538844146237;0.4073795170685535
True;0.0002361790419080214;0.6321623370566068
True;6.542365932343337e-05;0.7051714591699643
True;0.00018331060485739288;0.6382519461300972
True;2.7682323202660988e-05;0.6226808955578079
True;3.3903444279370783e-05;0.5512628321530704
True;0.00024051864524350061;0.7148777338189224
True;0.000332156121922663;0.8647255202798929
True;1.58590719441234e-05;0.933201150517294
True;0.00014019222669283223;0.4102959402936582
True;1.543571050136574e-05;0.8542413977176478
True;0.00019784156738846353;0.8585236295594507
True;0.00016731649279360452;0.9189730649611669
True;0.0002231667668466913;0.4183650237826866
True;0.0001547613460656946;0.6570599116872619
True;6.0047062453439335e-05;0.7049989136596087
True;0.00023577182523620835;0.942762740567564
True;8.485612067707135e-05;0.4685448343184073
True;0.00029516874098833114;0.5802413960416801
True;0.00023164653603522677;0.43866994556827826
True;0.00036455253095412407;0.932670725879784
True;0.000333998189741414;0.8571338809855951
True;5.62840848535207e-06;0.9106980264842381
True;0.0003245059493480077;0.8140893127498874
True;0.00019360867615742682;0.5025331081128467
True;0.0003332553778310447;0.5321448006798564
True;0.00041587498368998114;0.6732584507665997
True;7.292954153169882e-05;0.9428907033416611
True;0.00037723793151832655;0.4811883765609998
True;0.0001580362944628795;0.4425836363297811
True;0.00019497128980206323;0.5524163472572909
True;0.00039607699186372714;0.9106200632799623
True;7.928030932506239e-05;0.7643973344443853
True;0.00035515766815565075;0.7070942799321094
True;3.6540253449677628e-06;0.42167559744807487
True;0.00011487001977719665;0.6896901117877119
True;0.00025904720750169545;0.4871196635251539
True;0.0002269798053452694;0.39987242496426234
True;0.0004097969893466255;0.4719310935412766
True;0.0002852803669741948;0.953286639375232
True;0.0003857788501629951;0.49379265700610425
True;3.955679727725942e-05;0.5033963019319211
True;0.000208699694615552;0.3971868014768108
True;0.00035797542948424826;0.8468149002725581
True;0.00026988124812695467;0.6578897470120584
True;0.00032667676253704314;0.4890250810764054
True;0.00024138908558444833;0.44281585706847404
True;0.00015756987391852366;0.7134911581699994
True;5.384784457653243e-06;0.753309116181489
True;0.00014287459586532464;0.4057586479933331
True;0.0001702380473774659;0.8468770740131779
True;0.0001506967651997777;0.8988052107564639
True;3.8981299397199825e-06;0.6403992336793346
True;0.00032672848554406365;0.4427330669104142
True;7.870909981770436e-05;0.7832385364738531
True;0.00016991732293310623;0.5992267131158309
True;3.447678882782922e-05;0.40560340915952164
True;0.0003985941580236264;0.8160625953027354
True;0.0004105696280563271;0.6104310232534712
True;0.00020397496617720177;0.5358182159948731
True;3.841236428801381e-05;0.43865488254006973
True;0.00032748330334856127;0.48893402712532585
True;3.309256474228144e-06;0.6831388761171159
True;0.00011534412998843256;0.4055549213510632
True;0.00014709898477451597;0.8155809417414288
True;0.00036729287140578094;0.5039774716598229
True;0.00032312314143591005;0.4160456862387976
True;0.00022028787530723555;0.4387319109231729
True;0.00022644479195326508;0.9658308916555862
True;0.00017459060711651168;0.4055991804769484
True;0.0002520812166598984;0.40387136472852936
True;0.0002052279870679959;0.49223523068155894
True;8.484883564913112e-05;0.4445985467063097
True;0.0002685637613109786;0.4387555030469559
True;0.0002657593092694886;0.9659060118073106
True;0.00028363907061281917;0.3567960075440428
True;0.00026702595133118516;0.5823252069348408
True;0.000293187583934432;0.4785738042738881
True;0.00026432673176158216;0.8641328792325055
True;8.046223069494369e-05;0.37671762089537086
True;0.00033400092340647806;0.4492172544666525
True;0.00031232338710247;0.6134476358031372
True;3.531716075165453e-05;0.7960478564315634
True;0.00028121734811528833;0.5773545282763431
True;0.0002703141271271832;0.45791786704143206
True;1.7464142982256972e-05;0.7170994354933131
True;4.7285424491739074e-05;0.5079686893929983
True;0.000237812941415039;0.8637766275599352
True;7.161730419441373e-05;0.4134774032786043
True;0.00025848110045348914;0.7140218071388966
True;3.4845183720859044e-06;0.5417721583824505
True;0.0002481045707333804;0.3978625807931387
True;0.00016367647938127003;0.41366191051061224
True;2.3143175256134043e-05;0.7136864235220971
True;0.00019098209191022435;0.824325987972305
True;0.00013668275155988911;0.46815432135902485
True;9.181588922132852e-05;0.5029309809439885
True;0.00014488375527133614;0.6151144965599257
True;0.00037316648208226145;0.6103332586589666
True;0.00019049711350341733;0.6181343975415773
True;0.00018159946370662538;0.5896612789024626
True;0.00012925177252141206;0.44910491713434486
True;8.826062063089317e-05;0.6182314924509336
True;0.0001326338425293221;0.8713390675836181
True;0.00033047223736533816;0.4125394891038369
True;0.0001610853687705032;0.5105266160081855
True;0.00010924061072547545;0.8712623813532153
True;0.00022912059968211587;0.7194742633823628
True;0.0003270457579647116;0.6704072487817692
True;5.368378529357916e-05;0.711618342584693
True;0.00022480399471980596;0.8137979665952921
True;0.0002723816923166219;0.725446202445401
True;0.00034352245744585444;0.7702908207368513
True;0.0003518787615434592;0.8133067406673443
True;0.00010789384191867169;0.7600694004817846
True;0.0001467450558451389;0.7885990687715523
True;8.716846485190202e-05;0.6007847032793427
True;0.0002616948489993946;0.9775477289270174
True;0.00028994817732170116;0.7594595246634959
True;4.331841366631388e-05;0.8412061592899347
True;0.00013694675892518725;0.7355011126168487
True;0.00020282103642863656;0.9408337395696688
True;0.0003925124939048839;0.7600168353234682
True;0.00031844930589712696;0.8755185299767327
True;0.00014107756835752113;0.6693927015148777
True;0.000327649057282902;0.45988862388228985
True;0.00034739088075618727;0.6212149584015584
True;0.00036058189720254084;0.5248140769888894
True;0.00025843821616902126;0.67606835913871
True;2.0911733287201952e-05;0.6765023056268044
True;5.1667007358963006e-05;0.4586818318844931
True;1.4538884524449184e-05;0.47466354103575403
True;0.00015264319140564895;0.6452313088703734
