true_labels;p_value_0;p_value_1
True;0.0006843290157992184;0.8619439029208492
False;0.2198428957213657;0.008130001181047258
False;0.2724826049436436;0.003936628124724643
False;0.21985534929472295;0.007553833174258456
False;0.20099884358392373;0.006580891968732924
False;0.1605700878889534;0.006399233037842865
False;0.23611125497519997;0.003939031797008567
False;0.13312061240987366;0.010809432541486181
False;0.2983081622560029;0.0008850857511030713
False;0.09392878285378198;0.025152651187002967
False;0.1654838733886669;0.0048221133448032956
False;0.32469795773917975;0.0012483795032087119
False;0.31590925035235423;0.0012130320822204485
False;0.23427811120149916;0.008537979146793575
False;0.17043736732103468;0.006123258209604842
False;0.3297404585722825;0.0006654369067140022
False;0.29731295614751846;0.0005425006753032707
False;0.2076984762180904;0.0037773292106524177
False;0.29558512436383744;0.0011726158847041512
False;0.24545426969353634;0.008566450348738354
False;0.1876599102224865;0.005352150732017207
False;0.2868118658903927;0.0010717668630032197
False;0.18872957361621334;0.00833105037378893
False;0.25658494546844574;0.004735174882140284
True;0.2332260049916065;0.0069423897578413715
False;0.2627146424838112;0.008670967523376273
False;0.25412039255192664;0.0032549373365594802
False;0.23974550507924292;0.004505148378527895
False;0.285239004344187;0.0005135701744995924
False;0.29655705468472143;0.0008061157003536744
False;0.3235841629742886;0.0011746157996726616
False;0.22924748319641716;0.007682497113209041
False;0.1998780329495667;0.003836323097458882
False;0.1739480007948293;0.0029381907813755327
False;0.12705924993100606;0.010876501600900134
False;0.18160517719368421;0.007842116194704155
False;0.3039934536421746;0.0008038197262902962
False;0.32650788883928905;0.0008657271019843974
False;0.20729262059097275;0.006352156049324993
False;0.24312582892055282;0.0037168270493783545
True;0.1613482849010957;0.007519242201093571
False;0.30103419010696886;0.0009185356448807613
False;0.22643044910911048;0.004732768629521278
False;0.20026184180564272;0.006082291200061678
True;0.042073649263659606;0.07367607575379792
False;0.19931646917562573;0.0067431958816868065
False;0.3025415048827907;0.0011082026041546653
False;0.30596889425204493;0.0008504423674409621
False;0.2858493467879685;0.0008699570715193764
False;0.29951038023531756;0.00045203127185717494
False;0.3160982574773826;0.0006680586269650707
False;0.25808403448397743;0.0075996602350776946
False;0.31516196869607543;0.0011220226035242977
False;0.25658702489119256;0.007572477258929072
True;0.08592569078619271;0.027395642907483694
False;0.19102422272057304;0.007625088005032581
False;0.21324100111741826;0.007432310409771242
False;0.2080054199185515;0.003932920308896577
False;0.20588861338127493;0.005052773567788172
False;0.16625808537775555;0.005871984028212632
False;0.2929623327210968;0.0009851710825629536
False;0.28516205853801074;0.0007017343726684476
False;0.290420250255387;0.0010564137063063727
True;0.08930497829119168;0.0323457093755077
False;0.28390310734949564;0.0008163956318394738
False;0.13166786654559764;0.012425002933635269
False;0.2512343778312779;0.00664321255744604
False;0.16097638575695009;0.0029673389109745553
False;0.2400300952265011;0.007515810940881726
False;0.2830158509446786;0.0007941478642466119
False;0.16818860893083368;0.004149695618176184
False;0.21849055773098092;0.00805036758915369
False;0.306891439429853;0.0006406056203878431
False;0.1582910415886302;0.00471847678356261
False;0.2732822260855965;0.003358194290674448
False;0.2548522900854634;0.0043708939803883025
False;0.2222689444072775;0.0048761449202212245
False;0.2673546466828728;0.008251770067479043
False;0.2707953147820107;0.00735949655382725
False;0.13317692858142194;0.01284731619096239
False;0.3211572572740213;0.0006601077368531651
True;0.0008076095952345686;0.36219017716544855
False;0.2863432275586832;0.0009004322986282333
False;0.16845445248542498;0.005666705285965942
False;0.21724391127561835;0.003951879525030063
False;0.2887401745425386;0.0011700747585171253
False;0.2978766536821107;0.0006354779467635545
False;0.2653899069754807;0.003056613425295269
False;0.19588605636667958;0.0034375564041903613
False;0.3187929608201826;0.0008111052444402848
False;0.2461202471782571;0.007009992743243333
False;0.27127914586017676;0.003441989230668659
False;0.3211696155864495;0.0005909128249280348
False;0.2997393205687732;0.00044886376404902373
False;0.19419553873719592;0.005653903864473921
False;0.17424134798825147;0.0036825822519852484
False;0.09414025710037534;0.025288316952618954
False;0.3270572324389538;0.0005199445447836811
False;0.3113371269404633;0.000464556345547556
False;0.18723662054171816;0.004101204037962334
False;0.2269373773800264;0.0037956238060671697
False;0.13003492411360898;0.012798342523514847
False;0.3157202813056302;0.0010649358115238786
False;0.19230737175946816;0.00546568716724969
False;0.2656663946330542;0.006095823275678016
False;0.32013362733239503;0.0006508730426658251
False;0.25087822289065764;0.0030192142838656654
False;0.3211394671892273;0.0008800632862673143
False;0.22628568514730363;0.00695844633265238
False;0.19913299533411466;0.0031247329802462152
False;0.3020445348407622;0.0009567803049612042
False;0.32318708538295193;0.0010528474176079942
False;0.1826489796833078;0.008648795235495037
False;0.1737752955435272;0.0034503310410587016
False;0.3010929419852855;0.0010131412998400297
False;0.1783309145172912;0.008551709839035233
False;0.1566388538735077;0.004940419761453362
False;0.22363870195338126;0.00612894486642555
False;0.09490123004113968;0.025873687928696786
False;0.3284986858619397;0.0004664759751745769
False;0.27033452662529456;0.004689819357500824
False;0.20257103917318933;0.007355717416804998
False;0.23650271131290052;0.005553912227981865
False;0.2323619249186839;0.007054088064577893
False;0.23284817506769756;0.004854009382525103
False;0.2746292291154193;0.005867432250211798
False;0.24871870780648336;0.00481600086514845
True;0.04673240298113316;0.06648397557675387
False;0.1296889671695152;0.01207969968401125
False;0.19387749367148072;0.004540962921309575
False;0.2685564393883175;0.006359572950177174
False;0.15560010691659243;0.00413732239047293
False;0.13046151101387254;0.012243287336991026
False;0.16000951526617058;0.008423979926716186
False;0.09586239641347268;0.025725023298962875
False;0.29290968063402345;0.0009673920417783654
False;0.2443263582820046;0.008249987514507996
False;0.2307054459000924;0.008646599930300918
False;0.09552388786151618;0.025100792431656294
False;0.3267489545037974;0.0007361386990594923
False;0.32365101283903175;0.0008674877414977964
False;0.20880046384944723;0.007405436046451273
False;0.23777025590882322;0.0031284408965607103
False;0.3154268513363956;0.0006715100163520922
False;0.2686575919034566;0.0067227686337623695
False;0.16474298138395027;0.0054616772712074045
False;0.221914050066238;0.0065190014592649195
False;0.22494750708096878;0.0035243347853090735
False;0.19312875061543358;0.007726573014317117
False;0.2510616446709543;0.008762325073157422
False;0.3103259241950329;0.0011195988723509513
False;0.2615282809323439;0.008107427359652144
False;0.3138369783422359;0.0009039788481853149
False;0.16673593057424127;0.004938225161009549
False;0.22507629296310797;0.005774811895813001
False;0.2588282460540126;0.005058027044963083
False;0.23151515325254043;0.00544364477235031
False;0.32371786430201466;0.0010050394163057207
False;0.29808092086968796;0.0011024759893919355
False;0.21589157480664528;0.008386224279401718
False;0.31222527363804226;0.0005284738445755634
False;0.19532766732190912;0.007180971154613773
False;0.2708418986045135;0.006125195982278749
False;0.23687538485676543;0.004655525033466085
False;0.20054851227096773;0.007838178674606129
False;0.26277677750950945;0.005007969399732279
False;0.2973091555479052;0.0008907421492568321
False;0.29053882089856664;0.0007855567772739082
False;0.18091965038243385;0.0068449891447601476
False;0.31636159734421276;0.00044471742412616314
False;0.3035680097495427;0.0008344828733795695
False;0.23450520493663166;0.007024637654179199
False;0.2672158646750501;0.006683622033767643
False;0.2631725124743434;0.007032213414762522
False;0.16375708996778432;0.005119338978448519
False;0.12781156619881962;0.01076804728766689
False;0.20872983021300362;0.007946751070833652
False;0.15823106116502494;0.0061999414513674925
False;0.2067528628252569;0.008442781766261002
False;0.29323745795049533;0.00046492355141620616
False;0.24190324401534308;0.006390283727480799
False;0.18419394933856448;0.0032926168461793535
False;0.28871864700068584;0.0007032906560774632
False;0.24876395589775072;0.0035380230097081036
False;0.20949613144527449;0.004127463922814686
False;0.2246233788959412;0.008637780584881129
False;0.27322479924207643;0.008442603468864765
False;0.2516111436301794;0.0039012921657462893
False;0.3048322006298252;0.0004726951581931827
False;0.29038274676452114;0.001025893373048143
False;0.21292932579208063;0.006281694817284014
False;0.3085453574597577;0.0011465113097154464
False;0.2704181583262483;0.00426802367744948
False;0.17317327058039075;0.0052907967963100305
False;0.2386034276051155;0.004753332959614345
False;0.26284136506523437;0.006963544443605387
False;0.1883043614166665;0.005505043582399151
False;0.2471559180015237;0.006907932752301622
False;0.20576507117663292;0.0033378600913807357
False;0.29049774580517324;0.0008368488541610637
False;0.1785056820439384;0.004567977236885053
False;0.26499605098579837;0.0078099614285352895
False;0.1808410081286036;0.007070956512611791
False;0.32415449204998875;0.00047293543608288314
False;0.3069941710977243;0.0008183510302148143
False;0.298255271158533;0.0011925582623388943
False;0.1915670753410147;0.007100554998610672
False;0.16079074199247198;0.006654407057490892
False;0.30577614288379046;0.0012169950656434126
True;0.05013787002719691;0.065772425873959
True;0.1793188100151485;0.005971903293450059
False;0.1673965305231459;0.004780448854200219
False;0.17167495861321974;0.00791804644538285
False;0.16761272894665066;0.007414434408256157
False;0.18646068818656442;0.003957852865134299
False;0.24799855589612774;0.002947895752105239
False;0.2729942570001551;0.005985375124931816
True;0.12581034222123896;0.012852927943535875
False;0.29844431292811896;0.0006022779398128116
False;0.09333371372105856;0.025628498686543703
False;0.21193047023891787;0.0031334259518809022
False;0.28275352711821156;0.0007598037850023588
False;0.3206094633708011;0.001191332087264645
False;0.15535037917196623;0.004014977526007228
False;0.27001915795620524;0.003619126593096429
False;0.3247919630594699;0.0009344991885990956
False;0.32916933563646533;0.00044159936764999973
False;0.25736550012440373;0.0031595140174857637
False;0.3093023470839863;0.0007546806520201516
False;0.21006241677774487;0.007226967272821714
False;0.20055742923386655;0.004715895203343294
False;0.320352657807546;0.0005502475890944646
False;0.17681260647661856;0.0054624911231073575
False;0.22213820416937907;0.005458963654548807
True;0.2282973981819933;0.0063855473176584535
True;0.04967284189277115;0.06676395570878083
False;0.19225227965997407;0.008002825841621753
False;0.2524773864418702;0.0030261564310970204
False;0.3197526132951721;0.0008424888834561862
False;0.2889437303517469;0.0009111992386821892
False;0.2946204015606776;0.0008233212249417294
False;0.23859501086332474;0.00797077183297898
False;0.16355094778002968;0.00841639918811381
False;0.18240069444714102;0.008591769150109476
False;0.13418672557757616;0.011197736059109432
True;0.0005623648932456857;0.7232999369525077
False;0.30745580912879894;0.0010744132263760062
False;0.2901749458399501;0.001163360514082531
False;0.21934318783684303;0.0030204321767207734
True;0.0008150977347919338;0.5911912584729826
True;0.0400353149633147;0.06739909390773867
False;0.2877363963087842;0.000713743311347768
False;0.26391975063935447;0.006383862306657054
False;0.15718349870398482;0.0057887516134197846
True;0.04079953002782176;0.06912801115972046
False;0.19550898978474301;0.0045533359504838136
False;0.28827013546322355;0.0006812633485171657
False;0.3160595209549994;0.0010726425762261672
False;0.31037459483466906;0.000570491128919602
False;0.31869266020110687;0.0007614158444509684
False;0.29892530631802267;0.0006560840146609001
False;0.19537587325604294;0.004281285254039126
False;0.30279739703725084;0.0007106930011750857
False;0.1881385417258442;0.005181413162215489
True;0.08601196094436227;0.03283671989987921
True;0.08821970854027186;0.03276267889527478
False;0.23954405905642445;0.008497902319459651
False;0.167477612578253;0.00819938714685227
False;0.2695979146900394;0.005062660568384045
False;0.15588223328346107;0.003766595103975069
False;0.3000074728134382;0.0004536289083604483
False;0.3091229768443754;0.0012188436625809255
False;0.2949987455225779;0.0010694658165851358
True;0.01072866190084664;0.1363364754606517
False;0.2978735207963192;0.0011561030189174441
False;0.13566324991832437;0.011405225991586694
False;0.17551866566344418;0.004952992031026587
False;0.2386695150518695;0.00764622646444621
False;0.21462667498545565;0.008540309663779133
False;0.30394122648395216;0.0010663205476584498
False;0.16180499616389074;0.005327934976821299
False;0.2560391039595993;0.007301901969850191
False;0.28216304557887356;0.0006516427626790942
False;0.21407911367759128;0.008026137797856797
False;0.24609289427304276;0.004854843954119104
False;0.25268563931882815;0.0062533708184910435
False;0.1708855005871778;0.0039723862264181365
False;0.2013355147983224;0.004000023601862276
False;0.23734022539132088;0.007784280017087959
False;0.1258492764090741;0.011225563554490763
False;0.3228977267925938;0.000672894147208695
True;0.19530725404140875;0.007291711667031811
False;0.2897825355415977;0.0010651644514965994
False;0.26313166488221235;0.008478478470790798
False;0.19215858381349726;0.0031039176325668083
False;0.28584517021087463;0.00043643027654027177
False;0.297698405210192;0.000919882637780364
False;0.1711892587074789;0.006182231960759146
False;0.16792044305127013;0.005265216066783955
False;0.2891770735141435;0.0007540623924347235
False;0.1735877726535477;0.0050980343724602905
False;0.16570023218969013;0.00594540535023551
False;0.3101121129367881;0.0006670843085762354
False;0.2906458587301854;0.001004137439697376
False;0.1970246333748121;0.005847348800851013
False;0.22169746396249784;0.003783624028019616
False;0.09595688395184859;0.02551502499088092
False;0.30153777968463236;0.000772759610797106
False;0.3089590447075941;0.00047992649327706507
False;0.23131460951429716;0.00385359096838667
False;0.25395446473525707;0.006331049960261421
False;0.132176260207043;0.011341068019742963
False;0.3165385584512919;0.0006616202185761259
False;0.2473467801617173;0.004011765563941977
False;0.15920103746346573;0.005329712579088939
False;0.32340397747024985;0.0012448399195990661
False;0.21630375749559483;0.008666114480150682
False;0.32544580918510674;0.0009705668339203917
False;0.20644070180296642;0.003289032077573322
False;0.19871209133364995;0.00801895872055321
False;0.2925028565277954;0.0009819968718895915
False;0.3232294338401464;0.0012221409212715693
False;0.22923194482627476;0.004730693422665784
False;0.2615132096302821;0.0031363251738564116
False;0.31642061508439634;0.000814727473347276
False;0.22739426587032502;0.00773161527729584
False;0.1738372765687375;0.005618031687620652
False;0.26936066884827004;0.006876967607295175
False;0.09259419565545236;0.025238082053035453
False;0.30687936827448825;0.0009552373311248392
False;0.21333720334605458;0.004977772939666945
False;0.23663909618453294;0.00877057542985301
False;0.2513543608286038;0.0060977149555459485
False;0.27116038833561423;0.008323849953612166
False;0.1656220963606657;0.0049460096908467074
False;0.1892905518801608;0.003289235866333293
False;0.24166174194454176;0.0035677579993868345
True;0.00934371688569899;0.14300552170086075
True;0.0006892602946041254;0.8098069954845737
False;0.19206265169025633;0.00815665072343685
False;0.18272811228506045;0.007502094562086078
False;0.1603758520352669;0.005398384409941462
False;0.12603973020035542;0.010912498920056496
False;0.1919303679327063;0.007496248476770917
False;0.0929405858883077;0.025153766418828636
True;0.11417887149675286;0.016166938629099327
False;0.2269763034328195;0.003210079480148389
False;0.23054825799817602;0.005241300697137255
False;0.09393270475888045;0.02579558155538712
False;0.2886695866108077;0.0005782511187186711
False;0.3003058730946455;0.0004857342436567398
False;0.17146232742500495;0.007071268846653381
True;0.048394575681631594;0.0615563714769728
False;0.310661500438001;0.001240459210138594
False;0.18232092237915415;0.006363482430599617
False;0.16267308164088273;0.00647618075856672
False;0.27297549623832523;0.0053569314892595
False;0.2388865033997626;0.0061242744182854105
False;0.2021049737765006;0.007799214164637193
False;0.15799626015416704;0.0053993749181812
True;0.00040532177574423376;0.5992747239304819
False;0.21404383008292527;0.005914862771422972
False;0.29448158466004254;0.0009840353100730702
True;0.03795067737353794;0.08220385577800558
False;0.18298224031171045;0.0044311871172361475
False;0.19916218812961572;0.005285572600541598
False;0.25913121455809474;0.007676496012653911
False;0.3274378653503837;0.0007149395726702059
False;0.2963944538157658;0.0010167215838631553
False;0.2602236477068027;0.0031907966649466816
True;0.29221330058267125;0.0005837298600527589
False;0.15843252393538948;0.004072385740097167
False;0.25176967012028767;0.006543335244019862
False;0.2093466101489221;0.004065829156184124
False;0.20479362950142835;0.003428182718953474
False;0.21313228025758885;0.006216721318499747
False;0.291868806064507;0.0006008389513839026
False;0.32902362815812297;0.0007095167401110967
False;0.2698547108252273;0.006856827942167534
False;0.3251968780084941;0.000557905874623758
True;0.0864516255325827;0.03209278931816071
False;0.24737816193008777;0.0064306154387698935
False;0.25034021281436025;0.005712279344483954
False;0.2466591104238557;0.003497810121893538
False;0.17760807069132617;0.003690446541086972
False;0.1341292432403416;0.010924495337584265
False;0.15600768768911769;0.007309589055724583
False;0.19961788423059443;0.0031941261911963446
False;0.2637302046481123;0.0054008863340898276
False;0.3209739050207029;0.0009652915859771872
False;0.21520741839434981;0.00602495329885345
False;0.27102302281254276;0.007660836241763461
False;0.2868537572814391;0.0006638792359467615
False;0.17118244636999821;0.006749343885017559
False;0.17376601336051542;0.007332888603717752
False;0.1770025886675345;0.00594226203058632
False;0.19746810835907086;0.004931126325233142
False;0.21318574900661752;0.00574817052517112
False;0.32460532290901256;0.0009926401647378667
False;0.3107438302989492;0.0010624774716177753
False;0.1887937161939379;0.0060210630168049655
False;0.3186260641240197;0.00047447798552009127
False;0.2053426193811447;0.005839448855728046
False;0.15875974555714964;0.006066837244112871
False;0.16907951600728832;0.007804096958317465
False;0.25083396860610385;0.007514042431463471
False;0.24571676050190583;0.007505940729610552
False;0.23667444704748103;0.004101224297433628
False;0.23413945349755833;0.005227813731405746
False;0.30809539021191423;0.0011738016096403175
False;0.2698581374432386;0.0060799056875779755
False;0.2725339547275757;0.008568964350276844
False;0.18183824448090105;0.004094941297640949
False;0.2934958026327961;0.0010762403541294146
False;0.294968372855266;0.0007455316231021482
False;0.3135949077888057;0.0009953301697408702
True;0.0001495144773437306;0.6168024475592573
False;0.2633565401953154;0.006308636358174977
False;0.3170939469440738;0.0008065369666667482
True;0.009796060626739957;0.14222017426145298
True;0.16686204707905777;0.0036738950037485075
True;0.00047034929711402436;0.49919394431835273
False;0.21255296352268074;0.0037275357822021266
False;0.19243824752952476;0.005391653378252682
False;0.15795754123458633;0.003643238292775406
True;0.0003636171548100101;0.6681550790688058
False;0.18330410362031796;0.00350702258025877
True;0.12736665687895027;0.01285742186827354
False;0.3192277593609828;0.000562877444837098
False;0.09367463068869153;0.02583441990914152
True;0.00023027813414478582;0.6249832420272874
False;0.29684950805754834;0.0008844534244926811
False;0.28835613151400014;0.0006195233896648171
False;0.23990902207943776;0.008336816687384329
False;0.17520596466653374;0.004918290980344242
False;0.28298018561945437;0.0005489798537215209
False;0.31080925877004045;0.0008584812578873388
False;0.18367082172843546;0.00470939946022297
False;0.3105043125594036;0.0006735525979961071
False;0.25589020683129876;0.006109330766429843
False;0.1583767573283066;0.0035215532391074038
False;0.3274668256260804;0.0010331568014326096
False;0.20566924290498964;0.008184965701745529
False;0.25691397682982287;0.007559186435309858
True;0.22506440898671826;0.004411448325160296
True;0.002351092805338149;0.27568231924031156
False;0.25517443334674433;0.005808841877690946
False;0.24294246611566203;0.006825943904561228
False;0.32872434101634607;0.000564441203433026
True;0.00010483032202885693;0.9269654447881933
False;0.322179862737482;0.0004803060744309204
False;0.2604812867103466;0.0068527175071827
False;0.24029138683646967;0.007404066642917801
False;0.18887867351282753;0.004266708386270788
False;0.13482216671399194;0.01200975817783975
True;0.00026803875082243673;0.3800945776099063
False;0.3068071735755319;0.0010017108618119662
False;0.31774163868015964;0.00116492475688731
False;0.2642928744013794;0.00453779642529511
True;0.2215052703500856;0.008325705764663904
True;0.010436190182129435;0.15374044935741882
False;0.3279313940656339;0.001133037286838915
False;0.21516156628848343;0.00473743481540084
False;0.2318419422599724;0.006468270165998831
True;0.04563670442105143;0.06302787807371657
False;0.19543862389688427;0.004678809894039142
False;0.30767838826939775;0.0008607850872213423
False;0.31216617953160963;0.0009734093903501521
True;0.08570078002169178;0.02974403607549457
False;0.29677156589298115;0.0006000907720184474
False;0.3124582706388349;0.0008974299331241449
False;0.1945919182509775;0.006457952353431546
True;0.0002913114792338359;0.7430746931252783
False;0.17208114191249932;0.006875380544192355
True;0.08869151697373333;0.02937223471905476
True;0.0001416665795680308;0.9130864464962897
False;0.23065295319983833;0.008366981720504098
False;0.25631702479302254;0.007792287915831407
False;0.26958225016138465;0.0058431962420878135
False;0.23714911488761548;0.004053782172955147
False;0.3161314187956429;0.0004639991817749627
False;0.30430540519470456;0.0011366066667487555
False;0.31373275056470035;0.0009945697747296093
True;0.01407985913696403;0.12170314788175493
False;0.29190699536370807;0.0009643497982005159
False;0.1340079097043145;0.010566834489666393
False;0.2669338512156082;0.006193058996887999
False;0.16020223404915734;0.008026305673039535
False;0.24366928717410724;0.007861606643201445
False;0.3037448836375181;0.000649633374171802
False;0.17967691464899932;0.0031967177201526957
False;0.15852584406941433;0.004180688777796848
False;0.29211772572228717;0.0009826042921136726
False;0.1649180686203774;0.007413191012618321
False;0.18983277959696043;0.006918226978752759
False;0.24969006288740242;0.008269765690289938
False;0.171300418009049;0.0031138342029277868
False;0.27097421638206515;0.008540216839260362
False;0.2560584926585787;0.0033943545912021073
False;0.1332164698975633;0.011938801330248956
False;0.29607892263873176;0.0006524621670069954
True;0.1681424158514609;0.006836960166948588
False;0.295719141991822;0.0008394206556633511
False;0.25956325595082635;0.007156644333818964
True;0.04206238000850608;0.0697211673702875
False;0.31845959538109103;0.0009221739752629499
False;0.29384967295017606;0.0011653188758267018
False;0.21217460159579843;0.0034821542739593052
False;0.2624733673842696;0.004462334563951727
False;0.29940161723328557;0.0009957207009125735
False;0.17461114578101727;0.007523527789614605
False;0.19092269412361956;0.004878290507139252
False;0.29452283964457127;0.0005540815574297147
False;0.3157330331628284;0.0004686639152347625
True;0.04698326157192552;0.064679631101599
True;0.039628371623792805;0.07560593522792837
False;0.09574753788213365;0.025434174503085823
False;0.28618041062587957;0.0006387586486117377
True;0.09136695433634077;0.03189082295055461
False;0.1786454432283055;0.003142781466102474
False;0.222829785664897;0.003639051716478408
True;0.0485755152936958;0.06670085525325133
False;0.28929355016704983;0.001069832575213363
False;0.2001540375992988;0.005898685944696905
False;0.1894285672679552;0.007192435890938657
False;0.3204433995696062;0.0006226558634369492
False;0.24039609343153884;0.007836610525349638
False;0.29564576012645916;0.0012284718518962895
False;0.1753555336185616;0.005373806731527127
True;0.04412064278970252;0.06596588293699945
True;0.11341276354938651;0.015760382446427884
False;0.29205151988297856;0.00044858517683784237
False;0.20675243533698218;0.0066502031315157865
False;0.24404649425405608;0.0040243952963676735
False;0.2886668625769281;0.0012230751513952942
False;0.26485025113120025;0.004436315855707528
False;0.23980223006823895;0.005553431210648724
True;0.0390206984012022;0.07364589599786185
False;0.09551537986754004;0.025377647717407813
False;0.2943332241202824;0.0009187318429559152
False;0.19944791201696027;0.006057035211795349
True;0.03972606042847919;0.07912527248965182
False;0.1953169535598945;0.008037203822099367
True;0.0004484445721425273;0.7990396688012515
False;0.2308187386573919;0.004975884087970004
False;0.20198359358348938;0.007367355728647752
False;0.19351962798653136;0.006954132007850264
True;0.018795638796968918;0.09891268063956538
True;0.1311558505830497;0.011953813636009667
False;0.1728491044914494;0.004086372229757908
False;0.23082446638121282;0.007834482850162952
False;0.22247993361950286;0.004750104757665087
True;0.03676728859348546;0.0832095380908943
False;0.26317409837671357;0.0072269507928545244
False;0.09393111111208982;0.025648431403662478
True;0.11336650427389215;0.01693862067117099
False;0.17941610669607894;0.0063406657564879605
True;0.037819211827722694;0.08427468718977742
False;0.09255206159973817;0.0253249172580363
False;0.3161432335615156;0.0009565586254326745
True;0.0005266809968065296;0.45307142560387126
False;0.18563598450396446;0.005183216555650953
True;0.0007988393559966781;0.9558925989658724
True;0.11355810596029284;0.014396254208305133
False;0.2002397776703769;0.004327517439077835
False;0.19402102014844483;0.004666234871126418
False;0.16270723355110409;0.0061976593390060015
False;0.1889091652975502;0.006516699412649745
False;0.20213985933133638;0.004924068565547545
False;0.18346331512066086;0.0033721226923999546
True;0.28259876340308887;0.0005781263147999463
True;0.08705730425207825;0.02933329203142032
False;0.3026853572903358;0.00102672367317487
True;0.0006874390165925263;0.37213329904075987
False;0.27122250648902235;0.0042778791114314535
False;0.21435583891506754;0.004954746430684305
False;0.1632893306000468;0.006052513524121168
False;0.2824579220474537;0.0006725448993040694
False;0.2952989778742322;0.0012070761596078075
False;0.19282155219798508;0.007812943851991891
True;0.2895057424128343;0.00045912712443621566
False;0.1560930697868569;0.006282269668831582
False;0.2502002331741688;0.007509511679503736
True;0.04580383565183103;0.07076653551503181
False;0.20205704709030076;0.0038172299388024044
False;0.19070857833509902;0.006251880753720842
False;0.30145903894598053;0.0007191338089304995
True;0.11432306049164738;0.01555537716840665
False;0.17779298400929427;0.0055996680460613495
False;0.2818582457261881;0.0011054345797124603
True;0.0005818456753614185;0.49955248250092066
True;0.04728920168233187;0.0638521336444688
False;0.20069892777846238;0.005248379448985346
False;0.2697609528674653;0.006970867502333838
False;0.24789258710240258;0.004010609209679877
False;0.13094805052331981;0.010593400219367772
False;0.26516118216007767;0.004972134411875908
False;0.16899190762495794;0.007168257386965632
False;0.18376337783526853;0.008119986800487486
False;0.2854380609455054;0.0004638321542995265
False;0.19538474979593567;0.0056026001196564906
False;0.211689486457941;0.003004250172646194
False;0.28889817040844923;0.0011163118939369237
False;0.18750645615809497;0.006991206359710721
True;0.00011312822049661242;0.8168707146952097
False;0.20108319180151119;0.0065737020810573265
False;0.21528952241205718;0.004043908480977102
False;0.16021016494838547;0.004832162050205804
False;0.29416852524244075;0.0008378125436115729
False;0.31000919256901277;0.0005821499698062162
False;0.20819494448666;0.007917781292085214
False;0.2857795398599777;0.0006387618512327217
False;0.24398114999722073;0.003565551875742604
False;0.25415195118424;0.003497975223442042
False;0.2590789070395923;0.003447985092305164
False;0.2432092398050415;0.005026847837520143
False;0.18661412561629437;0.0035188518427585673
False;0.16587142830778856;0.0033875916671450693
False;0.1859617842465367;0.006315453085309196
False;0.2959648687666992;0.0010154611047261612
False;0.19742764853060854;0.006649162132958602
False;0.19953472867260524;0.005330110797603139
False;0.19160257326739397;0.00553652615895916
False;0.30669474621534504;0.0006021733985522988
False;0.2892035073842351;0.0006811116925282894
False;0.31754172308561085;0.0010206380148584167
True;0.17704353975131984;0.006908494759268326
False;0.16413500257745553;0.00876755041184514
False;0.2969230879561906;0.0007612654011494919
True;0.010149280113768934;0.1398051508367298
True;0.23535550765560687;0.007133295057271744
True;0.0002541447756457186;0.6304405084457059
True;0.00011905740141517254;0.4544737145091618
True;0.00014186933905565463;0.8290717367632409
False;0.03678401004709338;0.07744688611730113
True;0.0005105699167692123;0.3935561390763422
False;0.04174737984053999;0.07270416401896583
True;0.03880990202539812;0.08110729491635417
False;0.09108736134539738;0.031885432858536206
False;0.04666941870901913;0.06750243572153579
True;0.00044948599129743645;0.5509678379261348
False;0.0921967328401722;0.026244941018843164
False;0.11419778628749729;0.015459020094032385
False;0.032864000509656884;0.08342063000940486
False;0.03579483537711477;0.07865961958249616
False;0.08595922059344646;0.032741253535308754
True;0.0005078124296708107;0.38002210034038675
False;0.0883232164793735;0.03001965997258759
False;0.08509257997997359;0.030151164117464536
False;0.048380912531015376;0.06964272755455249
False;0.034807449812584795;0.08378685636835125
True;0.000823596375268941;0.8305901415646301
True;0.03887912091703372;0.07383704274625082
True;0.0004315185573017019;0.5865323274488787
False;0.05357942248803442;0.07090892250924574
True;0.0004387593407835906;0.6071644120349968
False;0.08844614102072418;0.032456269563517624
True;0.00048580969593187004;0.40934473258764165
False;0.08984474051761364;0.032376244274062195
True;0.000823656341779366;0.7773865969304113
False;0.038772493474915376;0.07977597129180639
False;0.05162008064544676;0.07065518751158835
True;0.0004165661258837353;0.4555202630056103
True;8.568217538618126e-05;0.5707164533058613
False;0.0886808206859841;0.030867117025250773
False;0.08739081245050545;0.02854856849872841
False;0.049540980113012;0.062014194122963044
True;0.24493557763699308;0.0044932921777158736
True;0.0007671463513245589;0.6178580838148136
True;2.15237739565042e-05;0.6773725639314679
True;0.0005252946805560538;0.8752807892765037
True;0.04944179794919275;0.07388935127199811
True;0.0006679797437730437;0.4321313062164919
False;0.11482547073975305;0.015379443310072181
True;0.08661180410465948;0.03220012494418366
False;0.09097097669678586;0.02803971628264832
False;0.09272264539759431;0.026171283415561956
False;0.03294440216049875;0.08384608522010728
True;0.0004815209815887098;0.43568272357728643
False;0.04657874731518979;0.06989652898453341
True;0.09153751422923109;0.029456576361172025
True;0.0006238327523107674;0.6172159703251114
True;0.000642250268844072;0.3905556594097072
True;6.647782235841285e-05;0.5362287172942437
False;0.08618872024327724;0.031762266404003946
True;0.0006402670220459253;0.9635392704068733
False;0.09202968391512553;0.025868271007111383
False;0.08652191537008996;0.030763733498246317
False;0.11365370317917284;0.015150480119276109
True;0.012607135667465633;0.11603753761688212
True;0.0007336992790276456;0.8173790858528636
False;0.04289046660075377;0.07025899239335603
True;0.0007726562640793825;0.9678721843721354
False;0.08976758728453207;0.030858899822981296
False;0.03844826803962322;0.08180832231949799
True;0.0005292802561532359;0.5683413612023596
True;0.0005574907764861154;0.6400121105558103
False;0.04007993626811911;0.08170444841933039
False;0.090859536945357;0.030330022710379805
True;8.022767592589284e-05;0.6367867236095015
True;0.0003203077247224342;0.406309541193873
False;0.08858494547935922;0.03111460852739204
False;0.03788204031239345;0.08372644711533286
True;0.00043434276292994713;0.7676994599764302
True;0.0006437830712756474;0.6509106819850449
False;0.03969217458253009;0.07778003312591039
False;0.0854692443293686;0.03246449411004241
True;0.2146213013362205;0.004117896278917698
True;0.0002764205127061438;0.49399095732110787
False;0.037572544269246944;0.08189295674794833
True;0.02417573588608342;0.10717707431826988
False;0.11398377062671682;0.015665293312556235
False;0.11331440586965101;0.01511452374005619
True;0.00013991591145854775;0.6840899216640857
False;0.09760219762827918;0.024987773897795638
True;0.00039063836263773544;0.8647987044103468
False;0.04269217365815156;0.06565090401893274
True;0.0005872048531698149;0.9433285880611896
False;0.09104342925142431;0.02723332736030351
True;0.014049657821718877;0.12439356019500013
True;0.00012464150926217167;0.6160023161868817
True;9.24785400402468e-06;0.7192079097042612
True;0.05536706938560343;0.060247161554112555
False;0.04006356462673199;0.07385671564121314
True;0.0002674382489330897;0.7043519413629797
True;0.022885663131254362;0.1027953027752765
True;0.000606428220380134;0.6949306486434041
False;0.08821853273313222;0.02812097101240068
False;0.05128524745184146;0.07345631559583392
False;0.03574182666877524;0.07398892835167302
False;0.03405799105030703;0.07834879092812977
False;0.08693299355835352;0.03217087864436209
True;0.0003829623270308827;0.9548126356113715
True;0.01882068457369274;0.11199507338364101
True;0.05412805777468928;0.06116072363632103
True;0.00031761469085075315;0.5400393350499965
False;0.03636202146723876;0.08058682902724126
True;2.5196867246238024e-06;0.5791943286718654
False;0.043899110522920226;0.06225817535732976
True;0.0007640569450507519;0.549808219207835
True;0.019659277656150567;0.098004410131972
False;0.0895236151758253;0.03230682998653993
True;0.00015942544719671115;0.3907722968066685
True;0.00015962334704305834;0.6611350869558876
True;0.0005070782620151266;0.34189799198516835
True;0.00014789620827685256;0.7388976790452446
False;0.051045324288782716;0.06573294954847744
True;0.000630191581812903;0.710048861663732
False;0.03345076123873519;0.07726538714844779
True;0.022037806771765558;0.11143954133565653
True;0.13515324111339716;0.012795213985936867
True;0.0007681508777947106;0.8979221463479168
True;0.0007783630136282474;0.4775696004004014
False;0.03452055328423214;0.08307856999946021
True;0.018473151958963235;0.09948646481940686
False;0.09695581770375426;0.02434300415719283
False;0.08446468710569698;0.029927010710803337
True;0.00018965560224330367;0.6309531040348222
False;0.042858451589626256;0.07291788049488518
True;0.0007083809080212053;0.9669970462339487
True;0.00027908857575730537;0.35850415503910216
False;0.08516709703931832;0.032492374627796014
True;0.00045823307073089906;0.8274577784935052
False;0.08656953298565026;0.027280620038212813
True;0.0007134224515324811;0.72749566065008
True;0.09101980749977186;0.02891164897532924
True;0.0006803159863835842;0.7031734480563077
False;0.05113572435342041;0.0717682106743196
False;0.03555485071967294;0.08105948778847154
False;0.053007581319662725;0.06467521599478857
True;0.00041378306294121304;0.8873817541245299
True;0.0005387654829252381;0.6045587202869189
True;0.32927504260794155;0.0008972260708561634
True;0.009484458206220084;0.15211395071507314
True;0.0007403733214788238;0.9258386481741532
True;0.0001798662326145388;0.38414776643247284
False;0.043796656747991825;0.06843191126091389
True;0.00044126489443127093;0.7066636957767826
False;0.03854709776730679;0.08129032769788662
False;0.08689969340551587;0.0326532812098633
True;0.0006029380786603892;0.5423399895033589
True;0.00042735191703553813;0.8613144314781961
True;0.09190857694544918;0.02578255892302047
False;0.09605633673136295;0.024377805021018776
True;3.3704766941536586e-05;0.3575468553310972
True;0.01754985027163851;0.10632582922101327
False;0.08487516058627119;0.02793702218636236
True;0.00034717658480431905;0.7773104035652747
True;0.08921544152216118;0.028001835194991723
False;0.0886068860133347;0.026903404089649394
False;0.08906996612521177;0.02981705000724831
True;0.00037357273740547687;0.9856684743759544
True;0.0006246126370014036;0.34990806290486287
True;0.00013355270976994957;0.4598324446296373
True;0.0008258609711198836;0.7485199818481878
True;0.00015595759539021366;0.6241003421670559
False;0.04317396938865869;0.0620296445295315
False;0.03403894843579369;0.07551026659733383
False;0.041083941323719474;0.06242099583189664
False;0.03341096866657512;0.07545580580297752
False;0.08467563072559797;0.03063287704857282
False;0.03494097500657248;0.07874947547053171
True;9.362130102146904e-05;0.6834220056763779
True;0.09735030233549846;0.02397145230241249
False;0.04855191489912022;0.06611941753862453
True;0.224139185196157;0.007164499835564695
False;0.047235459546751034;0.06997259218526763
True;0.0007300111436790441;0.6737990585181755
False;0.05388361047215771;0.07046083010583616
True;1.8147094226402835e-05;0.7356370820489582
True;0.0006868834974226058;0.4139484840461664
True;0.0008319163698194726;0.6054800801728232
False;0.08949346860226759;0.03059464902161951
False;0.03841823283806764;0.07760296065641327
False;0.03807723505580371;0.07771531849539252
False;0.04635496700312701;0.06771546554513508
True;0.00016521037860976311;0.6872755428907484
True;0.0006687925153119859;0.9629862553042667
False;0.045851576192444954;0.07395081195342817
False;0.04909534255586351;0.0663495822019348
False;0.08650043512104194;0.030503702337985918
False;0.03354019100639029;0.07836605295369152
False;0.044914085580918695;0.06600207024008443
True;0.0003136671488360275;0.3689369100362584
True;9.545185431895426e-05;0.4905691225822356
False;0.11337974416638352;0.01620654719743009
False;0.09106753730257272;0.03090006729320718
True;0.21103937075620455;0.004279599959803215
True;6.15043539043835e-05;0.9108562003952239
True;0.0005450002203711786;0.9087170480789382
True;0.009055936600704553;0.1534984380903541
True;0.00011198230663697699;0.9326717913865091
True;0.00032727719303098074;0.8207487221979834
True;0.03705931196975782;0.08217104758348936
True;0.00020256932243966052;0.3335215163980562
False;0.0030645423752251044;0.2789204475052079
True;0.0005787709858828902;0.38563293856649455
False;0.022308731711041044;0.10713410808704088
True;0.020508298811336766;0.10023804548560811
False;0.055884193209044655;0.0570803943346884
False;0.01453379794500766;0.11683636632603024
True;0.0007299606918935625;0.4512513458904979
True;0.0005233366549695425;0.8908573942725846
False;0.08824978511981056;0.03149912253689722
False;0.02139553121679203;0.10484003098294208
False;0.02249033185168886;0.10008018771801662
False;0.05632508402186181;0.0565907635838947
True;0.0008105044636348105;0.8500009524331026
False;0.05442554501444319;0.05792567011936645
True;0.000278356324061406;0.9570176552720182
False;0.020762473486643958;0.11077647018953224
True;0.0001340668354026669;0.7366492611498534
True;0.0007486821933192824;0.8169525729916234
True;0.013090102112588698;0.12506899994773127
True;6.457616329646679e-05;0.808665192568873
True;0.0005620826962639412;0.6631845189876072
True;0.0006099993141043133;0.6155987939192802
True;0.0008308253990626408;0.7356410639870571
True;0.00040497471749223387;0.8143781174214277
False;0.056799592363283746;0.05893684320805474
True;0.00043237019479172475;0.5381005225347616
True;0.0002954340537666298;0.43060612908927715
False;0.020793772266412713;0.10461672774724527
True;0.0003562469358512889;0.8149377581515287
True;0.00019770202629719217;0.5116627677453488
False;0.05563037337785001;0.0597580886862722
False;0.08661518448864192;0.027507490206147383
True;0.0007034667003132423;0.7486131649723942
True;0.0005713634881115363;0.7499751558035292
True;6.199801165831666e-05;0.4903386020685953
True;0.0003285351709671721;0.5132891847224663
True;5.173024217288112e-06;0.5882878848743165
True;0.04332659982533619;0.06283527279892934
True;0.0006308381525850528;0.8913766227414675
False;0.08727445793564033;0.02641781232637834
True;0.0853755700496995;0.03146301808677994
False;0.09103899531363435;0.0285511804274299
True;0.0008252552381226259;0.6249168269261126
True;1.3452755588390085e-05;0.33975672781529265
True;0.00014883695090839682;0.37447149882711606
True;0.0002260147711510265;0.43277825525327596
True;0.09172536654183104;0.032210092808568305
True;8.038480483063163e-05;0.7116233590205969
True;0.039920429603482424;0.07751092805007705
True;0.00040302896694466474;0.5091890807243318
False;0.013070772417024454;0.12029443492274812
True;0.045486423016863606;0.07381526167977139
False;0.05450308954183148;0.06145290353742935
False;0.08604753051412622;0.026422646399128464
False;0.11338358453740394;0.017113858759430393
True;0.013442138984609782;0.11864564732542132
True;0.000742392457393361;0.35485019301016074
False;0.02107661946907524;0.10072800863270184
True;0.0005626222972161558;0.5016120421564214
False;0.003243351705651315;0.2778705446880883
True;0.0001245679213161398;0.8250270618221901
True;5.8540466362666704e-05;0.9346691183132538
True;0.00024933571960509545;0.4474885162100243
False;0.019196340689201816;0.0991607579942183
False;0.05604077185944539;0.057635058992020254
True;0.048457152958123;0.0661410693468487
True;0.09705168488802846;0.024886200830931363
False;0.054979935286607155;0.05838804099649294
False;0.001311854753408786;0.27562353387415045
True;0.0002230254936194726;0.8065246325072801
True;0.0002819183928497325;0.7962345444936332
False;0.017973449125400637;0.10460662805042772
False;0.05638405328556898;0.058003269708551145
True;0.00018799661332049027;0.8487814912806558
True;0.0007431580583598102;0.4052136771875642
True;0.00047513239836077104;0.5826705457644736
True;0.0007627054827200833;0.7006210421627823
False;0.11350594671572137;0.017326860981406983
False;0.09181333374570973;0.031204741881399368
True;0.052925555043705295;0.0719652126337294
False;0.008713144267096008;0.15435447011303835
True;7.238854088623607e-05;0.9233042933183219
False;0.02012061118810673;0.10113361213914215
True;0.00012033763320217241;0.3353986237562987
True;0.0007796228576491176;0.6600641535574249
True;0.000295225012211277;0.6260866946476137
True;0.00029022685612998676;0.7055082937911399
True;0.0008089258340412473;0.5273425252963024
True;0.000455274278481954;0.72798805886394
True;0.00036022347754522804;0.858556287054228
True;0.0001473006291722984;0.9252898310607673
True;0.00024129444774573404;0.9170726106785951
True;0.00019439875822645062;0.645132508781865
True;0.0008346176437141544;0.6519285838566695
False;0.008848085091095394;0.14506402419475548
True;0.00019113108215401076;0.7184042681118211
True;0.00042959660809738297;0.7804045027888694
False;0.05473661522135196;0.05665326836516595
True;1.4617751667151796e-05;0.8731725370869816
True;0.0005989592665046366;0.5089654427243466
True;0.00033010838930553314;0.8903983021685696
True;0.0007121602941569455;0.687238328406615
True;0.0003925985673408791;0.9344115141665461
True;0.00037170951961820005;0.5370447436222722
False;0.017348688523700136;0.10215514259561495
True;1.791347742407132e-05;0.7334679433277915
True;0.00072081303159588;0.5028649438611861
False;0.055882053737463445;0.058806366100250904
True;0.000511768764439632;0.5918720521787898
True;0.0005078440427864547;0.5436321299016815
True;0.04907621871866513;0.07314586424741942
True;0.0004738790769157792;0.8950950249225091
False;0.014550428532376758;0.1152875460839069
True;0.0886232572971027;0.03285509893548766
False;0.05436799649237573;0.061775435055806995
True;0.020074081237707687;0.10450386573154448
True;0.0006667147714636225;0.8755536871705017
True;0.0008141790962817465;0.47628761538566416
True;0.0003974666581595823;0.8494669670051183
True;0.0001629048699773251;0.3528031863192509
True;0.0004889852205625908;0.9431410466514876
False;0.05390839088247143;0.06139775246213637
False;0.013211200612108523;0.11632994537147742
True;0.0006776917943769016;0.8762138631854073
False;0.01834878439496283;0.1075446401784464
True;0.0003554001857796003;0.9255133155261145
True;0.089740316550626;0.029980335159706026
True;0.00037100197883052643;0.3457734225665619
True;0.0008003653498022977;0.6673328426639007
True;0.00036352364492328343;0.8946628120046255
True;0.0006019681711063172;0.7990109809227077
True;0.08772842976396712;0.03197004197855133
True;0.0005696830330148777;0.7045985396906761
False;0.01033315091778745;0.15342386027651578
False;0.02336580984512137;0.1071247813566202
False;0.014577447140880094;0.11860884970539311
True;0.0007843342277623512;0.7476574731853662
True;0.040998546403426164;0.06461913292698052
True;0.0005347611279606712;0.5134810969442563
True;0.01016854116524914;0.14451142839534611
True;0.0003455644134633999;0.7252718021719791
True;0.00021409329931467005;0.6239723160639038
False;0.013478265643531712;0.11646905806977746
True;0.00020655224702009447;0.41935031817729107
True;8.732157615945413e-05;0.4918183422646465
False;0.09056063534000434;0.029597577894623875
True;0.11393043298785174;0.015519546346905182
True;0.0008273753731827667;0.37832923289100395
True;0.11350480417940459;0.017135815049311887
False;0.012857890283642983;0.11491192025507063
True;0.03373283451918889;0.08151328345109292
True;0.000605727921728866;0.8000399287835369
False;0.010071342182612353;0.15539537441955203
True;0.04828490561224862;0.07299900546219618
True;0.09143080317601227;0.02875815322195287
False;0.0126570657559257;0.12116906387364082
False;0.056677642427752;0.05966849588287905
True;0.00013219276790168104;0.3562433229091484
True;0.0002863769837771002;0.5363999757162192
True;0.00012255893514228288;0.952897614405004
True;0.03911974085418563;0.07407923710271537
True;0.000378843219485886;0.33286981899138474
False;0.02142828577822256;0.10111096884278784
True;0.000553552455606062;0.9910415678916243
False;0.021268283835792073;0.10774549572996335
False;0.012591651092605875;0.11560236644551673
False;0.05489607937689754;0.05859143900781938
False;0.0015613305675787692;0.2779753761082399
True;0.04472553139122787;0.06705049492554942
True;0.09584192891938897;0.024499882233279018
True;0.000723048238115866;0.6983122764952308
True;0.03450081436906212;0.07936946718583722
False;0.019891911929862525;0.09991835573642406
True;2.4974364486342935e-06;0.8261406710104129
True;0.0005679333279840692;0.6322329610583632
True;0.11479797676261065;0.01539023206015896
True;0.0003157111942483181;0.6816935619272947
True;0.0004279815029942573;0.639266305247296
False;0.055965536027094115;0.059267544622665064
True;0.0002121889120137627;0.5344764778919753
True;0.0003034799513584825;0.5006212995047368
False;0.008933797387138948;0.14248399709608806
True;0.0858215954231482;0.032559120754948934
True;0.04676495847265194;0.06721098282703004
False;0.020958572342818747;0.09813250031576397
False;0.013295335751887417;0.11523785240760764
False;0.056535901129377626;0.06048009791146002
True;0.00039156937458538775;0.6411022866924705
False;0.01078548586626739;0.1520730961220028
True;0.04934098580299695;0.06402014338010839
True;0.0007397624245617865;0.7359283947056094
False;0.11337083176917152;0.01660091700193304
False;0.055004454113976045;0.057721619433449334
True;0.0004005661457466883;0.9863474726892855
True;0.00013064698603536547;0.9360255029376222
True;0.11474021477714366;0.015670514076275
True;0.010253104966716081;0.13800562095884614
True;0.03612325936995439;0.07447641826093303
True;0.00011288827382083858;0.3297947080378461
True;0.05363582013336576;0.06069316538633457
True;0.0005920967779238919;0.5956212092606494
True;0.0032717957847829895;0.2751751373977809
True;0.0007826210511096501;0.9522294173604169
True;0.00023849971390526645;0.3322407425854132
True;0.0003887645747989031;0.7576943738965906
True;0.05584228918291287;0.058200506736483484
True;1.2098368064874736e-05;0.7763656580722418
True;0.00036932507445699693;0.3592180933192892
True;0.00028521126269262737;0.6466739860365253
True;0.0002653018881793531;0.6009912322838571
True;0.0007641089258190367;0.823315269496117
True;0.0006421509671948658;0.7114624022655536
True;0.0008131395513700893;0.9168173086964317
True;0.0005994610120961444;0.4698144407120673
True;0.0007866516123028968;0.5779303503826684
True;0.000271895006458757;0.3549722014344503
True;9.32951719809997e-05;0.568951805193774
True;0.047703889625534304;0.07083837488645353
True;0.00011190873966627358;0.5538904696145699
True;0.0007378405109673408;0.739552897571822
True;0.0006168529036439268;0.35066613474284863
True;0.0003867070230068871;0.7423209063306658
True;0.00011246748795747552;0.41472193172561295
True;5.646094459200991e-05;0.5615546841374622
True;0.0003744614051443555;0.8548185017890575
True;0.00020967918680893672;0.8982540279170926
True;0.0005284085779685865;0.6355963915521177
True;0.01779252215580749;0.10619972312297438
True;0.04905740220393462;0.06308702408041336
True;0.00027957805046542323;0.6088216318473306
True;0.0008018948015083032;0.5699827408779183
True;0.0007919108680322739;0.6167648200827621
True;0.00040541616678092704;0.49708265622821113
True;0.00039570783586591064;0.41593439096313
True;0.0005071616701067784;0.41341655131785765
True;0.00046153577610782753;0.5152385131452205
True;0.0005648542269041083;0.8509581025552374
True;0.045260345765098776;0.06918789180060594
True;0.0001693754367832117;0.7404720391801287
True;0.00033508855493452454;0.962415608025788
True;0.00030101904286476087;0.637081398509851
True;0.00011637801052469523;0.9190758211917479
True;0.00010364229224389408;0.7747436261809328
True;0.09012093912865286;0.03043128845419571
True;0.000638951754021308;0.599016690038394
True;0.014398786985502704;0.11839319864490878
True;0.0005405688075793152;0.7711243732961992
True;0.01277842598939424;0.12367640765882616
True;0.021572876898601233;0.11039355066076378
True;0.013298871934083335;0.12029533011018714
True;0.0008190581994181388;0.8851557895006099
True;0.0003117006769808073;0.3674729352761089
True;0.000462850959980149;0.8516269232648471
True;0.00029738570789650216;0.6315141823087582
True;0.00014073454602126488;0.4351164740506607
True;0.0002218585924252146;0.5037061042059202
True;0.03868378803819163;0.07486574810303367
True;0.0005181696741178889;0.39433571408676826
True;0.0005424870898424631;0.5381441455096238
True;0.02054017987298676;0.09832062511245901
True;0.0004393382456857722;0.6572446788032725
True;0.0003898362742789658;0.9107002930341372
True;0.00030831330246608197;0.5345039099669366
True;0.0005209716592305204;0.6747060924585226
True;0.08850022908906101;0.030849036581356997
True;0.00012757743684864266;0.6490147006688256
True;0.00011336924281379551;0.958240992087657
True;0.0001727475289551706;0.3952546065339123
True;0.0001337306104553005;0.5447646052442481
True;0.0007011797164791259;0.6336881465386497
True;0.0001648924381977379;0.6982200389313925
True;0.0030175496499018142;0.27728403485597275
True;0.009485389329909586;0.13724088446263077
True;0.11329607135197459;0.015413971475245994
True;0.00029954278505623587;0.8824296787742103
True;0.04243647285058941;0.0661027674170437
True;0.0005300928387456986;0.3623328193261755
True;0.00018205979255666883;0.7628936411025611
True;0.0008282637443902893;0.8694533056922693
True;0.0005689932964290749;0.5941286312068467
True;5.834157204826796e-05;0.5684040077093357
True;0.04557630815131441;0.07081480686933864
True;0.0006824947453697851;0.7820611564799894
True;0.00046555412889884464;0.445308204106625
True;0.0005142685201168058;0.5909320603332651
True;0.009805704239702624;0.14262206452930537
True;0.0007759639584019118;0.6192517314019752
True;0.0003870843881258518;0.6372335864700411
True;0.00024885122187481075;0.3531648179859036
True;0.0004109040465775098;0.5641120080721065
True;0.00034675789013279256;0.43584080456480356
True;0.0007657590762394331;0.345839770361998
True;0.0007296407488017191;0.6504261543075212
True;0.0007825384281547967;0.39260440439429256
True;0.0004015800242123044;0.6159508344812978
True;0.00020902440045021597;0.7503584826751496
True;0.0002127660537619478;0.8701094304476146
True;0.00022353353706516498;0.37749312553018166
True;0.000764596143426457;0.7597642243156042
True;0.0008196403074578916;0.6824348512787672
True;0.0001122368612382365;0.5117044187413062
True;0.052463893052057516;0.06848267109006227
True;0.0005023512172039669;0.5730417786877643
True;0.0006296439022381109;0.4633141452754367
True;0.00045855000559295547;0.36501476555646467
True;0.0002861063852128947;0.3378854413176383
True;0.021805050915865584;0.11312591573978022
True;0.000821684179197707;0.5126286687805381
True;0.0003815859049160663;0.34701331615318165
True;4.871404730050913e-05;0.6331277409796656
True;0.00018134477239617494;0.6188786298411106
True;0.0003764137325269421;0.7233436050824218
True;0.0002050373733231258;0.7624784412698111
True;0.0003576461952075799;0.9086566251334912
True;0.0008187107073889897;0.6400670971120808
True;0.0007367633065422739;0.6550466614935131
True;0.0007899091985075057;0.6119204812566844
True;0.00015014988129387496;0.3309006268277026
True;3.924505842191751e-05;0.5999760705151649
True;0.0001233950514028262;0.6725211811047612
True;0.00047679229762896024;0.5475893741533646
True;9.915358630789663e-05;0.9659154983250244
True;0.0007164160555639815;0.6433474559207226
True;0.01062555099846578;0.1394981035670976
True;0.0005317569283270464;0.6703008223307785
True;5.858014815843995e-05;0.47967011646467894
True;7.626830700302548e-05;0.350174056876431
True;0.02044167867987848;0.09850549869987567
True;0.0001112417498136808;0.822628413674308
True;0.010147883178920408;0.14686765832286394
True;0.0007702321370429451;0.47737460088964945
True;0.0001110090030012525;0.8942820599472902
True;0.013401538216023122;0.11670629461698713
True;0.04034844959217773;0.07018468430159572
True;0.00021476574073606584;0.4793837936366959
True;0.11347342080670984;0.01663320978645626
True;0.0005368282689522856;0.9437442206375988
True;0.0007381455974737862;0.7832660069622412
True;0.012866247211533677;0.12555243373183322
True;0.0003357412329007403;0.5337655121023295
True;0.00033095266443976555;0.744806920018001
True;0.009467674944781707;0.14090772895976159
True;0.02212424380585815;0.10659359391618105
True;0.00022122697646973153;0.4465861431346946
True;0.0007671276601374426;0.6545371065312345
True;0.0003024358277793095;0.5028054340439565
True;0.0003566074178580233;0.8789789474999421
True;5.5324326577860336e-05;0.7433506453386005
True;0.0001326178499947377;0.6924491030924431
True;0.00017728805337478712;0.7163739699110333
True;0.0005605005279211868;0.47484633433530427
True;0.0007786119006003474;0.6464235434275234
True;0.00016966467982225666;0.666717303855385
True;0.00015768662641094263;0.5410764989552412
True;0.0007622009682917599;0.8303577587666546
True;0.0016637392553942205;0.2765917114174503
True;0.01943840621826324;0.10387990789145712
True;0.08563527100388658;0.028875607181921715
True;0.00020008774271271332;0.3529595691457932
True;0.00023511839421229736;0.9927202783337316
True;8.857083622001507e-05;0.4477634904328207
True;0.0003440308271234743;0.848097860103806
True;0.0002516949663019573;0.8786786092431955
True;0.05443829681285761;0.06161848314956329
True;0.0007197971551031168;0.5425938115841524
True;0.0006613510188825842;0.8900354259735708
True;0.0007500537533951982;0.551624361647131
True;0.00044423033106635423;0.5601792842780147
True;0.010481751081750632;0.15341676306494695
True;0.0004742422405381269;0.6169981140240568
True;0.02000840435735927;0.10195025277087966
True;0.0003000892574425532;0.6695856152689872
True;9.506389438689203e-05;0.7463625582177604
True;0.00042112803391944397;0.49029030861198797
True;0.0008230319833690851;0.7381892381022617
True;0.009991837670851397;0.14332848740450396
True;0.02366008542047554;0.10887414790550269
True;0.0002886649369396694;0.3845415518309221
True;0.000755397518357472;0.9492309041377733
True;0.00039100672820141676;0.9951262771344674
True;0.039734698319451714;0.07777653573731028
True;0.0005386645504312157;0.5453144066254009
True;0.010760572078969022;0.1453549902742547
True;0.013790120181224677;0.12005524011442102
True;0.00039841346828619457;0.8493786640577426
True;0.00020214389829581353;0.5752142658471318
True;0.0003858656793181959;0.9515542819067302
True;0.0019318638286338692;0.2745922854031743
True;0.0003237220354121594;0.9585209068661988
True;7.430269243727936e-05;0.6625716881099668
True;0.0004829183254833517;0.9488723432248245
True;0.05480553371126312;0.05739469680029099
True;0.0007992285933855969;0.3806475397638535
True;0.0002900550340868202;0.45865558743960955
True;0.00029005306859517394;0.8588098262073328
True;0.00016006487229213893;0.35091964747180643
True;0.0001973529136548928;0.989460461061268
True;0.00028702078559040997;0.8300708315791362
True;0.0005902206630950975;0.7681200845734318
True;0.00010735259807657099;0.8703784385916005
True;0.00035031457366817574;0.5137782563308739
True;0.022510848564923497;0.10158743894672755
True;0.0007993193620384148;0.4233191106130656
True;0.0001282086550192417;0.8733230078262121
True;0.00042462356465025055;0.4970727610956149
True;0.0007118190558420814;0.7428407966753721
True;0.0005200154771728862;0.5174001223368857
True;0.0007486016263119316;0.8876417607121521
True;4.800327341637701e-05;0.5193150486224986
True;0.00011447150496327998;0.7672089181007133
True;0.017509344933554497;0.10531332215130879
True;0.021363596088844514;0.1076997282756606
True;0.0007842500644941196;0.3531825006672521
True;0.0008299004858870563;0.3786109254382095
True;0.00022040755212445338;0.627871680739958
True;0.0005100579165621263;0.6611952265247574
True;0.00025489600228201193;0.4397292540841061
True;0.000629428730257423;0.3772713202134341
True;0.00019375466255107946;0.7495247460872805
True;0.0002448840519189631;0.8494562557871238
True;0.00023958894111402438;0.44517436581274084
True;0.0005787978805784862;0.992684085782929
True;0.0005174654170479625;0.739269275240527
True;0.00010280290001487671;0.8442456454907042
True;0.00042806745320062847;0.9954980264972788
True;0.05498979620415757;0.058576991042357904
True;0.00031714605230477567;0.5808762540677332
True;0.00042170938021973903;0.6657243634800534
True;0.000503393773539479;0.39855171033606734
True;0.012858998063990275;0.12372321019017148
True;0.0004983132203110146;0.4938760775716474
True;9.838626920377259e-05;0.568150504810514
True;0.00014117339392602654;0.4151454229666463
True;6.166755276935938e-05;0.893846165907748
True;0.0006486188690003616;0.7308013922451673
True;9.67887991390947e-06;0.40248393604592125
True;0.0003576175118130395;0.7811948378041584
True;0.002156759837105878;0.27595033391989926
True;0.0002101323069740304;0.4862923932651222
True;0.00036496777336431487;0.7137052402194057
True;0.0007223629445704072;0.6935808179556127
True;0.0005809353572569218;0.6643732362257104
True;0.00029116277326856894;0.46681578871254104
True;0.0002183875382573345;0.3615096265107175
True;0.00012798041675224738;0.8308786818915245
True;0.05610573591480249;0.05878264225573217
True;0.0001250802429939403;0.6899145098040562
True;4.860950152617e-05;0.7902046764819062
True;9.433352621160099e-05;0.9940919054369217
True;0.00042871840856812256;0.514986127685274
True;0.0008113787071616466;0.6644520670445406
True;0.0008963925027571559;0.27730098773489087
True;0.01010346173045755;0.13861398231501015
True;0.11325168208792133;0.01731670016017518
True;4.452622266845304e-05;0.5659323032305664
True;0.00039011756142539136;0.5528177449588316
True;0.0005292599580985554;0.9184128628037367
True;0.0006183456057589831;0.41563838167973644
True;0.0004618166089141861;0.8867462415156273
True;0.0005412935551372667;0.7034606384484621
True;0.00047070733442891854;0.5037637723204605
True;0.0003082304947587832;0.5241318030604181
True;0.00013898667114404346;0.9702488553675559
True;0.00027525484635420217;0.5343056671930133
True;1.2351370051498047e-06;0.9190762903627325
True;0.008894365495168567;0.13641099448055824
True;0.0005306147334258059;0.8814074163600033
True;0.000413105031458719;0.41760978092020545
True;0.0006398164951183519;0.4406596267029758
True;0.0003349468854988276;0.9240433428543434
True;0.0006205569355452178;0.8088054481991898
True;0.00013752965933878442;0.3741440035637007
True;0.0003841566892376595;0.8767459698649246
True;0.00021697186128343896;0.7857017258510652
True;0.000660560827178007;0.6425549175977514
True;0.0006022844271373472;0.9873271630678496
True;0.00028916183796582695;0.3525260716933862
True;0.0007171629859088279;0.3711104389958662
True;0.0007536821749275856;0.45210985966326905
True;0.0002072220806992136;0.7698956755632026
True;0.0004073083603717876;0.7327252991466955
True;0.00034568703136029095;0.8353775559399238
True;0.00064063463685088;0.3654534714692761
True;0.0006328243319052546;0.746374624374011
True;0.00037776751783062386;0.7835383319091874
True;0.0007891044565942688;0.507199958368886
True;0.0004855037658803953;0.954782920240213
True;0.00013630490090565071;0.8208047155175399
True;0.0002404581711050349;0.5495923393486062
True;0.0005375082241959038;0.5051180061594768
True;0.00034414827236895737;0.41861513681411927
True;0.0007149343955345881;0.3950460817016616
True;0.00019116310211881557;0.7349307876721084
True;0.00018714916221575022;0.3810095348301167
True;0.0002379293021237548;0.7030049334009062
True;0.0003106494052005845;0.5061116518138453
True;0.0004392931715288769;0.6355548095529308
True;0.00020296976526122665;0.6952891749644332
True;0.0007386977108905068;0.9181541543920385
True;0.0005233893456495346;0.7741273359530314
True;0.0003532242204544102;0.8521088599620054
True;4.35097965735669e-05;0.6347000220519994
True;0.010650239168527864;0.1389906191441802
True;0.0007342936726884833;0.5450870172200704
True;0.0007812209239452736;0.7320874042518617
True;0.0007741802865756401;0.40488563744765327
True;0.0007798295419824085;0.7766464753671944
True;7.18577834627356e-05;0.6548044615060085
True;0.009486694836334391;0.1381696784289636
True;0.0006781848678824517;0.4978116360371939
True;0.014236060408927827;0.1198781882486465
True;0.00042086371594756306;0.3679943786842085
True;0.0001061009042168252;0.9967642023262363
True;0.0005196344428119173;0.8198668389665891
True;0.00014303720798647984;0.9018391071008731
True;0.0006893485771598378;0.9109638828066116
True;0.012879995485771586;0.12503142810564927
True;0.00011652840016143657;0.7625679847603541
True;7.86249885586238e-05;0.8425126651379035
True;0.009373216388124828;0.13738234252489653
True;0.0006296143053583239;0.865659683185897
True;0.0006247242762987554;0.6862638077893024
True;0.0007007666948242067;0.5761010469555032
True;0.00013632563412954214;0.8070821985996232
True;0.00045516444637973383;0.6065911387840972
True;0.000301400013799668;0.3710667752462593
True;0.00023085475898780287;0.9358151579041206
True;0.0002028293059728412;0.8512200473632587
True;0.00028274446467927333;0.45041494798640735
True;0.0004364628217529836;0.3781671921103433
True;0.0007133036782622862;0.6166035042533521
True;9.769521484490263e-05;0.5047421785278355
True;0.0023268115881355054;0.278031633494945
True;6.691308558337684e-05;0.7014516533456634
True;0.055905305873176596;0.05841848153451671
True;0.000122097891962922;0.8090311303455772
True;0.0007248325225130638;0.7834991083348247
True;0.0007274097392125637;0.9320100141020147
True;0.00039526836495342897;0.4102127593314789
True;0.0005511911238241767;0.6203243955073581
True;0.0006112999407644366;0.6774645055263284
True;0.00034011606596729343;0.8718289013049785
True;0.0005830687904592631;0.3587178829380812
True;2.984006325675385e-05;0.7398991881278939
True;0.00013092253580343144;0.7152161603484122
True;0.009782841693669051;0.1542513050670662
True;0.0006653885400340569;0.8431282698029707
True;0.00041845824301492564;0.9887308210746079
True;8.633767188411666e-05;0.6651368437439926
True;0.0006805156436387583;0.45450668543681805
True;0.000533502935792099;0.901680918435322
True;0.0005703489347213946;0.37791455331923396
True;0.010107076018043028;0.14539395240233874
True;0.0007670313671506329;0.5081888810214595
True;0.0003417069861690894;0.8465952203680526
True;0.0006681260323075341;0.6594268222678301
True;0.020967419770429152;0.10458748993134603
True;0.000770817760048623;0.4629183734542359
True;0.008524131885594366;0.13668595834780195
True;6.595982560095407e-05;0.8330258171745865
True;0.0008026297639419377;0.4818550972837311
True;2.867101248907451e-05;0.976408176405172
True;0.000190236402894779;0.8084449082289644
True;0.0021039263995358223;0.2780511505254801
True;0.00015075359961797856;0.5668832257757226
True;0.00044141529741662503;0.3614490231342739
True;0.0005789451003477838;0.3775387178077378
True;0.05352828518877968;0.06174937905361664
True;0.0003168460090732505;0.5898495881243739
True;0.0002017482925718108;0.9166452114492836
True;0.00030262090668871307;0.9040447837901618
True;0.0008138163414786712;0.5680944847026778
True;0.00030662674680109725;0.7633240997934568
True;0.0008004419961219214;0.5328106113306411
True;1.2111558980346229e-05;0.953337738620248
True;0.0006670213262072628;0.6582562711460482
True;0.0006176452955960052;0.38841640782551295
True;0.00019892300217098243;0.7815745048198988
True;0.0002856048160175036;0.5884202623281767
True;0.0003837507285578977;0.8680204116351401
True;0.0006834818977967584;0.9916177666651814
True;0.0008063254633491283;0.8162253307208398
True;9.486870936597568e-05;0.41931457147632806
True;0.0005671067175238746;0.558341854281401
True;1.0990412672470036e-05;0.5488681543512856
True;1.7741250385735764e-05;0.4781571698737881
True;0.0002930790036950981;0.4370113774394406
True;0.0003758403351077497;0.7065685995561825
True;0.0005846413519932956;0.4418709385698075
True;0.0004627333503018723;0.5011440173799471
True;0.00042828579743845157;0.5387148820279599
True;0.0004655607949252702;0.5750993066206659
True;0.0006068101795658363;0.9254114394453247
True;0.00039842281707747935;0.57618483011182
True;0.0007044354918103706;0.8060396464109373
True;0.000728327599587434;0.5173077052130965
True;0.0003118274738273146;0.7099016700911123
True;3.483889415910134e-05;0.38794290645986135
True;0.00010287626636862733;0.346959281057821
True;0.0003505915008662777;0.5151029705053678
True;0.0008214334353318999;0.9675633685038164
True;0.00024266331141265313;0.5808448376926663
True;0.00026451732831917743;0.4393465312491906
True;0.0006441778178827131;0.8477037808059122
True;0.0007785782445050911;0.6696214426482197
True;0.012881059538067948;0.12536793637161525
True;0.00040283873346181194;0.9433414342754609
True;0.0006330088658431455;0.7986775221929876
True;0.0005312952022601718;0.989202395496188
True;0.0006752825566813272;0.7859309406238262
True;0.0004177932884196292;0.8412589636557533
True;0.0006083146946783614;0.9824850090168011
True;0.0001507294753717114;0.4441008031731547
True;0.00026395295535472005;0.7689881961100213
True;0.0007715633039321972;0.5404926357730546
True;0.0002437151465167409;0.40507936642970926
True;0.0007416837887283964;0.47803437315317954
True;0.0005246432352898736;0.9030687139214886
True;0.00030563334029128726;0.8753475189242094
True;0.0001532293933608141;0.37269838155192425
True;0.0007636627306600288;0.42703326842672473
True;0.0006305781190863261;0.5701735426158209
True;0.0004406484145386461;0.8921533391687574
True;0.00015070933842965042;0.6450805546871508
True;0.0007001270922237999;0.4278991774070312
True;0.0006620069109876635;0.9783670621739782
True;0.0002753119564253454;0.9505839630377997
True;0.003306821230687955;0.2810513995471584
True;0.009155678548584626;0.1400476080778016
True;0.0006696867613429901;0.7563916692717583
True;0.00047771256721857016;0.9755129960402519
True;0.0003328649573230359;0.8874001138282225
True;0.00019059381084914583;0.6565142621614486
True;0.00022471895536687385;0.8692270713996159
True;7.118451704927861e-05;0.8476501597107167
True;0.0004270814194161136;0.978327044137971
True;0.0004660798248819027;0.6904170225200339
True;0.0004456468181028675;0.5193271833576463
True;0.00031880630521621394;0.5092076429110605
True;0.00023147405977564118;0.7399835353206798
True;0.0005801331349066111;0.942438752832521
True;0.009812317537852505;0.14608045030417044
True;0.0004165027382308527;0.6112360581920553
True;0.0002367987744878764;0.47690822608211014
True;0.0003604246085763712;0.525481251409951
True;0.00018058447729574174;0.7656269031322
True;0.00014467688877864643;0.618189243297514
True;0.0005943445295957066;0.8423551910852805
True;0.0002566743218072482;0.8809035543353037
True;0.00031487233592589507;0.7562225998264673
True;0.0003846159887956265;0.5869391129583661
True;0.00015136529372968062;0.8743124918324566
True;0.0006050748863859454;0.6405897439707204
True;0.00019082096343166183;0.703838101799162
True;0.0002373492150225775;0.6922828944597321
True;0.0005560874309501272;0.37381010048773217
True;8.414633122085103e-05;0.7991085761486958
True;0.00010936828137113992;0.8307999776710295
True;0.0008331644607035753;0.5071224462602699
True;0.0005256264776133614;0.7352466961909052
True;0.00015168007088875462;0.9589628428491282
True;0.00040585708130600184;0.8209865984854998
True;0.0008210584065344844;0.40141093523910043
True;0.00044551151111600916;0.612523157089172
True;0.0003265585897031589;0.5831388379654789
True;0.0008287270421040778;0.8962227790935219
True;0.0006747228379972439;0.47307271314830723
True;0.0007217104482070755;0.47543131982413384
True;0.0002756787788727552;0.9572110348705809
True;0.00048287170361507875;0.3619593244025657
True;0.0006791242947399798;0.9324194901851587
True;7.110029909070102e-05;0.36544619005068274
True;0.0005032927978597308;0.8919000442638017
True;0.0007446393498549624;0.7187956615127866
True;0.0005030208170367184;0.4367950115997423
True;0.0007046548770561082;0.3799329155808709
True;0.0007203105547131829;0.8931252163192014
True;0.00026383849001500943;0.5281340006644561
True;0.010199908955806266;0.14623298013547747
True;0.0003421942573945833;0.982939171864785
True;0.0003759163358451503;0.6889790431513222
True;0.00022741111439908066;0.3626210936681462
True;0.0005249605812502977;0.86514231454068
True;5.446561415571272e-05;0.3500888167743866
True;0.010828716371373268;0.13815111062228508
True;0.000609506961308761;0.6751229722509713
True;0.012754859637366623;0.1251706051591562
True;0.000277313062456829;0.8721909850638787
True;0.00010965862702013633;0.7842409610791025
True;0.0007615172803458326;0.6527980230887067
True;0.0005339122056206454;0.8120438343373498
True;0.0004337386482268149;0.8581844065719219
True;0.014042955921755902;0.11612195119258586
True;3.053524721767679e-05;0.6467335699610383
True;0.0007500350638634495;0.42300587831076825
True;0.009481211003623868;0.14345410059175295
True;0.00028996865665488264;0.4153209833215531
True;0.0005286898100450398;0.4096002007040188
True;0.0003979889596753728;0.5042660106926122
True;0.0008097415848213886;0.5786895654298395
True;0.0003235773950995476;0.9338631600925699
True;0.0006693087399777613;0.4632944590928675
True;0.00038793459976264335;0.8619036494901083
True;0.0002495044903500296;0.9645895454043593
True;6.444163750860054e-05;0.9394472732284732
True;0.00022365277393319137;0.42362272430993425
True;0.00032023707352682223;0.506206495892095
True;0.00011068218426637765;0.6688624212410923
True;0.0021562925584766458;0.2755772930597709
True;0.000711723409715493;0.6746339518601195
True;0.0007986484264722729;0.8107439651401094
True;0.000531545247269916;0.43422355738335583
True;0.0004913591176035182;0.4574940613395833
True;0.0005565563968344891;0.9743457025160466
True;0.0007948849441992298;0.6675756392426392
True;0.000301930828250163;0.4711507851680595
True;0.00031663546633130225;0.34249372104310394
True;0.000297073729605338;0.35152456380810077
True;0.0006733918997371092;0.4811557429748941
True;0.00012405401210517232;0.6068247594198282
True;0.00031273177217717296;0.8900265264787361
True;0.010707467821893638;0.14076904024063555
True;0.00013137716807649794;0.9077764497675568
True;0.00015639241886387123;0.43727245267494413
True;0.0002240387468119148;0.3867226848332753
True;0.00037501855419164247;0.8202276346123956
True;0.0003949783291097433;0.874463058319614
True;3.125785054659754e-05;0.38707447305677073
True;0.009550802814687676;0.1420986345861418
True;7.281471799304867e-05;0.8341555263367555
True;0.0006888659067561783;0.488707763561262
True;0.0007186639239813334;0.6605635875039522
True;0.00039645959350025593;0.5686053138658014
True;0.009085166088367728;0.1480490447795294
True;0.0007173666960674026;0.9394542627795067
True;0.00017650132731757796;0.7215300408531092
True;0.00011603181640369726;0.6104948306285101
True;0.0003626742713237864;0.5813404781346467
True;0.0013065288770778105;0.27932849905904794
True;0.0001486616292874503;0.8951351475971575
True;0.000804035365116688;0.6382292742572349
True;0.00011458622771591221;0.9181284410594167
True;0.05660975511097751;0.056848499654465666
True;0.0004585927366163546;0.8289556398233114
True;0.0006061533345488811;0.3752603976190818
True;0.0003570480646671046;0.5223608677914822
True;0.0006176503323881952;0.7751119196973776
True;1.7183486217965773e-05;0.923160513593763
True;0.0005661056651396274;0.8884258451211011
True;0.0007264410953412018;0.8494709258735401
True;0.00012367078136888289;0.6891380187019234
True;0.0003953117346794362;0.6720859680286998
True;0.0001064224866978305;0.37445617070421516
True;3.5772580835560024e-05;0.579271355594858
True;0.0007629763818830094;0.40171335145269726
True;0.0005700033957483201;0.5949787236398627
True;0.00014667018672515504;0.6600722567127637
True;0.0007751269498625919;0.48799225583145334
True;0.000763849203003678;0.9210495990799156
True;9.32126647263804e-05;0.9391333972115514
True;0.00017828942308236755;0.8093118853235706
True;0.0007757541994963789;0.3638027980253641
True;0.0005665880071340315;0.5978655205617001
True;0.0002869756850484902;0.5656705907632549
True;0.0002478864944850709;0.4966590332524192
True;0.00040490908563371074;0.9789484332966175
True;2.6964223607807534e-05;0.47591648444185763
True;0.00010405973671835752;0.9429150225149302
True;0.0006239996785232332;0.9241997993367179
True;0.0002076169342804812;0.968315788944534
True;0.0002504627906543312;0.5274686387803633
True;0.0001831781738544803;0.8751177904038793
True;0.0002874909746072444;0.33763964781392014
True;0.0005959347385064107;0.7358441071002406
True;6.961851348914431e-05;0.7122888051156109
True;0.0003546631103949238;0.618312144740194
True;0.013844446335715323;0.12575153546227774
True;0.0008001390230105047;0.970021987854634
True;0.00040916161136544385;0.9689806892220131
True;0.00026505097286723866;0.905091257148787
True;0.0003935351327690854;0.8085444618910669
True;0.0005016654724795825;0.8857769263284256
True;3.0915666642131455e-05;0.5365175636400561
True;0.000117459229436247;0.4487675224595731
True;0.0005854437809293717;0.9152676077104901
True;0.0002955646037141674;0.6140767505651841
True;0.0005602650007730776;0.6795859946898257
True;0.0004460839839166518;0.42128194981251965
True;0.00038679854627249105;0.8483728904848813
True;7.870536342497806e-05;0.4927045912941267
True;0.00044775386231160586;0.8786491546329485
True;0.0006968180142413735;0.4378050813139631
True;0.0007953644329279303;0.6512035529505683
True;0.00038633511487370595;0.7496751964394736
True;2.6235070401529853e-05;0.4627173727365117
True;0.0005340897284455805;0.6939208123843196
True;0.0005219880022698797;0.5884426727230319
True;0.0005216580230775258;0.4723461482627855
True;0.002064410107723025;0.27530635550729776
True;0.008390144897461553;0.14644475676554367
True;0.0004973625472844774;0.5544863800821007
True;0.0002491478121984777;0.4706037099710147
True;0.0006048597004870305;0.47784294123604515
True;0.0007126376197236553;0.48833625005292436
True;0.0007370292692293085;0.4217492228670461
True;0.0004935770986950585;0.7964096819596659
True;0.0005686319184727069;0.811543120521501
True;0.00013964686178582827;0.6541696251548588
True;0.0001016514687365213;0.8055837159064461
True;0.0007040049997161129;0.8722016161632914
True;0.010764059027212303;0.15059839956571403
True;0.0002273865860046397;0.6566959950173302
True;0.00023412376431549705;0.8468100493467929
True;0.0008076183734943736;0.3723392425839655
True;0.0003016081252156003;0.8828772059782004
True;0.0005475290546424159;0.7472906111871163
True;0.00011742445191820699;0.5841526964412836
True;0.00022268791101765384;0.6603530669325913
True;7.290010255561217e-05;0.492668323908381
True;0.0001114327225235698;0.4965753014309321
True;0.0007156972364763482;0.7144652476876003
True;0.0005192598503198187;0.7420320505792293
True;0.0007675398212577247;0.8858122763385419
True;0.00014353581331650144;0.8344990199928055
True;6.30305876622019e-05;0.8678895048112867
True;0.000535576279629759;0.36569149764975406
True;0.00041985174068542223;0.37055541826162636
True;0.0003761796200129957;0.5391090792087071
True;0.00024471162691350277;0.633837277543069
True;8.276903474429707e-05;0.3819645367883574
True;0.0003668971755700494;0.45927481065983167
True;0.0007028756960487606;0.8605411497335409
True;0.0005889986390212006;0.7676484805960588
True;0.0004335236694154373;0.3381026524360116
True;4.150649625962233e-05;0.7866443162816397
True;0.00039297034245885416;0.558896242487406
True;0.0008001029271890978;0.8071634911473735
True;0.000652476157109964;0.3596437723288973
True;0.00037434944191407944;0.8152447645287122
True;0.00032059711000305966;0.9404239131853973
True;0.000786701418222899;0.9816497686211204
True;0.00016226214401217047;0.7173213705456729
True;0.0003156340949586492;0.9201350169728935
True;0.0006771631248798938;0.5021300531469864
True;0.000734183109777169;0.9851405118802062
True;0.00041030272546876213;0.40467423665569807
True;0.008728629915714253;0.1510443465281968
True;0.0005784510231533354;0.9775271773875392
True;0.014024493099903978;0.11643505939266582
True;0.00042931264934633175;0.8908695591884013
True;0.00036677424095515535;0.516668315641488
True;0.00016056692314321438;0.6584678885812418
True;0.00018334433932985496;0.4465157282421187
True;0.012663940472776436;0.11634689209686061
True;0.0001430517448991419;0.5084421117998328
True;0.0004751899862835123;0.960799049520611
True;0.010729685798437263;0.14019347373959437
True;0.00058272263829606;0.9271322395449346
True;0.0006270341073585014;0.6861483166986488
True;0.00056064826723594;0.9172083327994147
True;0.0005792549263089545;0.9772625121716989
True;0.0001351812597807985;0.3599321496800561
True;0.00027113206435107345;0.6510511220454172
True;0.0002354958063748374;0.545120041589686
True;0.0001990923865405812;0.49190737073000546
True;0.00035485409470900674;0.7580889563122261
True;0.0006501273684011231;0.793827626747895
True;0.0007811030561921104;0.901336424977135
True;0.0010238770427125569;0.2785396773209694
True;9.92467692346365e-05;0.8703296752334331
True;0.0005234663337306351;0.8371322274273215
True;0.00048271922297885803;0.9612550231993331
True;0.0005827058950326618;0.3554909236826038
True;0.0007397966134015893;0.40410952150653506
True;0.0005432158546852788;0.6691318971181073
True;0.00016622640681335078;0.38288525759050696
True;0.00014295075244555745;0.9915972517795532
True;0.0005641476743975726;0.90639297088219
True;4.280007815221311e-06;0.5860111028203763
True;0.00032785921639876605;0.5326788828381074
True;8.186487909093345e-06;0.4901866473028865
True;0.000379779067170558;0.9462530009632666
True;0.00036200485587509424;0.44109983238262634
True;0.0004072997135428334;0.6947709220215594
True;8.966221463635678e-05;0.7810869120764465
True;0.0006301726966109197;0.5776965490825944
True;0.0004293398871784295;0.9243179131658248
True;0.0005521234400032296;0.513430713305099
True;0.009018673193326714;0.149153609214091
True;0.00034172249650782555;0.8994615758473449
True;0.0006710548852584893;0.5498267021661969
True;0.00026392305519001066;0.863062409924994
True;0.010534083398383508;0.15024757989000712
True;0.0006383913786897758;0.6809665580212569
True;0.00017684941016109245;0.4823236451314551
True;0.00015496338475504134;0.3780816984050849
True;0.00035990666159639074;0.6788998915184413
True;0.002518982666261514;0.2790006735495337
True;0.0004640041262591951;0.6996136155346822
True;0.00014360130824717676;0.8992058388426819
True;0.0006517741986476842;0.8212899993182353
True;0.053511876044471725;0.0610091154213349
True;0.0005876686753085426;0.6742945472443322
True;0.0001866134738709842;0.5572629970726176
True;0.00039783683696099394;0.9178756828280261
True;0.0007893644565402689;0.6533357077978723
True;8.527797375110323e-05;0.47995125615689493
True;0.00024140058868500614;0.37538806925470586
True;3.414345250980398e-05;0.9825627033495564
True;0.000659634532831679;0.7554288633096569
True;0.00024011669434394412;0.5426497344230689
True;0.0004247345804486297;0.4558546181143577
True;0.000655451375411316;0.3412316956960939
True;0.0007931792520814233;0.9074311836458061
True;0.00041169953581436875;0.34705497530301704
True;0.0003403862176841196;0.7336252857880432
True;0.0008173435652056844;0.7440691506904425
True;0.0004971612579169582;0.7124839813928069
True;0.0005175911894151531;0.5489582739215788
True;0.00016092748194096953;0.5560791417917497
True;3.743141265427307e-05;0.37358986261035004
True;1.723605259228235e-05;0.8622201312251937
True;0.00015097168804486808;0.8346556969968572
True;0.0008241386407103381;0.357535085655006
True;0.0007966998118684629;0.6581132783203809
True;2.147619835922966e-05;0.9812934304570766
True;0.0003858843656856912;0.5388618303534263
True;0.00021609203300200033;0.4103735882638282
True;8.583664689177017e-05;0.7050452036342958
True;0.0005107477479640794;0.4987513651975559
True;0.0006634248054684472;0.5977098711789932
True;0.0003397706181432072;0.5503381207345741
True;0.00031806031071605884;0.6160464861530071
True;3.823267155678031e-05;0.9370186243901377
True;0.0007384747217371343;0.5969096025005829
True;0.013831762282524451;0.12232016217316699
True;8.115283280320824e-05;0.4466397734518852
True;0.00016639575186171886;0.8374973471008028
True;0.0006668082769640444;0.7907569322607936
True;0.0006778574232072617;0.6512169863596944
True;0.00012854217308585675;0.9292073791663472
True;0.0005958055740140494;0.9830910379029724
True;0.0006288632960711191;0.6114044175520097
True;0.0007516772438463181;0.5425188346941618
True;0.0005038858051037086;0.6485852165316184
True;0.00014137450753310137;0.6283913147159844
True;0.0006178480220583721;0.7937254488014998
True;0.00018680890304068347;0.7886308414651266
True;0.00046949141643248154;0.9392562628970288
True;0.0004709943513878529;0.5030124546912597
True;0.0005815898348099721;0.703967821715847
True;0.0004950359381125415;0.9728162562277655
True;0.00016130017914637833;0.4527540667321598
True;5.022374332666463e-05;0.3949804127486362
True;0.0004311754858597227;0.47690220728017163
True;0.0024588425969128322;0.2748202780568342
True;0.0002648794271997119;0.9404997414769343
True;0.0004511853404581544;0.35954241662761627
True;0.00026757612302617985;0.9570290058494527
True;0.0006227054437688209;0.7982913540551386
True;0.0007641562827822221;0.9669668899067014
True;0.0006559410815393351;0.5559114483371055
True;0.00027264037207399156;0.786830026654107
True;0.0004291569482603585;0.8376654018808548
True;0.00024489283865503444;0.7264101509208113
True;0.010616584054806711;0.1425563311252405
True;0.00022600246405438424;0.9618430209180545
True;0.000410562437895529;0.6842744021874136
True;0.0002478153305514959;0.9022768101873205
True;0.0005659510903810759;0.3490902860965893
True;0.0002916699679456595;0.8840079468197819
True;6.247886169577911e-05;0.6374669352226985
True;0.0004250634410379388;0.7370605538253797
True;0.0002643608681406343;0.9344938954958836
True;0.00012036505567781447;0.4941330481975651
True;0.000686551401555294;0.56356672130628
True;0.00045774729208527697;0.6182259001307665
True;0.0006990447978565286;0.5490484459180781
True;0.0004348184707272782;0.34313760023573514
True;0.0004899577319966039;0.7107151253714966
True;0.0005205007491400191;0.37868860764057316
True;0.0006213171829002824;0.8994249896652117
True;0.00016417313882802635;0.8039293024780709
True;0.0003137128237845919;0.8478911474159542
True;0.0005970416176656144;0.49038817593973194
True;0.0006055924945348747;0.853287550983602
True;0.00039176763216128497;0.9708272466217482
True;0.00041898498898119984;0.7033167568943229
True;2.0126873415859724e-05;0.9728285103873718
True;0.0006719307944451941;0.9569700604542568
True;0.0003648264617781288;0.5252869165954827
True;0.0005045967133086457;0.49722977650269085
True;0.0002814331161021009;0.44740194421452156
True;2.4498845831500253e-06;0.7246859537555641
True;6.003888946692579e-05;0.4704491689487769
True;0.0002894397250640025;0.5334771954523088
True;0.000416888649669518;0.6412274210002497
True;0.0007182862972696641;0.7287257508067573
True;0.009917450336127202;0.14069403532065666
True;0.00031727686207741;0.7580377567122876
True;0.013131977168291292;0.11773589672540706
True;0.0002602844225507856;0.593271790282033
True;0.0008348149251282247;0.4210189196197148
True;0.0006974872555580613;0.7788195511466665
True;0.0006880834635280145;0.9796209449884101
True;0.013936633428760841;0.11719848918108257
True;0.00031326370999999525;0.47583243753405485
True;0.0005972346156371232;0.5137755538573192
True;0.008873379016934886;0.1482415407557093
True;0.00015791856212984186;0.6456353024012416
True;0.0005643607045792844;0.9910705024342873
True;0.0005124950740133271;0.5364720854667624
True;0.0005154756556742775;0.7537419258345632
True;0.0008064046312679956;0.5833287380035972
True;0.00017638896446460777;0.8848943127084593
True;0.0002606841678605028;0.5236162936180662
True;4.503068644746842e-06;0.8327999833467631
True;8.163605799719283e-05;0.7586181935281977
True;0.0006050448441394686;0.7957469779290831
True;0.0003957618120094255;0.8049550986398215
True;0.001161183844387749;0.28012528199248393
True;0.0007856397243302879;0.6653812844100495
True;0.00013167408639887295;0.7414326415177059
True;0.0005210908076737834;0.7590422186337632
True;7.929062477709513e-05;0.772663554118828
True;0.00031991739218118094;0.8979309587356892
True;0.0003452908589043852;0.6947521577541144
True;0.0005552442787331247;0.6233750192734215
True;0.00034066922613428164;0.44901726740219716
True;0.0005131311096270108;0.6410609748986873
True;0.0005088272386682816;0.8465710816753931
True;0.0007128281785227676;0.5972502248984419
True;0.0002452778919984238;0.6513706654486172
True;0.0007803697260709901;0.5919656716100405
True;0.0007924223170484069;0.35039482215137946
True;0.0006367539502695259;0.9885848820901643
True;0.000717128297511282;0.3950667312489562
True;0.00048797683837421976;0.9525674147558449
True;0.00015655688905470518;0.9630166834669261
True;0.008425897515731116;0.15199097322526572
True;3.253196144779521e-05;0.44748325337793604
True;0.00011769890681161168;0.9440928436282537
True;0.0006229433963931182;0.6638378313884614
True;0.010543348723480133;0.15121003411342163
True;0.000623955945579572;0.4240848808189083
True;0.0004481262374729674;0.9874344777928562
True;0.0003249589847611439;0.8773598571547994
True;0.0007585724321430413;0.6992065290661168
True;0.0015705307463043906;0.2761489683975068
True;0.00012759420195037753;0.9118704983654171
True;0.00022812747659837874;0.4597084370667417
True;0.0006510505853666766;0.3342193998208908
True;0.0007755559346396901;0.40000404414660856
True;0.0005546763485584215;0.699921217936524
True;0.00039955714356500297;0.8420132886296419
True;0.0002962932932463668;0.974058008241229
True;0.0006970794899669846;0.9405187795993232
True;0.00010279116049427152;0.5308175343061547
True;0.0007145234229338169;0.5493747756771992
True;0.0003611685692869166;0.8993067870633435
True;5.442156836681338e-05;0.4765517556524038
True;0.0004306556343929849;0.35976250695708173
True;0.00020449374868470094;0.9299626281051364
True;0.0006150273689839465;0.43918295655378903
True;0.0006498176488934143;0.36793958239487007
True;0.00039771669950304755;0.9768901788684867
True;0.00018148960189514544;0.7918740487672218
True;0.0006914830427088817;0.5816871143237192
True;0.0004326923251937938;0.8680171839801109
True;0.00036003262319557114;0.9922481252418854
True;0.00018779086573407136;0.44350594678249156
True;0.0003989346522120502;0.5222151231730374
True;0.0005928298209598506;0.662978599159965
True;2.545478824419165e-05;0.36048898703252613
True;0.00014109169659374092;0.7843422821411126
True;0.00043568476366775353;0.8625318590197867
True;0.0001317503522324383;0.678138220138407
True;9.918755129057035e-05;0.5926035017364826
True;0.0008018219871963969;0.9500752196447992
True;0.0002080974836205066;0.49610924924719035
True;4.873826305372003e-05;0.8079770710385313
True;7.947901171229806e-05;0.7453403083003125
True;0.0006158806524941318;0.902754201726489
True;0.0006485456597979254;0.438959045765104
True;0.0007466087644253683;0.6786509494102628
True;0.0001792577214753278;0.424079840857059
True;0.00022453720365144892;0.35936622828559955
True;0.00016787987167057476;0.4142281501762931
True;0.0007526150831588032;0.6362933347460189
True;0.0006924195726723551;0.6579305824881554
True;0.00014143785004089665;0.7534585372939158
True;0.0002755863451615391;0.3804277383110478
True;0.0007843070776749369;0.9095583623969506
True;4.125877525521664e-05;0.8016087416304456
True;0.000258707101212345;0.9650637256589778
True;0.0005548801726044046;0.7427362839710567
True;0.00041626785591963644;0.5433846624417185
True;0.0007604366116605221;0.3965316843500937
True;0.00022381212020074876;0.4256136193536142
True;0.0003980006534350592;0.6816501238833084
True;0.00027856599455812004;0.9889628138767887
True;0.0026651855709759636;0.280718837236359
True;0.0008350157871319111;0.4365607457090003
True;0.00032094704976043094;0.6689828373137428
True;0.0003076105677871098;0.7423210992028204
True;0.000834385053669966;0.3776340251761343
True;0.0006403723237568232;0.6479790863191339
True;0.00010605173741458095;0.8065784389717096
True;0.0006505131611456443;0.8589120429114844
True;0.00031027911199595033;0.744674892377553
True;0.00975934181602176;0.15362666711059456
True;0.0001432086799199025;0.3846661983199096
True;0.0004102992826389571;0.5560128526108992
True;0.0006945311924319794;0.756919057614081
True;0.0004504426893339948;0.6572773347562024
True;0.0006254311975697312;0.6829337511334115
True;0.00031388721981827133;0.8676419284227623
True;0.0002839696897151252;0.5290943683108629
True;0.0002604372204679492;0.8796034800406963
True;0.0007441197620672441;0.3799370711208516
True;3.937667841935615e-05;0.45745394427846847
True;0.00023037055739670107;0.8538836201563452
True;1.9859697990850056e-06;0.8785808265885445
True;0.0004072826571917562;0.9754014161878508
True;0.00016038515271404877;0.7455444777621978
True;0.0005894750133222102;0.8872416944442736
True;0.00041141631776616864;0.5241831569481004
True;0.0006698047855060083;0.8679549914466065
True;0.00016498966421966323;0.8194623018173453
True;0.00022466275994210332;0.4168519265007177
True;0.0006057522175036739;0.8273058217719479
True;0.0002726036055704563;0.8397595319589441
True;0.0004840411279536997;0.9774570697027427
True;0.0004750904889253236;0.6652966834149687
True;0.0006568954688681093;0.45921316564319403
True;0.0002852523679651615;0.9786253871835653
True;0.0008191766217945348;0.9774757787429785
True;0.0005728692600912516;0.9754025017961786
True;0.0003827822125862405;0.5315047408351782
True;0.010057645760334018;0.13987853061241876
True;0.00018837589455012577;0.6679052355240798
True;0.013932024212000595;0.12584311212244303
True;0.000586619242421147;0.5346074463118787
True;0.0001204183346827591;0.9620076254246789
True;0.00025364741887744555;0.9724303719026669
True;0.00026676165232680213;0.37673215587496073
True;0.013251262571035009;0.11985542859489828
True;0.0005018504896417197;0.5673576633502556
True;0.000178912447519282;0.964229568479932
True;0.008771394324742353;0.1408937303515331
True;0.00036702774505506394;0.6450235780486213
True;0.00043476500364268407;0.8648172852797975
True;0.0006941612731040232;0.396732583883344
True;0.0008050992316190046;0.44477427526287644
True;0.0005221277967674969;0.8672016801783102
True;0.0002239622123392681;0.8440568923268182
True;0.0007423920054826243;0.37234605892193257
True;0.0007236494935124214;0.796115405980746
True;1.54883137780423e-05;0.9367885476707498
True;0.0001246044706917895;0.3638194381324176
True;0.002138626122879865;0.28123858997167334
True;0.0003990778433969585;0.5668715490622265
True;2.5687212721413648e-05;0.9863848175266877
True;0.00074966335254217;0.9249963511268189
True;0.00038781523992298877;0.8254316540784117
True;9.838406853800372e-05;0.8547495729380659
True;0.0008333967410917672;0.6700349159998782
True;0.00019626805869961574;0.8057974435772401
True;0.0006186756145501946;0.7404279894882237
True;0.0004337015157927211;0.8062766396623093
True;0.0006482638167941137;0.534322080400651
True;0.00046963377268838117;0.82662740623038
True;0.0007981964765034165;0.43737360596622854
True;0.0006236598076404187;0.334271306421656
True;0.00012078090037801064;0.45097062388686104
True;0.0007789434366487225;0.43539664170636244
True;0.00010045071497973288;0.9879079063664625
True;0.0003980354320063479;0.4124488740492085
True;0.00015499584413302544;0.5348334338022596
True;0.008472701677594811;0.14221953649847638
True;0.0008324093787540929;0.9453222877899733
True;0.0006097387921505823;0.6566451134688603
True;0.0007993179104277152;0.45672740353624236
True;0.010074652344593794;0.15288130862933025
True;0.0005759690760270777;0.6234382860038512
True;0.0006164613188713861;0.7973062166661096
True;0.00038740494891935286;0.9657854206995975
True;0.0019421176507061553;0.2791832647629467
True;0.0006945376858543465;0.8920285182792059
True;0.0006487080161779622;0.4603374508111966
True;0.00024212910168883725;0.7498571249538077
True;0.0005107677880446765;0.9817386165521692
True;0.0007511360531871572;0.5301898026914045
True;0.0004996944950430589;0.6278999216407202
True;0.00046261604715023077;0.671477001807204
True;0.000149776881750196;0.8238840344102398
True;0.00027255920499527425;0.34806633813160204
True;0.00010438612851180787;0.9400763236581797
True;0.0005158009633708393;0.6758766323941905
True;0.0002792666606497668;0.4557611779272883
True;0.0003771918028556206;0.36133940531159686
True;0.0007479026037326632;0.8105727085026669
True;0.0002181590948908478;0.9540225395945584
True;0.0003639729336072889;0.8325980292867597
True;6.0845987609585764e-05;0.9665850362246026
True;0.0007453286823417845;0.9250215653515321
True;0.00044243127327880634;0.8108745159626116
True;0.0003988287772864989;0.5538271538714655
True;0.00024249782201536172;0.7288285578150997
True;0.00012873220551369425;0.6028864638841442
True;3.703698623462818e-05;0.6816921444819155
True;0.0005533735383117719;0.6479911258433486
True;0.00022857406656053933;0.5165290629763855
True;0.000650886216375874;0.6638965263575776
True;0.0005410903659189476;0.7680768963806082
True;0.0007632398003574307;0.6997762452693432
True;0.0007377955802165893;0.4996502210271111
True;0.00016160707369795393;0.8533427631460903
True;0.0006438206764891146;0.6783609639910017
True;0.0006423194327210792;0.7562034041038665
True;0.00045738121502225524;0.852646707180546
True;0.00015713788863265993;0.8599013299898106
True;0.00039367135232223313;0.9630317397283585
True;0.00042509448230689017;0.843326574128618
True;3.189701387062156e-05;0.8684371974639131
True;0.00013564846478141942;0.8057725752804052
True;0.0001407709845054814;0.5122493330013642
True;0.0007368198914862025;0.7468584493363787
True;0.00020813232744261066;0.3460620711631041
True;0.0004154866647445359;0.8640232517826012
True;0.00042533448888329054;0.3993190703299747
True;0.0004164069449274658;0.4585614842087028
True;0.00044610025205918727;0.6807163699187193
True;0.00043135217296437793;0.4785177512896366
True;0.0004027875099445051;0.5921805259352836
True;0.00042755829692037677;0.4252359697405757
True;4.205907207639624e-05;0.4867834261635765
True;0.0002052988782958929;0.3535293252645781
True;0.00026295071032256484;0.35678632281742967
True;0.0005449192820410899;0.4127144583101279
True;0.0006878742989648772;0.9826615413505174
True;9.747919896933064e-05;0.507497566378902
True;0.00028022373596429853;0.8391665738006232
True;0.009331963064145044;0.14966978402693115
True;0.0006279425211439148;0.41075318512814984
True;0.0003294851841331901;0.4407073842065078
True;1.7459333250867053e-05;0.546936433777132
True;0.0008305461954680087;0.614762787381104
True;0.0006889263834140638;0.5381308871985948
True;0.0004788433556533715;0.6026769854994269
True;0.0005290935468998306;0.6124817912644527
True;0.0006896396050672176;0.5783909025662453
True;9.679961684297183e-06;0.7153490188371543
True;0.0005464072518436687;0.8950361833065836
True;0.0003595411587087855;0.40486190098846486
True;0.0005599591376820391;0.6492212615182552
True;0.0005574829436560256;0.590704132023395
True;0.0007505206588075025;0.8313826748681251
True;0.00038616151588528923;0.5379308470598789
True;0.00017286154290792886;0.5198441796036163
True;0.0004292698055219771;0.9340295434554704
True;0.00015139996429466753;0.8819817158819259
True;0.0006176547394801862;0.46703613529614574
True;0.0002438808745390241;0.6742681784726547
True;0.0002789976863885575;0.7216636254282528
True;0.0006062029556376254;0.9909359341897154
True;0.0006072417479533017;0.7869930692233966
True;0.00031264478517939145;0.5507871893838256
True;0.000826968971933635;0.6311887783198992
True;0.00852313336522385;0.1511067190838422
True;0.0001864698552570007;0.3891588579268551
True;0.014146516651210181;0.12498698878110011
True;0.0006084268956019475;0.658127070226928
True;6.642345716195873e-05;0.9763634437679234
True;0.00035358411260335047;0.610723984225985
True;0.012678520777475185;0.11703578050821957
True;0.0005590504056093479;0.42080743495203454
True;0.0006180702237835553;0.3825408862986422
True;0.00940207718150959;0.15095583607875085
True;0.0004780963070327574;0.8704711460462093
True;9.729605905431476e-07;0.6090677018114508
True;0.00021888937468274053;0.48832809898606017
True;5.522512605515733e-05;0.47460812631559485
True;0.00012717053371962247;0.7942474579737808
True;0.0002591414073200661;0.573854014491374
True;0.0005129966495722424;0.872934264881366
True;0.00036952763987481007;0.5632870170594346
True;0.0005316592363115267;0.6462769481712156
True;0.0007396674558269468;0.9592482089673446
True;0.001830609481650541;0.28149683610590726
True;0.000582204460752901;0.5146696004006575
True;0.0005209721072480097;0.6379077751713755
True;0.00016617308532467553;0.8453456398079182
True;0.0006730711771153265;0.8844488903270717
True;0.00013824599202019684;0.862275437910524
True;0.0006522006467463217;0.5032205014860217
True;0.0001687300991849312;0.9668177430307969
True;0.0006834369491756768;0.8951972515387562
True;0.00013857371457967222;0.7434122571385149
True;0.0004410492874648823;0.9250062811927353
True;0.0006443926061316327;0.8131795836361304
True;0.0007984968570019462;0.58258110417605
True;0.0008161031438553894;0.551272271879008
True;0.00032959446303315343;0.38521001044478903
True;0.0007233051676566601;0.8753200914602439
True;0.0006881812043720648;0.4511577603393297
True;0.0005712693280933953;0.9556069350921036
True;0.00042656874191923617;0.7465232811626801
True;0.008397915834401144;0.14264216906155153
True;0.00041940923199351883;0.46767311769825104
True;0.00035657715436930896;0.8049406914178188
True;0.010520881652973494;0.1411728385167009
True;0.0004732194053523969;0.7257217787359637
True;0.0005361937076387379;0.6924289499552241
True;0.0007745525883492095;0.43328477206316157
True;0.0029030446539387157;0.2773779130330058
True;0.0005925150803021915;0.3881419624433241
True;0.00015394528990380496;0.5698617805071755
True;0.0007324788693803747;0.7797078683012618
True;2.551248706590571e-05;0.49109996380398824
True;0.0006066894330545636;0.9694251571072711
True;0.0006519667125251174;0.5108225640866267
True;7.824217548071149e-05;0.4184988409736525
True;0.000475461388323713;0.5022449019385586
True;0.00040855366215733225;0.3967294630900474
True;4.6643303877948866e-05;0.39095192959581443
True;0.0006316406188012427;0.5244549702394752
True;0.00022679973153747686;0.8601270727381485
True;3.431537645378118e-05;0.6979034767448956
True;7.401847513265073e-06;0.5485580933266202
True;0.0007557348349173859;0.33352525488461826
True;0.0006363258885285914;0.44170106356755623
True;0.0003677458176048604;0.41817294223759405
True;0.0006074128937504377;0.7074563542199306
True;0.0001691251167997522;0.9586142788014166
True;0.00018432398987332628;0.6918120900042957
True;0.0005680024049877561;0.5778147462948102
True;0.0006139124055553627;0.5188444533183223
True;0.0007404374089346105;0.4359259902268758
True;0.00032664571501873804;0.9013738958450531
True;0.0006062155942750233;0.9917067815534455
True;0.00024024833221508878;0.732995147864263
True;0.00010084551986664709;0.7960027652039182
True;0.0001896579890125702;0.5535992427223729
True;0.0005942659312677619;0.3511807107364923
True;0.0007411859845808806;0.4740934728727015
True;0.000263067684826837;0.6261385994640958
True;0.0007697896931283043;0.9656636317451147
True;0.0007147906996059521;0.6868738335799424
True;0.0005111938501489743;0.5120712562926545
True;7.827072978333588e-05;0.5745720772677073
True;0.0005098714526371287;0.7193093645973403
True;0.0006827697911323502;0.7673939419300068
True;0.000376209658616376;0.6023172486183239
True;0.00026791940287804536;0.7300507240788623
True;4.4236876656902664e-05;0.5037526772580393
True;0.0007636667141964959;0.764186580504786
True;0.0006279638999734019;0.47344291560073326
True;0.0006594318770769542;0.8043680524846128
True;2.593863848456131e-05;0.8067511357488484
True;0.00014208896182073822;0.8025203071982244
True;0.00035875977634459657;0.6915304642164644
True;9.208370557612577e-05;0.8642581984273217
True;0.0002961243443627037;0.9110929595779272
True;0.000507758685783358;0.4745187430791893
True;0.0001238404860937997;0.5790550080000552
True;0.009573096946287569;0.14206677443748494
True;0.0004970914808625809;0.9648083802954044
True;0.00045276634927822847;0.8470533367426907
True;0.0003987802568336117;0.48567463974636715
True;0.0003010749518965715;0.5019070839683937
True;0.0007515598558003417;0.8282999889494637
True;0.0007855277579006824;0.8781986073453655
True;0.0002476193098675637;0.7572060690393722
True;0.0005648740685287599;0.44101032532132
True;0.0007655945677514068;0.8350408404646307
True;0.00025159190554105;0.8485605081622951
True;0.00012431136193834079;0.7669585652134674
True;0.00048722970190494925;0.7755587809227171
True;0.00023156734194543842;0.3401476370757481
True;3.6985206258689875e-05;0.40172618996680703
True;0.0005186051863192146;0.38605085690261987
True;0.0006542834399482152;0.3557358445075812
True;0.0003396485376066412;0.41604959723206036
True;0.00015894864614602312;0.6773518240446703
True;0.00029747257093498626;0.8121326942319973
True;9.698377955805745e-05;0.9720187704852132
True;0.0007720584253201414;0.5555383092527779
True;0.01071563675534448;0.15184125777002336
True;7.457542893965323e-05;0.463341402241802
True;0.013110672898948083;0.11766095636928087
True;0.00026347430238041924;0.5969551461734935
True;0.00011718262745397855;0.9634915308674965
True;0.012988193574568666;0.12477636276789945
True;0.0006936746075732072;0.35396279303528255
True;5.153872937334479e-05;0.6954597804168411
True;0.010684767892558848;0.14969155248453997
True;0.00010635202350595689;0.6231696918904004
True;3.067044416852614e-05;0.6081368212678022
True;9.816285487262339e-05;0.6521622802717976
True;0.0008255268165890078;0.916087244421881
True;0.0003990496340307711;0.7829253546098799
True;0.0008340445392996376;0.8473157265623461
True;0.0007334217563964731;0.5260203795583263
True;0.0008198834477602367;0.8615187034715682
True;0.0003906782127659855;0.435687087842616
True;0.0005226795434566094;0.9274306125868215
True;0.0002526305610622928;0.6769840921276957
True;0.0004908381870024754;0.9616876814001643
True;0.0001229960664028788;0.7007180773282515
True;0.0005749951935688726;0.35865241565966555
True;0.0006110974050661284;0.8726014107584907
True;0.0007313600554123315;0.9488051807006294
True;0.00014854394897494182;0.662437007218782
True;0.0003319862992557151;0.5372759055796064
True;0.00027148006818403215;0.9047618295071466
True;0.0004532997258728849;0.6142842630137406
True;0.00012721322418020745;0.6219797054398526
True;0.00030083935319709224;0.6798132897230801
True;0.0006825671200696608;0.6414900135977748
True;0.0106940998800082;0.146017947605898
True;0.0005239149172300726;0.5467400974519023
True;0.00023171883160212183;0.8802941278071214
True;0.009760998122066232;0.14536817917212908
True;0.000717011181310525;0.8430736067177516
True;0.0007575352074516961;0.9287263097962491
True;6.0151396156404915e-05;0.5119959891847804
True;0.0003190648358392081;0.7665057010163154
True;0.00045516739001810925;0.9012145925452412
True;0.0004006502796548581;0.6313661970095501
True;0.00019997563903113185;0.9754546135556215
True;0.0004471942787763917;0.8183205376085267
True;0.0007517061132198999;0.33918649079987756
True;0.0006924317962607364;0.5756053691156201
True;3.804463324303318e-05;0.5415207670237048
True;0.0007507570261460051;0.9153294653847546
True;0.000689965568613076;0.603631029228383
True;0.0003706314732758852;0.814051781467109
True;0.0001793110986526489;0.504365376669914
True;2.0770393226923272e-05;0.7968151226974434
True;0.0006717576455627739;0.6038703984545367
True;0.00017664990553297922;0.8850838806607432
True;0.00029988342952078025;0.401155425311922
True;0.00029765855377918805;0.6434002628000377
True;0.0006469251016191349;0.9048162522683594
True;0.00011394670023360597;0.7047833736097461
True;0.0007910107834331486;0.7497422474107387
True;0.00047840169438993893;0.7076160896287207
True;0.0001088772300407286;0.8127302766873512
True;5.32186380348379e-05;0.7812717046112656
True;0.0007609977278985904;0.9680590564150247
True;0.0007520188239376408;0.9134675733110112
True;0.0003551372357352718;0.7896828691235727
True;0.0005859800139022889;0.6067680109686546
True;8.299556957077722e-05;0.7680497060485183
True;0.00025256525656691995;0.6869920401603902
True;5.8248227083281793e-05;0.3893332547590895
True;0.0006230214104195924;0.43245075352645324
True;0.00012899897997601227;0.5353546304051628
True;2.6806729175960047e-05;0.8148164013214402
True;3.1659629072548e-07;0.6179615879677679
True;0.0005310910974669156;0.8828718992121777
True;0.0003027478554219087;0.6601858723889575
True;0.0005884791384066362;0.9694380222390323
True;0.0005889205723867547;0.5128231579350411
True;0.0007305193028090932;0.9971261071444394
True;0.0005091751204271646;0.4847472853841913
True;0.00021363223288606599;0.7885354771266386
True;0.0004210420093763732;0.3346591647740124
True;0.0005444393304805103;0.33393566136852654
True;0.010145484599519436;0.1388323577249289
True;0.0002925219081373785;0.8302541470395066
True;0.0001175455611227972;0.7879727858093922
True;0.0002795968001882015;0.39852617374873833
True;0.0002638056857184846;0.49851373918098896
True;0.0005460228936539495;0.8158523545609592
True;0.0005605924743565025;0.9514518266707526
True;0.0002903645888431036;0.6883485689645066
True;7.041084302960185e-05;0.7287096868654228
True;0.0003829675757112824;0.9840678680354338
True;0.0006609041869199883;0.33514904002044954
True;0.0007442285478914837;0.8545708806366635
True;0.00019291260588344462;0.8192822339064412
True;0.0006399973945795461;0.826305352533059
True;0.000753291358100474;0.3670082830295597
True;3.9515134953389545e-05;0.3765393571208576
True;0.0007382259129111791;0.43626014173606514
True;0.009748381000343469;0.14777931184673435
True;0.00011742634173423439;0.5826682542331804
True;0.014480828169849105;0.12557506373268082
True;0.00017364887689118677;0.3565564172660555
True;0.00026236631113902675;0.5225741613342094
True;0.01269569818805374;0.12069706330165185
True;0.0003007306354759155;0.5205765843178389
True;0.000291559915746818;0.6911334445261406
True;1.8815305376092867e-05;0.466528504615704
True;0.0005657352415102681;0.7003007582628489
True;0.0008066346879516383;0.8911884018945617
True;0.00045350614773288994;0.8222134817554723
True;0.0008050974842110482;0.3561560836179875
True;0.0007148580304198421;0.5151385481912093
True;1.1736786660174287e-05;0.441390346866576
True;0.0006398527596653858;0.6584555586929122
True;6.492216892662487e-05;0.6736498317743749
True;7.774715484708374e-05;0.5842382672364104
True;0.0007286911707986736;0.44555063362604397
True;3.0417131670845468e-05;0.8220411468952493
True;0.00034030200931357477;0.4784107757559992
True;0.0007029186943081277;0.9304487973851868
True;0.0004334765813789923;0.6873034803672768
True;0.00035200947048751226;0.6046342987763922
True;0.0008215857187682541;0.6563835433775389
True;0.0005704924806814571;0.779278060919124
True;0.0004007473963017938;0.5821065181234246
True;0.0004060899697210703;0.8249212247671636
True;0.010262167654875358;0.13737828997104115
True;0.0003275110363961019;0.35239360178544665
True;0.0003391949685843187;0.7507944185624384
True;0.0005226818557549744;0.6505384530704654
True;0.0006516555141574328;0.44741738740133624
True;0.0006367106510033868;0.5434886629828979
True;2.2228048499904286e-05;0.6255779066247709
True;0.00044030894740979584;0.8725829006288192
True;0.00012174337082180672;0.7635274437231301
True;0.0006600379532707776;0.6025489323273949
True;0.00043951022633149846;0.9496977121405235
True;0.0006161739991886881;0.45279669857775046
True;3.2743357416641464e-05;0.40680787054661366
True;0.0003556817362044607;0.42603326427121063
True;0.00023946745019216031;0.9478144375198505
True;0.0004159964410109135;0.36310318654935614
True;0.0002967256450968782;0.7926747868694859
True;0.0001884618606048178;0.7586137997981648
True;0.0007777928259004043;0.7543966919196792
True;7.35504222784924e-05;0.4232639617815147
True;0.000823960242006882;0.6536628756238173
True;4.2311525105756656e-05;0.994117566621503
True;0.0004456425178813413;0.7292993853372702
True;0.00021159615874069497;0.4793892413925371
True;0.00010020972347645171;0.5686842386776519
True;0.0001958843061871688;0.6682958948923006
True;0.0007271795941021907;0.8898041031028382
True;1.0222500447006394e-05;0.36889132036478567
True;0.00035640882502247824;0.6003787820288191
True;4.545858795655449e-05;0.9722543271892922
True;0.0004894604192417124;0.9185766388551623
True;0.00019704429012501703;0.5902307698821996
True;0.00019027883265073026;0.37494787871082463
True;0.0005722778211315482;0.8032688967252458
True;0.0004841883840109764;0.49132223063530533
True;0.00022746288305153364;0.55203292900731
True;0.000554701773263474;0.45781076786702923
True;0.00023681131583852492;0.8540274289443467
True;0.000652811052795736;0.515115416143956
True;0.0006399116466869803;0.387987077877989
True;0.00024358068392832554;0.8308480278927611
True;0.0003662080792703425;0.8056014035849528
True;0.010253267515127064;0.15194762607427947
True;0.00047707168230166615;0.5606142123705333
True;4.1891822575856655e-05;0.7483802122658969
True;0.0001599955646598361;0.900133393557661
True;0.0006962067358499276;0.7813092885578014
True;0.0001706912176854424;0.8393604531788866
True;0.0005801771481780985;0.8420584310069626
True;6.659933245227051e-05;0.5996013484805589
True;0.0008323690140161464;0.6392925969382728
True;1.1757965883300458e-05;0.9815811673520269
True;0.00022597611410198117;0.9431611626207633
True;0.0007430999268405558;0.7060489500106442
True;0.00011513751907305149;0.6490591620298918
True;0.0008162864702119572;0.5723049311767201
True;0.01255100467924014;0.1195531529319605
True;0.0005849029829946143;0.5672961952412241
True;0.012992736967547127;0.11735259324759861
True;0.0005012197987427972;0.40906545679724937
True;0.00033732083368918247;0.6288692165786741
True;0.0005720344735199268;0.9046830758841753
True;0.0007166678886338757;0.9307151070417861
True;0.0005473949200495503;0.8498204339801851
True;5.053185253064868e-05;0.6986810705574354
True;0.0007018370033356137;0.7797157935477762
True;0.000829426723256827;0.8783753184241817
True;0.000493822730467408;0.8820077980453748
True;0.0003507914430704944;0.6713080264773827
True;0.0001704836631629501;0.5007050947932857
True;0.0008016400619580014;0.5056453130751968
True;0.0004558651178786661;0.6293463284923637
True;0.0004967512217179626;0.8088433671516431
True;0.0006716075616292436;0.9607693451377692
True;0.0001460174620792835;0.3696103131552995
True;5.984377292540255e-05;0.3381169526623927
True;0.0008224899795020764;0.9393801386621582
True;3.9770925773156107e-05;0.8348700147678311
True;0.010540558459559831;0.1381618695870726
True;0.0005323720611148336;0.4602343711033203
True;0.00023521894716653036;0.9266593742598621
True;0.00042644496333231485;0.5684092150288333
True;7.304401335494786e-05;0.7160826841449185
True;0.0006422767893101966;0.4839150687291537
True;0.0007508065137752715;0.5156168393753048
True;0.0008278935954258657;0.3587022077840766
True;9.311031230725325e-05;0.8457342073737721
True;0.0002707956703110305;0.8615725863953114
True;1.721762510986778e-06;0.9553395802849083
True;0.0005346368493147956;0.6251370111975444
True;0.0007362549490542856;0.6540343227946458
True;0.0001879238778336153;0.45355891651803026
True;0.0007814993552240142;0.8568699226960664
True;0.0004288838208945895;0.6229967110967443
True;0.0006131715523994463;0.7933392177594358
True;0.0007628226280984155;0.40708858996504693
True;0.00036943238446681553;0.5151228585067243
True;0.00014074165716280437;0.5580765141631168
True;0.00035716614934984533;0.346706479774772
True;0.0006807988074253743;0.8341456030015658
True;0.000255664782985693;0.4091410399589104
True;0.0004099108499036873;0.616633479958186
True;0.0007552766214465138;0.5567246973600093
True;0.0002214226792424234;0.8500370113807324
True;0.0004949761801791853;0.9569464852802029
True;0.0005749114295853508;0.6758733646148897
True;0.0007645451437933367;0.5094492073207555
True;0.0002163771702504955;0.37066789001951855
True;0.0003846149662885123;0.6624213192917185
True;5.6186690572153966e-05;0.716936370578819
True;0.008941236946055451;0.13842940424647746
True;0.0007732515566891067;0.8013575868143503
True;0.00016456662950355163;0.8074064432852999
True;0.0008050910707047598;0.3576256263847572
True;0.00030605777733152785;0.43935948182654117
True;0.0006007676917461885;0.9663109193592824
True;0.0005796114331817829;0.38806193246031406
True;0.0005309178955998643;0.7567861482121341
True;0.0005780159966565225;0.7138654714521775
True;0.0003003967746143006;0.6784146187409513
True;0.0005908396434458849;0.5263034022695753
True;5.028831480593444e-05;0.3570253330882087
True;0.0141861490903877;0.1234644527389613
True;0.000663970459202189;0.7413427261360066
True;0.013478340425461612;0.12233299797469631
True;0.0005038816236391658;0.7610246037112844
True;4.9690150764129085e-06;0.6916903381856367
True;0.00038269745776479134;0.847970698509713
True;0.00030898142885231347;0.8184892722787367
True;0.0001345938591960038;0.6860945612347827
True;0.000505014035387644;0.7045854445351554
True;0.0004258825624446886;0.8679582306384893
True;0.00036880679261036743;0.9669496609023037
True;0.0004574010170865108;0.5412393781871343
True;0.0007728566264278515;0.8257654399693746
True;0.0005297439590518486;0.8253258372660084
True;0.00031994320058399884;0.8576005455683935
True;0.00030241063561842836;0.3882431602020994
True;3.788727795037451e-05;0.7725408824607436
True;0.00036536158902743786;0.6776747957746798
True;0.010862888446790776;0.14880995780377548
True;0.00047983046571188387;0.40163688113708357
True;0.00031049666643329543;0.4366614777011843
True;0.00013532824538517912;0.5984122894888263
True;0.0007177339464067843;0.7276542094994074
True;0.00030909732626525964;0.631629754869071
True;0.0005521003083847896;0.9856557056574758
True;0.0005319848884935028;0.8263208897978919
True;0.0007931780856690761;0.6425058533470123
True;0.0006122011775123923;0.7946989392759927
True;0.00041466200558687764;0.788880768349699
True;0.0005268246286999386;0.6381578219428665
True;0.0005605225930263144;0.6801255252286666
True;4.789703293158502e-05;0.6387456818442692
True;0.0006529574859450383;0.8942188754446071
True;0.0007925907128978872;0.34196319760541255
True;0.0002710359571791665;0.46032371259735516
True;0.0007812721829282337;0.7152894263420357
True;0.0006270035573046443;0.9213310341080512
True;0.0007792954553531708;0.9674414282552227
True;0.0001179724255510709;0.4854069967550483
True;0.0003745391300483977;0.5150875715330241
True;0.0005278955677875723;0.8317529117905202
True;0.0006750240031123057;0.942469117268423
True;0.0004077985158869196;0.7383859542074642
True;0.0007026564700928691;0.40881732503118734
True;0.0006631987567207374;0.7933068881253091
True;0.0004903637694984495;0.7342104175855914
True;0.0007799871322471981;0.9961186148948921
True;0.0005431821164512232;0.5878057530446008
True;0.0001381174686569729;0.5127329140653814
True;3.1989477125307845e-05;0.8848431527918932
True;0.0003111468258123193;0.8958484398160185
True;0.000360010302484132;0.40075563607665976
True;0.0006746408876884369;0.9869437659349364
True;0.013541186320738148;0.11512087354756813
True;0.00031158282615452204;0.39935973416745635
True;0.0007905484833935929;0.7701751810566546
True;0.0006090318287932272;0.6636484449692379
True;2.2741879054200777e-05;0.9475866277883007
True;0.0001637178393357414;0.8308737895814343
True;1.853529334955183e-05;0.6281634870948547
True;0.0006024296698450243;0.920017793222561
True;0.00019901040783074927;0.4865144046709904
True;0.00017824642879417883;0.5594606199383507
True;0.00033183804248194173;0.6627439538454308
True;0.00011610735491527319;0.7322673012904326
True;0.0005503177179285879;0.38151783950266377
True;0.0006658052260389885;0.672360645738457
True;0.0007538492282658672;0.8442553494035188
True;0.000743140306449174;0.8138152655516824
True;0.0006407284231488973;0.4765973865168629
True;0.0005134693656633828;0.8844534649289595
True;0.0007242137233953595;0.9427607783905052
True;6.082322047717158e-05;0.3753053771142696
True;0.0006542306896351762;0.6301659511436375
True;0.000111065164013462;0.9579048263853305
True;0.00027880048428212856;0.818170176014124
True;0.00035695875638080157;0.5248490285036862
True;0.0003274713989063886;0.4383737949752831
True;0.00026936122644992546;0.47801204549848775
True;0.00027195396983517383;0.6245388087666126
True;0.0006611729786484104;0.9702665111094
True;0.00024111675108980432;0.40412444509518086
True;0.000533867997788893;0.7774657727151946
True;0.0003843397359343272;0.3569243826713731
True;0.00015389356118613762;0.7195569494963849
True;0.0006090556934226478;0.9390630039436119
True;0.0008009099110314665;0.41185649853261885
True;0.0008131868879395825;0.9427491972830073
True;0.0003367987894711402;0.6142545551700096
True;0.00024682658269228576;0.44880088862014195
True;0.00020386414908769892;0.41903752417379336
True;0.0007278626620365985;0.6551815398170753
True;0.0005809411331688806;0.4111507248891146
True;0.0007147248650449427;0.5797076465201233
True;0.0003377202420772446;0.6645470199211376
True;0.0002357985610490372;0.6319419937395088
True;0.00036580447365401186;0.8238774193723812
True;0.0006228968719160291;0.5538709806053885
True;5.687135365424916e-06;0.4718000961748451
True;4.7310567002691414e-05;0.4265863658878454
True;0.00037762494531505715;0.7210815672811278
True;9.102643296661635e-06;0.7112839883864347
True;0.00031105167694288306;0.6444763220468341
True;0.0007944359043612946;0.47157890295626026
True;0.000493730690540554;0.8022919900819678
True;0.0004999005726933235;0.976334106505023
True;0.0005628078977576931;0.9420405488354007
True;0.0005762658487396737;0.5538608459621651
True;0.00022102564097953463;0.711271117193025
True;5.523394478718908e-05;0.42578463336985484
True;0.000494490638184782;0.7309578667838664
True;5.539020661536605e-05;0.593437064028468
True;5.387885914277504e-05;0.8958968032901955
True;0.0007732729533782177;0.44052852629282
True;0.000714060987774212;0.3367748595555293
True;0.00029995634985484555;0.9189417386353342
True;2.8320226341325778e-05;0.3675556066405357
True;0.00023720808563853436;0.9106165648148822
True;0.0003990037034738185;0.6600215571768968
True;0.0008144100452684037;0.8325170623932079
True;0.0005011623007347013;0.6961464308374158
True;2.6846744693175835e-06;0.5163433306992187
True;0.0007636932900087209;0.9996966406024306
True;0.00014248924742293163;0.5500974981364056
True;3.810919637234995e-05;0.47236470262321695
True;0.0007470046147828985;0.7349570384499209
True;0.0004708605972718052;0.981367547356995
True;0.00041245150271383544;0.9087615101060272
True;0.0005128614636364557;0.8909774936685497
True;0.00032720025390196037;0.6641046033545743
True;0.0007336671201621046;0.9793178477060448
True;0.0003059937421159798;0.7747899407952128
True;0.0003423202656230124;0.8826827683316789
True;0.0005142311812745407;0.8265940480626544
True;0.0004965246896618761;0.4407801716788179
True;0.0002798347656649394;0.35996809555249626
True;0.0005195972960162365;0.850776109774749
True;0.0007504441871192897;0.8522264654620006
True;0.0005467345032039462;0.8111251061541357
True;0.0007475463056059494;0.6060106195737403
True;0.0002941437874221037;0.44282917882615624
True;0.0004611545626482182;0.7981423009107752
True;0.0002192242626083211;0.5337881983087955
True;0.00027213719402974235;0.9945892018801654
True;0.0006565102269303874;0.876229278263733
True;0.0006467131736867611;0.37252872212475613
True;0.0007304016125739078;0.5624619183267547
True;0.00034788934561059926;0.9390028623657696
True;0.0005629663459741363;0.5642135131921341
True;0.0006048768191179937;0.7241924654226781
True;0.000407355831500303;0.6193635619760819
True;0.0008132787950585885;0.35357093417234936
True;0.0007293746294160474;0.4158190571227697
True;0.00023392602716664702;0.7070155793162347
True;0.00033870576386176227;0.4868543307050696
True;0.0006888855658914586;0.586069591584236
True;7.244010111212708e-05;0.6110991856074701
True;0.0007025919680645476;0.7328813369135794
True;0.0004153935858003849;0.7662132852438155
True;0.0006554941601718071;0.6936275236526899
True;2.9719093791264463e-05;0.6182698552547405
True;0.0006702097205011941;0.9013790223666508
True;0.0006362942871005365;0.9064292043203291
True;0.0003340650166270934;0.5221682180302765
True;0.0006098955226474529;0.8692080989104087
True;0.0006414244678243333;0.9553811567700855
True;0.0006023769811441513;0.8312118031062464
True;0.0004322106338551005;0.5080096130005074
True;0.00025230913996635284;0.4918384960047674
True;0.00030037383510069323;0.5621173420608228
True;0.0003208316060722948;0.8219775380109023
True;0.00027059497627375534;0.6288062265637528
True;0.0003960058441272711;0.37036983769357523
True;0.0005191168344347275;0.9872079155625878
True;0.0006583496767671827;0.47080164820293735
True;5.269769850817126e-05;0.42868784499466156
True;0.000810991207993031;0.33606108992334166
True;3.4477535414400263e-05;0.8238901616353342
True;0.00031448838657741393;0.9254757719460703
True;0.0003542133127114862;0.8733580310916307
True;0.0005819338886484654;0.6438203703238476
True;4.599135032567869e-05;0.4657185384177295
True;0.00028424855954056375;0.4002997249545418
True;0.0006996170662824382;0.6080083737414597
True;0.0002793933096970999;0.43139273396015526
True;0.0005175396739139463;0.6377571397666886
True;0.0005521371320462973;0.4453853798864524
True;0.000546845459755476;0.42269463322049267
True;0.0007591370824643188;0.8660822936189553
True;0.000443734554278215;0.7407017188207616
True;0.00037804797917151374;0.9052258538082186
True;0.00029364367689615307;0.8743380027948187
True;0.00036005040395065667;0.4503723874952595
True;0.0004740089675137809;0.3535965669793107
True;0.00037916881133004876;0.3532940725538587
True;0.0006048777889553777;0.8596836811469117
True;0.0003264508944488856;0.9012866308454254
True;0.0005338423134263313;0.7709419390136161
True;0.0005526447326218731;0.46302499338096903
True;9.417362360880246e-05;0.9735891178133046
True;0.0003269906847213435;0.5652813060780282
True;0.0002526362937798196;0.36115873450290875
True;1.0014628300883473e-05;0.36255714575904363
True;0.0006518896399269511;0.7042444575957023
True;0.0004354442777091883;0.5678383071285931
True;0.0004992608463079637;0.7382927346841459
True;0.0004143485894985553;0.4388737095161689
True;0.0005190066967024647;0.6031484397446223
True;0.0005330942970113657;0.8664075186961943
True;0.000797317623327901;0.9918861691742417
True;8.219449372646097e-05;0.41900693120460514
True;0.0006906418625144154;0.9036102361480223
True;0.0007528107293661862;0.9090860279896359
True;0.00047940385902242957;0.6219121739274938
True;0.0006144026325667741;0.8400463616215794
True;1.2964387323101385e-05;0.5403547309689919
True;0.0002119732378346284;0.9732011916255493
True;1.987622514655701e-05;0.7443619392860559
True;0.00015913644513025068;0.7886116674272434
True;0.0005741319448049841;0.5055869708230277
True;0.00010396199472065998;0.5742681622867953
True;0.000444350981517966;0.5001471725145148
True;0.0006011189434708453;0.8842931509969418
True;0.00034780919195844114;0.9728244071308598
True;0.000504883735974767;0.9778407216515486
True;0.0005482604074051315;0.6514191874047642
True;0.0005139788168462624;0.6500628569008775
True;0.0001285532899821116;0.794707058773379
True;3.4025630117503816e-05;0.8361348400920339
True;0.00023244194322358507;0.8804062904559544
True;0.00033353023795446615;0.679776384793908
True;0.00010598103644665239;0.9038984319963743
True;0.0005993899755295904;0.6004175630595081
True;0.00016546481842398552;0.48775226665835125
True;0.0007641665565882666;0.9824966112212429
True;0.0007953855331540384;0.7351751153084027
True;0.00042860458774090333;0.47777967407162575
True;0.00029560812807080986;0.500064822730069
True;0.0005942812256956774;0.71528595256877
True;0.00042394433507377276;0.9725158174211648
True;0.00020536788408555664;0.9935197065008832
True;0.00043382330445575424;0.5267450189588524
True;3.4101030247121205e-05;0.5649709120536918
True;0.0005348264209831457;0.761887408040359
True;0.0005704550807304056;0.5589417943299422
True;0.0004899051668243046;0.810549784932153
True;0.0004069989458135298;0.3398422274570045
True;0.00015440882883109073;0.47276577767296485
True;0.00021782452716672039;0.38770636112461704
True;0.0003095797126295147;0.9730495068940782
True;7.340280478274736e-06;0.3383180159601901
True;0.00039043631211821525;0.5559465018212891
True;0.0008230108437592686;0.5162894244654858
True;0.00038357985222475864;0.9450402163351119
True;0.0006117274066795702;0.7988319840396056
True;0.0007798709266226524;0.6819615051817447
True;0.0005096832410411795;0.4830792588969748
True;0.0007314341597512974;0.5965468502743099
True;0.0001294743402463978;0.46965028918623997
True;0.0003337029833998295;0.9443075296561373
True;0.0006053682333008045;0.6567122086614514
True;0.0006506243982756974;0.39884930821927367
True;0.0008044666248966964;0.8253474789898068
True;0.0005997278242832074;0.9776505668963198
True;0.0007175386570813456;0.6696057513424243
True;0.0007399411340685026;0.8732626506960242
True;4.94059892940288e-05;0.8470079509329342
True;3.761223312872891e-05;0.9424104845631681
True;6.597170417440121e-05;0.6873361318831029
True;0.00010461699241991879;0.49760835129471115
True;0.0005025376746226868;0.8332139095485738
True;0.00025021555238214727;0.6896200346493607
True;0.000394212057942243;0.6064987921197336
True;0.00011027268888761922;0.8098946699330587
True;0.00034736685719851377;0.972318514472084
True;0.0006913862437326787;0.831459291079124
True;0.00033181720367751895;0.8558843382976457
True;0.0006705971772179314;0.9002717180356816
True;0.0003582984107771872;0.9599948882047171
True;0.0008284344409270392;0.6879211227597168
True;0.00025832404772249554;0.7968642759244083
True;0.00021556266199588759;0.9598776639323525
True;0.00047330080561681383;0.7260198452392591
True;0.00034083928196113793;0.3355787385415849
True;0.00026745927771201663;0.923223189160696
True;0.0004911253889864369;0.8136461820982983
True;5.1247307163636966e-05;0.5915455219702763
True;0.00017677896381384375;0.34478150549692854
True;0.0008196216599664403;0.45092016189135947
True;0.0007468598086484234;0.45760481807523984
True;0.0004746237830648995;0.9144859871740121
True;0.0007212526366030523;0.9130178318680501
True;0.0008122421777411901;0.4082662353656976
True;0.0008016092516818379;0.9516349369252368
True;2.2202616612549454e-05;0.7720462096398776
True;0.00039214166547743665;0.39469824027751743
True;0.000604466697779711;0.6830879198768813
True;0.00033339831708965775;0.9372721850736785
True;0.0003258356469188524;0.4651275026650629
True;0.000538076476402121;0.8773239955963672
True;0.00030971493599483675;0.807437434085328
True;0.00017630013292592144;0.6236289988174533
True;0.0002983950029003028;0.4290694206217023
True;0.0005053718350345562;0.6996767627289178
True;6.309191460324101e-05;0.6634433467932932
True;0.0007341810143354441;0.9023883037552687
True;0.00019397206511605515;0.4870957002475356
True;4.373205739482117e-05;0.38811247170616053
True;0.0001281591510716782;0.8306466767959365
True;0.00048775040315643343;0.6297833523277736
True;0.00015503396983142115;0.6132936567863765
True;0.0002458164397733504;0.48144902787907273
True;0.00013752760009775553;0.39004648201749126
True;2.312235300633735e-05;0.6337901353256203
True;0.00031847142494439566;0.6300101750771436
True;0.0003253980951025102;0.3892513550266539
True;7.42575809953851e-05;0.876953851982056
True;0.0006214449256678927;0.4668894622139773
True;2.4359250782275648e-05;0.6540277356975115
True;0.0007045281166975328;0.8472699728448413
True;0.00011687506445155264;0.6412643856119452
True;0.00042118703946344846;0.9253071251157513
True;0.0003628125894193526;0.7542668827125645
True;7.004114374734851e-05;0.9069089653207072
True;0.0003446963071835347;0.36071789228082757
True;0.0005482567338071164;0.6985136266682039
True;0.0002499258918241194;0.68804994037889
True;0.0004403953168375294;0.5489306683037584
True;0.0003233196214946701;0.7650736087798669
True;0.00023395380571221547;0.808544497256943
True;0.0008060808319169812;0.6708334219700688
True;0.00020027006081074653;0.7489885307519794
True;0.0004942600514100291;0.8478813904068169
True;0.0006995343798866574;0.9480710952827238
True;0.0006383814106940217;0.3309446673185654
True;3.146848785375825e-05;0.3408262211437341
True;0.0006116751120584967;0.865262365808659
True;0.0005579000173433069;0.4373859692681425
True;0.000628446248274353;0.7507415713815205
True;0.00010849846294639138;0.773552060590228
True;0.0005051751372232841;0.8627614820716198
True;0.0005832165833875118;0.6260881624877469
True;0.00045413025667590494;0.95125272634728
True;0.0005405552163030701;0.6657323377090103
True;0.0008199379041226032;0.3995794899180069
True;0.0008197844016763101;0.8423706000486478
True;0.000350748902052573;0.7869735135880548
True;0.0008282748750066506;0.8413288885995468
True;0.0005668548616772485;0.4662834610880317
True;0.00021536244720085738;0.45189703873242704
True;0.0005114988159231126;0.5027711446221539
True;0.0007263042982688265;0.7330028101974999
True;0.0007799116292699937;0.3355299635755967
True;0.00026595933362403526;0.8663365370106184
True;0.0003080002682067987;0.8285101063789737
True;0.0007051020829696238;0.7875195657056496
True;0.0007162416172576643;0.6569227494900982
True;9.081620193916617e-05;0.4397897005648165
True;4.2605828213734664e-05;0.9706749945795177
True;0.0007857251238177016;0.8661183655044227
True;0.0007860501424547494;0.7991021459571404
True;0.0005627884974999042;0.7866723907534868
True;0.000545523582972164;0.40707247602412605
True;0.000799969798102286;0.8270175620256903
True;0.0004944125231511767;0.40376383020983714
True;0.0001238587271840528;0.37767077857501835
True;0.0005838721947254844;0.34338471370823637
True;0.0005335691638287882;0.6977683681361881
True;0.0007364617866988635;0.4029372688706766
True;0.0008159602216373451;0.9747927899073016
True;0.0007691607511446861;0.9744183667246249
True;0.00043562552215482803;0.3759594415495542
True;0.00046296290279589124;0.4392753047966844
True;2.1561452178878223e-05;0.6177604389391895
True;0.0006335096780411396;0.6484412010493255
True;0.00016379184615617835;0.34546143101151966
True;0.00016565037822352307;0.8077013316240869
True;0.0004693200532388462;0.8651025657600374
True;0.000543975836777875;0.9538899322843105
True;2.7709153345345975e-05;0.7889477087304035
True;0.0004038692335101158;0.4159617740674449
True;0.0004652666588197988;0.5931539620535238
True;0.0002544051333854934;0.9542530029075545
True;0.0004958487244881922;0.3868646092677683
True;8.985563285527567e-05;0.8483456267818744
True;0.0005667901338182845;0.343880588336688
True;0.0005265519941059423;0.7066863818575111
True;0.00042073918791713037;0.7587209963945889
True;0.00010663933730283835;0.9001456970601073
True;0.0007912766780468236;0.6178604104618244
True;0.000362338660264458;0.37416498841588064
True;0.0003757140524352521;0.5306549446752813
True;0.0005205558373806094;0.7031666774086285
True;0.0006199835626681011;0.9083687068524607
True;0.00036562618119751524;0.7251900774238329
True;0.0005848717685809644;0.4414613407752208
True;0.00032455794869431674;0.7203974024635142
True;0.00032275852825971085;0.4941105184665713
True;0.0005738974849589489;0.43631328853001444
True;0.0006026663245272373;0.7916072169340831
True;0.000478435048982786;0.6754887132799068
True;0.0007256510648583293;0.38175365653780785
True;0.00018973102961768526;0.704290339910817
True;7.648978181449401e-05;0.47437092940037173
True;7.134247261003792e-05;0.9778020894422615
True;0.00036444168025708885;0.8048180122212183
True;1.147366239524537e-06;0.8903525596236527
True;0.000160428240402837;0.9931573239228729
True;0.0007649805557936676;0.6006444433643086
True;9.918960630537064e-05;0.4622412293531242
True;0.00018641338008547955;0.7411970975493963
True;0.0007035771561922619;0.7264914223359855
True;0.0008334713755908523;0.89310493258288
True;0.00023498788577028747;0.9198648678656971
True;0.0007481587443632564;0.8716621218171438
True;0.0005861777380779154;0.8925955371260194
True;0.0006919763864196778;0.3420186170175912
True;0.00029380880314247993;0.498755315412476
True;0.0005345429671973167;0.6896216082289242
True;0.0006977130324205046;0.41203403264506955
True;0.0005502416790579278;0.4945224945648238
True;0.000750311058112758;0.7132426503076378
True;0.0006559261013766875;0.4477463801701007
True;0.00044240031583232776;0.8780573393633566
True;0.00045229948003189474;0.6563892900294755
True;0.000390826904782478;0.6211135255388921
True;0.0005277438073281234;0.6507977607662427
True;0.0008062653785926938;0.7698146845434979
True;0.00036789734066506805;0.6811701581668158
True;7.176567588488718e-05;0.6275596451624064
True;0.0004500999146237618;0.8305514788417113
True;0.0008239742817574178;0.974297843403576
True;0.0004228007045410892;0.9751347686553821
True;0.0002206518334694671;0.9894204171909703
True;0.0005599209521374127;0.7317968355557589
True;0.0005984526836906689;0.4115407226669759
True;0.0003132800660865481;0.7517505338402721
True;0.0007250014334032409;0.43549390606354793
True;0.0008172019278054984;0.803092680623178
True;6.0889902830940026e-05;0.5861002691090713
