true_labels;p_value_0;p_value_1
True;0.0003201285617417114;0.32370945807610996
False;0.24022786388414497;0.0010605779622495292
False;0.27947547285702257;0.000164047462011795
False;0.1314556604622473;0.006690876225121154
False;0.24708724815307173;0.0009031152191747696
False;0.33600548839409483;0.00039194253656873687
False;0.11628597393510179;0.008957661780070849
False;0.084887492979062;0.018806071622479957
False;0.3095197849386293;0.00014113128879018983
False;0.05935197355975309;0.030488000848358385
False;0.24831518688696227;0.0004301998232688124
False;0.2593458052203511;0.000411023208433242
False;0.09307134004134922;0.014217652616080535
False;0.27337137952502616;0.0003606744501667204
False;0.09462123417009558;0.01348850696639939
False;0.27899112822434974;0.00039437959770773995
False;0.25869509523320633;0.0003582751858396657
False;0.22353835972671815;0.0012476178527470658
False;0.2973781763035671;3.347551988982098e-05
False;0.16601705875641323;0.004101801244275595
False;0.2989543410008772;0.00014128202691534992
False;0.2918659455915631;2.9999223791334946e-05
False;0.16402898087111906;0.0042545287326091665
False;0.19946582958384984;0.002333019673441348
True;0.1402503263262163;0.0055537917822821355
False;0.1059977728632067;0.011356795024115584
False;0.29056514061125566;0.0002226453049647696
False;0.1374839647674288;0.006522757033858044
False;0.2413746608584382;0.0009281195684082659
False;0.3340718163336677;0.00021080564438408488
False;0.2588789275204309;0.00023674242945318953
False;0.2652289727267655;5.421918379343843e-05
False;0.3040928589444383;0.00034093528375722513
False;0.2475126082858312;0.0007005969587359192
False;0.31599187715968013;0.00016979260095042784
False;0.3251774212437341;0.0003779250489280476
False;0.3082638659537659;0.00010252908061820587
False;0.17985111675536097;0.0026862927101791636
False;0.2500089731143452;0.00043579310618436476
False;0.3011949904303728;0.0002743494751868996
True;0.11427049672332805;0.009538906662363207
False;0.2916247167042588;0.00023036557748171515
False;0.2878383567399623;0.00017122210037943015
False;0.162071111808211;0.0045460983459183245
True;0.004489875718116075;0.16168857384242039
False;0.24933222738598987;0.0007921701087477129
False;0.23027619462989646;0.001188262342155377
False;0.32331760276391497;0.00036554468291354503
False;0.30142980535879105;9.223394520456983e-05
False;0.27229825592807094;0.00028396891839679514
False;0.30132656159998794;2.4950220953700428e-05
False;0.22757432198116628;0.0009001179264499343
False;0.3284675663924906;0.0002648120901692769
False;0.2795286542149254;3.067750901984333e-05
True;0.07043630985397772;0.023558312342461814
False;0.1660840206595748;0.004115858461468694
False;0.2550718224518653;0.0006242542617946368
False;0.23074782334764993;0.0011154962848691711
False;0.2934786188539585;0.0002600600353480096
False;0.2695614119286686;0.0002518312739237071
False;0.3016472504666566;0.00027777373090425047
False;0.19980277924460443;0.002304236949900755
False;0.3555970427578041;0.0002624159516564165
True;0.030388792841176137;0.05941080146139579
False;0.28668486214772126;0.00010019928272635522
False;0.0905051266796349;0.01484582256140047
False;0.21890563644142197;0.0010764649460166412
False;0.3029068563079578;0.0002019462266521375
False;0.29993933477396145;0.00027662066776699116
False;0.2777908910744711;5.9048877234815965e-05
False;0.1384609981635857;0.006216765559799416
False;0.17492507587012485;0.003011328402099876
False;0.24713152785293094;0.001128400831591013
False;0.1783136369229559;0.002532386330504437
False;0.255451467020836;0.0004425028327726166
False;0.3282622740941835;0.00037540637976179737
False;0.2213872040791776;0.0009306463028804787
False;0.3008749247862774;0.00021581734132403033
False;0.17577848061999043;0.0030424344124017366
False;0.09622222506663289;0.013787609192201213
False;0.3285019855247318;0.00014109790643076087
True;0.0003603304279613001;0.34069627282078313
False;0.318906823024462;0.0003401234852405013
False;0.061322283023989;0.029968511011136394
False;0.25302096378619504;0.0005801846223359842
False;0.2587021973116048;0.0004125366522476783
False;0.14824190655167319;0.004348431924517316
False;0.26971042894235553;0.00015853066443415216
False;0.3026807471313781;0.00037402802146577544
False;0.3186288729638268;0.00024004111929498936
False;0.2506511879976654;0.000714916989812544
False;0.196487522478458;0.0025578611490643293
False;0.275186136816333;0.0002825594534038464
False;0.09301766994156005;0.014305796440825668
False;0.23734226306776848;0.0010973479505879465
False;0.24016039639401246;0.0012063479778881125
False;0.05582779498086243;0.033499274948401644
False;0.3015800438705936;1.9731719319962337e-05
False;0.27769552194188685;2.0581466390935266e-05
False;0.25297609213743144;0.0006521051521345073
False;0.16099417726312423;0.004499027772302342
False;0.13901041434999967;0.0057242882431782155
False;0.3186673702305106;0.00039153478917638155
False;0.25660680371037364;0.0005900775911956562
False;0.2794647777292041;0.00023003193376538067
False;0.3274816056695252;0.000109484584936012
False;0.2638727583745322;0.0001639858559801844
False;0.28192707526286087;0.0003313282497952317
False;0.1559805155055407;0.004567112785372581
False;0.1981969147254476;0.0023763770003900142
False;0.17729205873843396;0.003309345579344571
False;0.2693947413546448;0.00029804167432536554
False;0.3184294861875608;0.0003106738827284648
False;0.24497344492626436;0.001191773693784032
False;0.29779520835409856;9.138499255544456e-05
False;0.2399471431546686;0.0009029967272564432
False;0.22331884488017373;0.001241383909803195
False;0.1877251544713269;0.002851003769313851
False;0.1764891886557046;0.003333864132395086
False;0.34310988185067076;0.00018206662460891278
False;0.3038385792535976;0.00010003592893362486
False;0.24751740543483347;0.0005208177699987566
False;0.2521260696571192;0.0006615267973658749
False;0.24848294151679873;0.0006416829375348749
False;0.2496172797424092;0.0007441068118411116
False;0.1880408459253928;0.0027691020631003533
False;0.31867708506112974;7.322642620941639e-05
True;0.038523000147380984;0.05023263959917517
False;0.10165072349699014;0.012560763740117619
False;0.2305257299064654;0.0008692001244293354
False;0.3038320484600276;0.00016048695251909102
False;0.2276052366025101;0.0011075874191081635
False;0.25036389932578695;0.0004480858380142774
False;0.24986842522716762;0.000551476665885602
False;0.28761347485555255;1.84559920352192e-05
False;0.3303439083529445;8.608388424908557e-05
False;0.2544254915469407;0.0005222638055687006
False;0.3040514033157554;9.918032104903848e-05
False;0.11486038436919503;0.0089559474713361
False;0.2769629131916892;0.00022099678496568013
False;0.3187767622643187;0.000406344350934979
False;0.17585737681951807;0.0032434491026963204
False;0.27833669990838295;0.00041700818780386026
False;0.34195642157106465;0.00038808689703254823
False;0.24549260427317826;0.0012145578678727585
False;0.30711258975386574;0.000327317011974271
False;0.1783871100343133;0.0028183908654665682
False;0.32088161097843326;0.00013185120155609063
False;0.2478816088227462;0.0006627034588448713
False;0.23138147352706234;0.0011482140474463713
False;0.335257318756495;1.4494917298304374e-05
False;0.21183903183946548;0.0012182080855144004
False;0.22747542363177112;0.001006794982439189
False;0.18823464700523002;0.0026191114169192907
False;0.23138245139696192;0.0010203931577680262
False;0.28554772103605375;4.499902619320593e-05
False;0.19809665555139142;0.0027483081620501915
False;0.2787448803922232;0.00033616443841790193
False;0.272004765128387;0.00022306230268816625
False;0.265350086456181;0.00026527791830273183
False;0.2891504074342022;0.0003008386732594667
False;0.22184873747510594;0.0010712493974403662
False;0.26320330035251766;0.00022284292216368372
False;0.28196331647783685;0.0002691662306949039
False;0.2544847288540405;0.0007683367595407387
False;0.19376633576044142;0.002799851173328105
False;0.25903105333112;0.0001710627267203985
False;0.26948238419801945;0.00013546851920824985
False;0.29882431609384463;9.66139949236604e-05
False;0.3337979582266533;3.2055685557736784e-05
False;0.16595793136505207;0.003957251985196568
False;0.1541698019652542;0.004317252978041715
False;0.2476004399544623;0.0004454936864232227
False;0.20060509493807518;0.002041557630212669
False;0.30154939689372223;6.843861491116494e-05
False;0.046735987024128664;0.04665521157218858
False;0.10577065581572215;0.011653750661306908
False;0.14194610475467626;0.005276619995395341
False;0.15607458504098048;0.004416262190439282
False;0.3274190570758457;0.00037076941871749293
False;0.22882949273741335;0.0010417307536560443
False;0.2736463184928567;3.2872151018714074e-05
False;0.2819363218966436;0.00013946856925264295
False;0.2084560759564812;0.0011360136480147416
False;0.25436876734198605;0.0007140684785550608
False;0.20214197792265276;0.0018036260708968396
False;0.21432366089766833;0.0011669735340406313
False;0.25665043065739473;0.0006723967948186536
False;0.31966560544298295;0.0001520118699072533
False;0.14114636903236727;0.005019005181415425
False;0.2935889215319433;9.660839206931403e-05
False;0.30135641615470965;6.450940415230361e-05
False;0.23629099181735855;0.001203911885480754
False;0.2016871318771101;0.0020568796133882765
False;0.2554758801852317;0.0005060452788745726
False;0.15588125446469672;0.004263386430023487
False;0.2787716298175524;0.00014335473485699952
False;0.24329459516161206;0.0010464801058426229
False;0.3017777088278052;7.102121233516137e-05
False;0.3340823154901571;0.00031517467814933984
False;0.2213606285340774;0.0010451991150719447
False;0.21099951563273064;0.0008479072239062558
False;0.27784859730555767;0.0002077266821467218
False;0.2230293129385819;0.00116580739447368
False;0.301643047093194;1.4009024464441102e-05
False;0.2886345845301255;0.0004098520060719276
False;0.30380824359575015;0.0003666602014493827
False;0.24439464268490232;0.0012392079720995066
False;0.27544879368531455;4.342743011747317e-05
True;0.08673405111732148;0.018139075923229765
True;0.19829059420910078;0.0024997668434763396
False;0.17544005012867833;0.003089349109979202
False;0.23836230617322157;0.0010683164675227921
False;0.10129745386393316;0.01293146227736319
False;0.11363437060771339;0.010768000198043491
False;0.2960018926916945;0.0003322421006665812
False;0.08171554615117135;0.02008611513997234
True;0.07997007490361728;0.021045624226400345
False;0.2696107780790865;1.7294801638747012e-05
False;0.037714586439040916;0.0522142068643771
False;0.22484462803300057;0.0011043348538395553
False;0.2405204419276203;0.0010463448015708247
False;0.08424613581600551;0.018914657125498183
False;0.19897709764219138;0.002434928082213584
False;0.07307481329483306;0.02285168853096903
False;0.19442798590329377;0.0026092425146209907
False;0.2698117285953921;0.0002533242782433035
False;0.13020360323469599;0.007314346830654273
False;0.2108087585848988;0.0009489858102439995
False;0.1155074725879959;0.008880110389859804
False;0.19299042534257752;0.002534199403975288
False;0.21039131495521943;0.000942514656717275
False;0.14077852576996955;0.005072454476116163
False;0.12057648036828283;0.008961278461304746
True;0.09073564772607182;0.014979423820940514
True;0.0010774794545209982;0.23042679070760222
False;0.2554998905214232;0.0005334958434589133
False;0.1438237605303577;0.005086184351446485
False;0.2024391423538723;0.0018957151388019923
False;0.3069434369079429;0.0003509648023532642
False;0.2698072293557783;0.00019486794083170615
False;0.15691432728911534;0.004561695402676231
False;0.2696793035437689;0.00024744527464019264
False;0.15268388967934704;0.004344266598757322
False;0.2339147077780176;0.001011271341715202
True;5.9715265660154736e-05;0.8018362886681619
False;0.25950826585877856;0.0003610526108379999
False;0.19301593754238716;0.002879355814773583
False;0.14653250149534686;0.0051150516331609
True;0.00022015811611151624;0.32842066070949283
True;0.0352308366258635;0.05432595722152671
False;0.20975376525794195;0.0009324748007314867
False;0.22827254609277117;0.0009241385958894829
False;0.10187785888294978;0.012480384526255968
True;0.011240784050527234;0.11011585822638516
False;0.18921618990367936;0.0025411899556303475
False;0.22819930052634657;0.001076984948281801
False;0.3202092955150992;6.355364607297988e-05
False;0.23517941270560316;0.0012128884175792182
False;0.19089959964244016;0.0026237178086146043
False;0.2221509402007362;0.0009510531422468751
False;0.16300211027596803;0.004197495648976115
False;0.30237251569395396;0.0003506562246940642
False;0.2024959117833426;0.0016813843133596286
True;0.050530444664431184;0.038662051882278545
True;0.045715555675390575;0.04693693945716283
False;0.22148670168447687;0.0011495348084976083
False;0.14567925290005146;0.005219262637679216
False;0.24487818251587998;0.0009006642599239574
False;0.1529195858828046;0.004541217593203948
False;0.2663534184814812;9.243688303903483e-05
False;0.12690283266988878;0.008015949175184289
False;0.35119736726182854;0.00038080054053256764
True;0.009026181637351121;0.11804920424150639
False;0.30271736852734626;0.00037683878293269415
False;0.07265446780885196;0.023045491721991454
False;0.1556549640704828;0.004322281084887426
False;0.2066731111970782;0.0012258320671060668
False;0.23073478966152738;0.001132103620590915
False;0.1719618982772295;0.003078890982038294
False;0.1555880770904685;0.004570103353700178
False;0.10767242155735292;0.011536599342923648
False;0.21088547113264597;0.0010016175583845957
False;0.10051936757118127;0.01319069666580707
False;0.2009579621552288;0.0017644868109447731
False;0.2793050390309282;0.00015232486795724263
False;0.11165685661398399;0.011091134107601442
False;0.20247460868596098;0.001828414734347713
False;0.10773087766006685;0.01160879237705756
False;0.062324767742796966;0.02964399845608659
False;0.29805997665558376;0.00028305556033353195
True;0.19549317984057377;0.002633418687468382
False;0.3036977534015564;0.00011560269526093159
False;0.06925095209815776;0.024408943572443748
False;0.14891869649683795;0.004536048651752013
False;0.26971376815518683;0.00015893469510852386
False;0.1441114662375041;0.005383672610646648
False;0.18281594376024385;0.0025673910447930244
False;0.18867888641572544;0.0026046619201164963
False;0.27031453355159907;1.958268570177172e-05
False;0.1430605897693932;0.005314120473757005
False;0.09630351877950422;0.013492243248636761
False;0.22938987999526064;0.0008510724737708871
False;0.08415460821347615;0.01887289770706657
False;0.19797049136987682;0.0029094755362164097
False;0.17535320556727146;0.0033210617879178444
False;0.03761891956384848;0.05196103813892951
False;0.23499944794269925;0.0009381518188840494
False;0.17190529472809873;0.0032943456078685816
False;0.1489035115793713;0.004184266131758579
False;0.13327510413780644;0.006810562711473043
False;0.11329290807134315;0.010568769922488216
False;0.25188711409596376;0.0005179320636427069
False;0.23680070275601722;0.0008735981525917817
False;0.1842957731097129;0.0029064448360186113
False;0.2843246260356175;0.00018822117460889844
False;0.1480865551274536;0.004366594058930968
False;0.2529497792608549;0.00042617646579769946
False;0.10597523453635711;0.011399370150844874
False;0.22505191380766912;0.0009652347360642282
False;0.14393349977517148;0.005262097600427767
False;0.27784425645164107;0.00040852307135189086
False;0.25001310860188725;0.0007499972737316888
False;0.15917944954752156;0.004288439941603756
False;0.23217720017733776;0.0011482865919125924
False;0.14385224782999934;0.005343677989528892
False;0.18722109132983888;0.0025854510372005516
False;0.1505461040210762;0.0045856930980955465
False;0.11566853309640082;0.008803716956668012
False;0.3414295915341121;0.00022885030008330153
False;0.26985711740014184;0.0003492543962294142
False;0.1764728144314345;0.0032622023157144607
False;0.20434387290532743;0.0020016087095610243
False;0.1769149768091266;0.003243968747410731
False;0.1491749692741399;0.0045632498894740085
False;0.14740355072871467;0.004504149556068876
False;0.2477498552812174;0.0004942018201308893
True;0.013428857123070652;0.0995891093438006
True;0.00034132534303133973;0.37653682140679445
False;0.13332845274536909;0.006827815740660031
False;0.2696100745206411;0.00011192315381809339
False;0.1403874342611157;0.005046301373538865
False;0.1823784969648288;0.0025405549696974733
False;0.20008220522300094;0.002381846647753388
False;0.22754616502369301;0.0008964580942218494
True;0.030463985034585278;0.05901963080113504
False;0.19854589019752525;0.0022471086606880805
False;0.23998728376057754;0.0008420634262766876
False;0.07391202322237905;0.022588340503755806
False;0.28679847695050703;0.00015395491232298743
False;0.318343717492756;0.00035450352052244415
False;0.1074633803104683;0.01160191892102598
True;0.06643614888553301;0.026680869785839043
False;0.34146516710983016;0.0002875726840073059
False;0.15782211121993844;0.004415268484630383
False;0.22148725519405602;0.0009047109755776697
False;0.10051968675248768;0.01301756832646777
False;0.2266452628713982;0.0010923644894840828
False;0.21942126459337508;0.001059593361005536
False;0.1634263480886683;0.004260374824817742
True;0.0027349452035650788;0.18350520169702733
False;0.1214506123276221;0.00908248572436526
False;0.19924335925574221;0.0021873853124974607
True;0.058716044804036756;0.03059994675482532
False;0.12674833683339115;0.008352504655258497
False;0.2529997480437678;0.0005255143789397265
False;0.13964571575943274;0.005448827949373427
False;0.19936412590405608;0.0022557486523738053
False;0.2422428561240568;0.0012013602302911998
False;0.2011866247616885;0.0019550601017871453
True;0.25236044931215346;0.0005436533353348554
False;0.12327574252810383;0.009010713005516932
False;0.1709221512377171;0.003633383037583792
False;0.22884979190134794;0.0009065225580889935
False;0.1532616270498384;0.00432375088967892
False;0.1515741399895704;0.004539853770165235
False;0.26980750403538784;0.0001556452830895152
False;0.2778735129629831;0.00012943375727078067
False;0.20295288916744478;0.0018666218727522998
False;0.30823548477991;0.0002994779436526236
True;0.015199442706781516;0.09061231230265933
False;0.11407061251475724;0.009835516085650853
False;0.18197447500483252;0.0027809458418939104
False;0.12447026155699153;0.008388013729205383
False;0.20065756346280733;0.001816282644841322
False;0.052277068270203966;0.03669738821161943
False;0.11429434700199569;0.009296317045297344
False;0.11522330127848812;0.009124349248317684
False;0.1074146043698575;0.011421515560681966
False;0.28499950653781003;0.000139499709310216
False;0.18437308037180494;0.0025839933936199215
False;0.22900618141261264;0.0009965706581080884
False;0.20158726032075994;0.0018570594093448326
False;0.13621718981613923;0.007051899007372777
False;0.18197188613800946;0.002657124963290091
False;0.14973365689235324;0.004364669588175468
False;0.14413285456188762;0.005324425301386633
False;0.18321899153243223;0.0028027637858545505
False;0.27141681155614705;9.826829092043027e-05
False;0.11582325217000679;0.009142426640252953
False;0.1766530345754844;0.003040416132610751
False;0.2222732287541294;0.001094902532039918
False;0.17668438844876735;0.003273379226748761
False;0.11335207257984997;0.010791157772314715
False;0.1759050552588617;0.003161455423510431
False;0.10549298600091132;0.01168012887413179
False;0.2257282804070978;0.0012054967525233489
False;0.1827038310364946;0.0025415163901024245
False;0.1800041320965945;0.0028666867318020844
False;0.2867437857534949;0.00011464982052559707
False;0.11197560958019054;0.011250510951083573
False;0.15156365690913456;0.004221245153446253
False;0.23085776875417205;0.0010590489545199947
False;0.14435776662333713;0.005313026957717007
False;0.29608937381976796;0.0002304296904874997
False;0.2857991910060809;0.00023948256628276797
True;0.0002057090043112767;0.33365950399087624
False;0.17692738785927206;0.0032727037182077893
False;0.22865030064268588;0.0012155054834425245
True;0.0067087451899170035;0.13228454090922942
True;0.147366509013748;0.0045023380353692985
True;0.000181282172665645;0.8588034324606516
False;0.24753076865799373;0.000787368028770128
False;0.10598684952045108;0.011366550185403643
False;0.10804648014470082;0.01136498521406293
True;0.0003986725818899133;0.7045597798777175
False;0.08872245454089858;0.016005958313816834
True;0.08051936406543188;0.020302104355622207
False;0.2646810320955691;0.0004080423239749523
False;0.042319880340047515;0.04852082468163363
True;0.0003989362203016733;0.7357891770629276
False;0.24848497520844684;0.00044781627019596204
False;0.0774252970594217;0.022126244567503783
False;0.19944926691776035;0.0021832937026507494
False;0.0746444518288249;0.022728233385907296
False;0.23101337836790617;0.0011076897586878
False;0.2545168902844131;0.0004969360895893949
False;0.1384785642710141;0.006373585592820393
False;0.2029741862184747;0.002081492982671207
False;0.12266609661136074;0.009184582048591614
False;0.21041520119765353;0.0008441981283112997
False;0.19587282744049703;0.0025160554379779453
False;0.1407997392198919;0.005381233895301705
False;0.1262010047946081;0.008257431507974016
True;0.08678259489758829;0.0182213749441145
True;0.0002625028055207921;0.3291604728544962
False;0.25535361301642123;0.000424524772295191
False;0.15188598988846272;0.004285399607256442
False;0.2105457893264704;0.0008775534895210218
True;0.00026156827976642026;0.6759042889210615
False;0.25485717397730895;0.0005925900542444163
False;0.16534601107468994;0.004288297682045845
False;0.2550830043749001;0.0006037608201361884
False;0.1599243117997889;0.004523314487375531
False;0.2403801312667877;0.0008512773148055871
True;2.485273933190077e-05;0.4866214332326384
False;0.27010412954916324;0.0003833537212371543
False;0.18191235464548866;0.00284400395641185
False;0.1557988613797245;0.004589354610372646
True;0.2022830964158234;0.0018681532957644626
True;0.032924341398431436;0.05585791633841372
False;0.1963212320342694;0.002546868657345192
False;0.22819695203764048;0.0009233800937823844
False;0.10933114849552543;0.011172806831935682
True;0.05433786250865115;0.035505655127033
False;0.19667919343400933;0.0025699454029424005
False;0.2121014068686097;0.0009889041751968922
False;0.3216906541514234;8.054032308260052e-05
True;0.15372293838370857;0.0045932403407354825
False;0.182442830938357;0.00268289972078455
False;0.205705440241783;0.001142701356331162
False;0.16900275956041114;0.0034986142829523696
True;0.00021491455927649832;0.705235386424658
False;0.20290616538189898;0.001890617913567609
True;0.025294334595788507;0.0677577123541843
True;0.0002214884675761202;0.8587558491321894
False;0.22825338552199276;0.0009238986893417985
False;0.15416875276432052;0.004566160952345744
False;0.25069929466051954;0.0007105693817646559
False;0.15938664737460975;0.004402421286770365
False;0.2741767717238034;0.00036357009136453336
False;0.11918863563765743;0.008782479702545925
False;0.3502043900231569;0.00035665258617951335
True;0.003662883316812;0.16664417065262385
False;0.3028569816621972;0.0003583908223182303
False;0.07180868037476197;0.023165558388464614
False;0.15894903876808433;0.004401057706700884
False;0.21978712020791744;0.0009959894074030656
False;0.2401121101941425;0.001166695675745343
False;0.1850743093795237;0.0026193583599196605
False;0.1303366184273359;0.008157113351857846
False;0.11263593087413447;0.011266456659563134
False;0.22569543015777285;0.0011300114427542668
False;0.10431051819616254;0.012032469906896508
False;0.19287738177912395;0.002756623473473206
False;0.28203446243903024;0.0001326181388903739
False;0.10122212204298393;0.013293137962809011
False;0.21425807051969628;0.0012325563537680972
False;0.11292137929801664;0.010793809953558034
False;0.061186564700960934;0.029830121049707878
False;0.2927393392760348;7.037408401920933e-05
True;0.11258568488166143;0.011205024441239107
False;0.31002754580885666;3.268974500763981e-05
False;0.06290571868955738;0.029642716041583805
True;0.09908062648885493;0.013493477745705194
False;0.25471290509613037;0.0007642092960635362
False;0.1337115005123056;0.006980603617222578
False;0.17491875316416738;0.0030270639000185076
False;0.18879041079970518;0.002761298543868886
False;0.27909322076564963;0.0003508220292354213
False;0.14362314985057859;0.0051878093835484645
False;0.10138396432128921;0.013146140171198164
False;0.23771175268774103;0.0009782864662224585
False;0.07767799384318542;0.02193464858080462
True;0.06580711595713941;0.026955988169913136
True;0.016404469464224598;0.0877666062580066
False;0.036440865434109994;0.0519319584657451
False;0.2311725792248265;0.0008668174219767959
True;0.10916318129371844;0.011173969147780433
False;0.1496030320150927;0.004269342534496948
False;0.1402306978436779;0.005025596437616966
True;0.021555395618260996;0.07921002208649992
False;0.23879196311573195;0.001103258572673884
False;0.24686198537293516;0.0009755217784298894
False;0.14333033531924544;0.005032546723817613
False;0.29647400181704;8.00692042765739e-05
False;0.1495128982315378;0.004417436031258051
False;0.24782219686760149;0.0007382687995319918
False;0.11225418305692615;0.011187673708211372
True;0.05853454168995825;0.030801059727236714
True;0.054227305291531074;0.03578670563749574
False;0.2605846592775994;0.0001655444930787772
False;0.24702784330942837;0.0010414688177176677
False;0.1752440492574783;0.003099109493978691
False;0.23377739924065677;0.001046963767103717
False;0.16153835709070424;0.004565843160848019
False;0.19353213843393513;0.0026527760376150165
True;0.05516703629867426;0.034515998242584285
False;0.1383548943468286;0.00631823106649376
False;0.3353820409689064;0.0001918641488137192
False;0.25494040512933785;0.0008279197405883896
True;0.007994977625512822;0.12564603212006664
False;0.21921411906731975;0.001060411792135416
True;0.00035142500234169383;0.8475586136924097
False;0.14977057974749594;0.004437313283406201
False;0.15561735540245727;0.004225506918445506
False;0.2536985812586914;0.0004959549486957464
True;0.0027495473024970823;0.18862678912017758
True;0.054647759937221624;0.03512622006941282
False;0.1457966548542401;0.005242214987293237
False;0.2550043115133981;0.0006280912493397243
False;0.14416924862732228;0.0051763792370086515
True;0.06524867503670123;0.02800634267891277
False;0.18927140800750936;0.0025440262458772574
False;0.22066871949291933;0.0008863157333356981
True;0.05591250777251748;0.03290928137386633
False;0.18670706334021;0.002899491534831939
True;0.032585738708462604;0.058364636823758996
False;0.07770587525820001;0.021781775859653272
False;0.2747540432570988;0.0004075405082321328
True;0.0002823397668951786;0.738660051732814
False;0.11298173647845534;0.010452645072957137
True;4.302832021652062e-05;0.7487408929968018
True;0.27143990982990585;0.0004017838869464889
False;0.1581384245690399;0.004327692141625967
False;0.1619098506465813;0.0042230318245996615
False;0.10419287391758109;0.01194951114518971
False;0.2334727592423154;0.0010665540994781646
False;0.21032620946889702;0.0011924799962225064
False;0.1703933644646492;0.0035775513831675836
True;0.3285660473058887;0.0003883118732929121
True;0.046367936014333054;0.046861570407529
False;0.20808062382244313;0.000896902424837438
True;8.046573568146141e-05;0.9160328901319176
False;0.12669422707465366;0.008262672077207217
False;0.2527347331890978;0.0005428054716150215
False;0.1437560194468937;0.005186927990568709
False;0.20405935410656992;0.0010107911675530136
False;0.24953669186270777;0.0006340991375360404
False;0.21096380301410225;0.0011209349448565871
True;0.24655311383064857;0.0012279997790034611
False;0.1230788469616039;0.008779324853496289
False;0.18085505072546607;0.002621217908378984
True;0.011407942007565007;0.10750495455718988
False;0.13845930559709888;0.006489439320739903
False;0.14421179074098017;0.005342935686944298
False;0.2545423882152385;0.0007739253177069044
True;0.1437571309317588;0.005263953618927475
False;0.19737183056508656;0.0027111548242098596
False;0.321669258522991;0.0003042004027862023
True;0.00013042972844754796;0.9734408073622459
True;0.06845681111693443;0.02485980428846498
False;0.18862571491866237;0.0026436001101211018
False;0.12698168867742024;0.007992880814288113
False;0.20113885111783894;0.0019241909100316083
False;0.04604079672065755;0.046504130866093396
False;0.09544178761754327;0.013506775999784032
False;0.12559838819550265;0.008063401638140913
False;0.10790588355956486;0.011628482417864577
False;0.29281667736430844;6.432864912825797e-06
False;0.1669055716777417;0.003724388701441043
False;0.22471842016868826;0.0009357779804580798
False;0.1832212609954178;0.0025454474185596988
False;0.1402095103014965;0.005779852773612371
True;0.0003541764166679557;0.33932785266389287
False;0.15422565433625604;0.004319005154006842
False;0.16201243936775198;0.0042463274037163705
False;0.18976578471844618;0.0026311297672289213
False;0.2787373958081394;0.0004053751889105022
False;0.12088499419746421;0.009019336260001377
False;0.17694204374322722;0.0032870937720210127
False;0.20579247127097536;0.0009845482110813414
False;0.1844387066456451;0.002784494069391788
False;0.1005376153192696;0.013271533979457259
False;0.12560470298214724;0.008321987089583368
False;0.1123795904691084;0.011234006826517916
False;0.22122772760636877;0.0008876661451689845
False;0.1899020871749407;0.0029155737372392166
False;0.18005308957227237;0.002748611144957024
False;0.28678941844459516;0.0003267716794148255
False;0.10116882503825125;0.013076929241745222
False;0.13327728474045752;0.0070382409110292055
False;0.24027169708466908;0.0012097567269052714
False;0.13034451685798407;0.0071339355129693355
False;0.2818144603619844;0.00016254359690628093
False;0.279471570722275;0.0003417130414421682
True;0.23034866099152893;0.0008663202074774097
False;0.1858342456659917;0.0025544284253232693
False;0.2381909627997863;0.0011143200210838046
True;0.001080389604830035;0.20485262196250634
True;0.15569356589869313;0.0043340089553525005
True;0.00021329614132901983;0.5346274261224143
True;3.9613270536712805e-05;0.3107188836501522
True;0.00020332789561575276;0.8741273806719065
False;0.0556644322086298;0.03278207315241999
True;9.884629880987328e-05;0.37812353525693515
False;0.06574193576048117;0.02712426393623816
True;0.032354162708104595;0.05787293580130751
False;0.03271102206534742;0.05766126860093085
False;0.013846928580514584;0.09344478690965995
True;0.00022293732752847286;0.35816226177548394
False;0.09852645313690139;0.013663494900427606
False;0.030190773190814785;0.05955736891655312
False;0.038653923172796555;0.05082010748928759
False;0.03858429176062633;0.050801450815533805
False;0.0430133469992151;0.04827354927524824
True;0.00020548026512549658;0.35102428645304157
False;0.10889415497146587;0.011102755308395825
False;0.021088130031720446;0.07901259520112107
False;0.034715039187326636;0.0546045441360883
False;0.01885512249360387;0.08426201747151006
True;0.00029353420252099663;0.3575767578081631
True;0.03289364648148414;0.05796342816767672
True;0.0002197650127560704;0.9876768033860377
False;0.050390721411016456;0.038625165750219036
True;0.00011987850534163233;0.3447400651948102
False;0.07518397929565533;0.022886094140080027
True;0.0004100709364055076;0.3985808801794412
False;0.04733681348304859;0.0442097144199261
True;0.00016289649422629573;0.34780620469499623
False;0.06536912809251748;0.027754804124633638
False;0.08567385060969941;0.01855861194229737
True;5.103572653221556e-05;0.3004367002965976
True;0.000274487261571804;0.47884005048158407
False;0.023184357479441624;0.07142493725792873
False;0.034660187515117916;0.055476849815834894
False;0.029412426009682874;0.0628438735353547
True;0.21424189911954292;0.0008758420369908218
True;0.0003798850886196982;0.8301075640249561
True;9.182667531690077e-05;0.31880497302983873
True;0.00014611310412753213;0.9585806461447446
True;0.03806823769677899;0.05196593058159729
True;5.4151524816765415e-06;0.8263721626650097
False;0.17533029485229348;0.0032430502990713956
True;0.17320109720215413;0.0033236937359732033
False;0.08406613348473474;0.019118581298836812
False;0.141833064219267;0.005305748290755676
False;0.03637407035409402;0.052475935755916095
True;7.52188012916718e-05;0.3959131661526528
False;0.08118788581057482;0.02022646656462825
True;0.02788485011052554;0.06576934409307307
True;0.00031556804244998635;0.6660639941192676
True;0.00022582712152842182;0.31851812928680157
True;0.00036401433735516416;0.34145614372129984
False;0.02636735036730852;0.06653473204836995
True;0.00038407847961386104;0.3413213251880462
False;0.1302799578841985;0.00827142702798574
False;0.048861367820261695;0.04206866577291127
False;0.15610809480767834;0.004239940917799476
True;0.0028668254312265427;0.1967081605107414
True;0.000332582569118857;0.8213404983364486
False;0.013972205810952267;0.09467541889279937
True;9.488434790744838e-05;0.8591913043422066
False;0.01665315219982439;0.08740491481719535
False;0.09936063805933722;0.01340955732580986
True;5.497103289499506e-05;0.9195253707411706
True;0.00018942819241884537;0.3452530024107848
False;0.05023842849408328;0.03864129871534231
False;0.08815536088626545;0.01651898045877863
True;0.00019662829553842857;0.35778592644414986
True;0.00013090720527265628;0.3273262239523562
False;0.10135382968857233;0.012865661514856233
False;0.013388856925771372;0.09813318691930642
True;1.258011236430115e-05;0.8088517463398307
True;9.050522455638022e-05;0.3580625754355891
False;0.043818331045462504;0.04796263417368237
False;0.11412208884969;0.009577984013312352
True;0.11266071150530133;0.01112008110226856
True;0.0010097207506383362;0.23706773744576815
False;0.004503693135132088;0.1490350565798627
True;0.0473466009661639;0.04405146614257771
False;0.0860757452887703;0.01846859303313918
False;0.06536308719002369;0.0279959770137793
True;0.00011594401947931131;0.341666725599817
False;0.04594747262798035;0.047443262728276106
True;8.28757483350792e-05;0.2744677804392037
False;0.05218599584025966;0.03669358340674575
True;0.00033984546374461;0.3584784392680765
False;0.03804342708483013;0.052235075578596496
True;0.02280446883074042;0.07250572173129416
True;0.00031470156240663257;0.9810694737890886
True;0.0002698032874390556;0.37162752878421085
True;0.07519139322622356;0.022713778385546186
False;0.11266272362816518;0.011061250338995831
True;0.00038206769063171104;0.3485237130282499
True;0.027307286474875913;0.0656602759334647
True;0.00019033817851982752;0.8241323649669108
False;0.05218144760965218;0.03666303709916792
False;0.06528476641984116;0.027982278224424065
False;0.10539593595146725;0.011434321661851723
False;0.0904868014564275;0.015434543953641534
False;0.05598343818440147;0.03277903716868425
True;0.0002120779844019479;0.3780679288544309
True;0.052511278887925394;0.03662261455468564
True;0.044028168903006815;0.047499377411723415
True;0.00041420684699809907;0.7076592406053088
False;0.05341791346751667;0.036553112906566626
True;0.0003066981701855651;0.31066018743502755
False;0.0006635738046711114;0.24876394800560786
True;0.0003657360764400927;0.8388054090059262
True;0.011885808660368372;0.10280069219597016
False;0.0453673866252245;0.047329709690354216
True;0.00019188075035098204;0.7385044901764032
True;0.00012353407502736994;0.9270039944207922
True;0.00021439482523333725;0.32858679419172426
True;2.3276721590726543e-06;0.572890246204916
False;0.029870641710292373;0.061366483273053885
True;0.00033795657698790444;0.34546759818712997
False;0.0545446315078953;0.03528660644127897
True;0.0009178747689771692;0.24705121652355658
True;0.05571308463678844;0.03381177585951766
True;0.00010828280501205457;0.9243109288404486
True;0.00012726342302179545;0.31398073519213787
False;0.08205846389778756;0.02003083025731186
True;0.03262769370547119;0.05579668984450618
False;0.09564054524725164;0.01357289139483273
False;0.11021197947378206;0.011147887635502634
True;0.0029454942263514618;0.17303662326066913
False;0.014087022752681831;0.09323895899407805
True;0.0002401273726256573;0.8238854807975567
True;0.00012345306437181198;0.3913612920774707
False;0.05069216536438857;0.03861454264780422
True;0.0003543956431106329;0.3691043896427593
False;0.030183244028285743;0.05963554555424149
True;0.0003115141222207992;0.36738809741149936
True;0.14998722776310786;0.004266524551806919
True;0.00029686546836597415;0.3434822622884541
False;0.04941981573370738;0.04070761386263114
False;0.02823889483021012;0.06503863974411722
False;0.04348291827533248;0.04794870318156215
True;0.00035167106082361406;0.8308294910069837
True;3.547625744342679e-05;0.32598810054666166
True;0.33098152969900174;0.0003761842141271872
True;0.005218711073694521;0.14394241516391482
True;0.00015955994302035352;0.8291502686524176
True;0.000399587492031665;0.48690043918151416
False;0.02145962841811257;0.07900486581516429
True;0.00026322163640227935;0.316841259920247
False;0.004378790046349849;0.15950940630785146
False;0.049208390684832876;0.04135454515155512
True;0.00038606963604738165;0.3013208296224329
True;0.0004143468552134891;0.8174477238526087
True;0.06265471368050024;0.02948541015284882
False;0.012492429669442154;0.1017673319685032
True;0.0002262754214273677;0.34179647554875786
True;0.00652254437094803;0.13856879461832994
False;0.06138574262382259;0.02999211249157539
True;6.55134976043459e-05;0.3595625840500279
True;0.028628456631342017;0.06484201963285982
False;0.07213130106813748;0.023302486432054757
False;0.20477093921770537;0.0012152322837221355
True;0.0002250313730674332;0.6903333536340808
True;0.00016942759919654152;0.8141882592325804
True;0.00027334594417418467;0.854992289637432
True;5.665479469235273e-05;0.35137162691287477
True;0.0004025052143708113;0.8487647946786728
False;0.0045165623303227015;0.15614003278854036
False;0.020149250403252134;0.08156581548547481
False;0.02798316985942777;0.06529643652348463
False;0.005176928318202248;0.1440372389544859
False;0.027917145831625176;0.06548243323295974
False;0.011254315369597916;0.1102779464810911
True;0.00016633228468408167;0.33447778341987616
True;0.004542690891301339;0.16428940192889824
False;0.04530946267910512;0.0476212776947028
True;0.18869672830886586;0.0027917571032723514
False;0.07094317501442413;0.02328137195620455
True;5.475874339223088e-05;0.8346858504906953
False;0.01227044034427678;0.10247737433895304
True;0.00037928938644219416;0.27370718876926464
True;0.00017328201994533965;0.35125190758301983
True;0.00034502821242269585;0.8562125189268889
False;0.11369721586437638;0.010584795118084248
False;0.04819644626294222;0.04301598051290166
False;0.012731420942098906;0.10173103294727048
False;0.038057389940689114;0.05194552787428831
True;0.00018298199373914534;0.377779011613181
True;0.0002936144527850634;0.3341570676512076
False;0.05298596832272433;0.03637118431708678
False;0.03835319824069436;0.051840726326538696
False;0.12742394186247805;0.008043191117839524
False;0.030823481028532752;0.05922666653475703
False;0.013769768211131402;0.0998246304319034
True;0.00012250830244388175;0.30861775638858874
True;0.00032652351911450475;0.9163290510952499
False;0.08880380792747566;0.016109113042306566
False;0.08755155134022971;0.016550830507842326
True;0.23115785117264398;0.0008603836739281329
True;0.00019693425002824893;0.33395839500918767
True;0.00021734212973925553;0.3140152723437106
True;0.000919766071108199;0.24380955632255852
True;6.837980553662372e-05;0.34889129434508576
True;6.91600952579729e-05;0.647248556229302
True;0.05940901041877759;0.030403328908755002
True;0.00012161250143996682;0.612368126179102
False;0.0026954428292561548;0.18463992228730033
True;0.0001873545433509105;0.7309424299746877
False;0.10180310637145734;0.01258983107220264
True;0.05426729745358914;0.03549652426643724
False;0.01251771351126377;0.1022929910775504
False;0.0026181905483710073;0.18339917174687947
True;0.0003596380009073737;0.4145767528853529
True;0.00018789474696353223;0.8880995811079684
False;0.04366713573749854;0.04743028927798757
False;0.027847295347810625;0.06524935116618463
False;0.028067807471256336;0.06511292393908295
False;0.020077135295438572;0.08025307970674261
True;4.767143587200875e-05;0.8674018830952575
False;0.07761654495934679;0.022065093735852553
True;0.00030264457801856587;0.8828267866859174
False;0.0481602153200086;0.04286518584529652
True;0.0004148788910718643;0.8205794663128327
True;0.00019280365105435798;0.3576423619422563
True;0.0010631679235702284;0.20509041059408215
True;0.00020024083946571346;0.9357813886405936
True;0.00017264508166412143;0.846955266947646
True;3.751089951231096e-05;0.8684537266083256
True;0.00020659652148263228;0.8257503798009507
True;5.121150614762479e-06;0.39088577038698613
False;0.028606258678058737;0.0644212186842114
True;9.810752200133556e-05;0.9320443753523627
True;0.00039980464961306936;0.7947572220598327
False;0.0473424735318008;0.0438846164112012
True;2.834897361555051e-05;0.30043560122118473
True;0.00029362731219443114;0.5853966740657194
False;0.026865618955086143;0.06565028379572284
False;0.02946515271911701;0.06201758405734548
True;0.00039918130689306974;0.9341512299820209
True;0.0002551686523829964;0.8086870727328437
True;0.00014690225393144233;0.4057206233300153
True;0.00024381262290045262;0.724101736664422
True;3.964731551694759e-05;0.4316985870882517
True;0.03497714177929239;0.05554618977707752
True;0.00028118456470856975;0.3856440069922641
False;0.07143174381887196;0.0233941124452796
True;0.08008944823450796;0.02061785992278254
False;0.1135723511818256;0.010665993665285813
True;0.0003556231420336206;0.8292122922797782
True;2.3098576829323044e-05;0.8582432562505058
True;0.00015178712964927058;0.5330034402753562
True;0.0003722165737574272;0.7716229209934611
True;0.0006791076213603809;0.25530202983863115
True;0.000360302841039942;0.7884865422167195
True;0.07233167335892407;0.02290796822875378
True;0.000336643615346263;0.3414184076849055
False;0.013854150649357997;0.09416805633217365
True;0.05849230736026861;0.03237651817904253
False;0.03054989824586118;0.05856726581685017
False;0.07745231056329568;0.022061453967689985
False;0.08632108335202168;0.018189458182098446
True;0.0027805292553348005;0.19375209667773174
True;0.0002206495694885697;0.3637443460003111
False;0.01193173579188232;0.10454414942649502
True;0.00022588604454568524;0.4425500967389878
False;0.010168021679154426;0.11385264942159658
True;0.00032131244135875583;0.8019410968307641
True;0.00026822360796692024;0.4334559023602682
True;7.879649706841995e-05;0.3454623866380816
False;0.009115252396825965;0.12061338260725042
False;0.07760417009113088;0.02198602042871443
True;0.0280539379859302;0.06513047001600883
True;0.018173893226160004;0.08591801597813571
False;0.06392639139512116;0.028471421170428547
False;0.03276301680936886;0.05573444621223847
True;0.0003534048498307802;0.5891099490373883
True;0.0003413291274472165;0.35803011159853176
False;0.01357893866736676;0.09906845693228375
False;0.032964511182718835;0.0558813407588547
True;0.00036355066259733873;0.3678537190120285
True;0.0002915682714788158;0.7538614461021492
True;6.0066042094535455e-05;0.9895379976704461
True;1.5203111749432954e-05;0.9449292032432217
False;0.027944183002579597;0.0659193094003738
False;0.013876364095685174;0.09482225546466645
True;0.01305271687974121;0.10041896262831104
False;0.0030607850515758164;0.17548846771098098
True;0.00012574750463018665;0.27443552513542124
False;0.02136211109772171;0.07917605168778186
True;2.636947700136738e-06;0.3584138673303253
True;0.0002460587661788193;0.8905205468224746
True;0.0004093904033094195;0.8423818012730286
True;0.0003695001675769973;0.6630144544547336
True;8.184320547161162e-05;0.9142184151243512
True;0.005849478853023512;0.14016821589818365
True;0.00020633214304188662;0.7404680104295247
True;0.00019027533883473385;0.34858101697175664
True;6.4620655713867e-05;0.9483948467063334
True;0.0003514245850146105;0.39102208394361404
True;0.0003616123171942654;0.8186629031061421
False;0.013394322493354252;0.09964120950120565
True;0.00011422382998925953;0.7124848843597908
True;0.0002557653715668586;0.9299677820511453
False;0.04741086951273626;0.04385660459350131
True;0.0003139333617856524;0.9339629530559965
True;0.0003085083979582363;0.8504142578709437
True;0.00021108144911071897;0.9592000090851697
True;0.00035659714244471423;0.5547575571441928
True;2.3103006975556697e-05;0.7921419001498907
True;1.4989684114105275e-05;0.8274801602162484
False;0.004584694008523501;0.161536598575274
True;0.0004174033667688334;0.4041908560553614
True;0.000310113030491266;0.9697860645292603
False;0.011356133596420216;0.10763044244404926
True;0.00022614301401844815;0.4941445377337796
True;0.00010112768661293393;0.6131296545533382
True;0.06121020867710203;0.029832266584342466
True;0.00018493230066970692;0.6334739371723304
False;0.01302942799539155;0.10142016943520926
True;0.01600661324072109;0.08854427510645585
False;0.03282535715585567;0.05777036194638465
True;0.0010507863278488036;0.23231219350848928
True;0.0001913040962322026;0.9398692102150095
True;0.00033591073262155736;0.47062283142654915
True;0.00017144525386822527;0.7386731639702182
True;0.0002751058174051943;0.8159114329185074
True;0.00028993351166887684;0.9341869033163047
False;0.10186371760967906;0.012872223471021781
False;0.035363438125781924;0.05465814789058985
True;0.0029992993301216435;0.1771120094873804
False;0.046969130715969934;0.04584113351093535
True;0.000322902303191233;0.5274552139173008
True;0.028328147871414838;0.06548254805014589
True;0.00024595578129307344;0.7820491469648552
True;5.8374285597019694e-05;0.35506509014656384
True;0.0003185376383538428;0.8588219084083566
True;0.0003817713695810928;0.44763822046585783
True;0.08785715231809796;0.01660885192996205
True;0.00016980601180398563;0.34340836151462173
False;0.05419466510068798;0.03517569942851593
False;0.09055064660617937;0.015153935570518823
False;0.021677922952094024;0.07921927875883007
True;0.00022208282988496673;0.6565037738085715
True;0.08407162767856491;0.019189940332124976
True;9.214973217874019e-05;0.5802788955103241
True;0.0003025198937147888;0.3521371792056583
True;9.152462740600005e-05;0.4640526726650216
True;0.0001786221810223811;0.5624071004632699
False;0.0010076375273312906;0.22799000348479467
True;0.0002725036160216619;0.31709349910841855
True;3.252557765559093e-05;0.9905592703621693
False;0.061159288245612196;0.029897611110326287
True;0.055882844982397394;0.03274023561408498
True;0.0004089817068163065;0.579235429306906
True;0.06426176375721712;0.028781641547027895
False;0.0011377934617476844;0.23139624740352557
True;0.047477801713802545;0.04409473043082712
True;0.0003035123167838394;0.9676241914697815
False;0.013236714868955914;0.10038205089280104
True;0.009169028246859594;0.11809518465053297
True;0.01416680428537516;0.09323570738523082
False;0.010706183921789202;0.11329201369525908
False;0.23395796320864543;0.0011415292953596808
True;7.967752540765417e-06;0.8076653414434068
True;0.00040238960878424064;0.4130852451425668
True;6.0624588932332624e-05;0.3984109611757524
True;0.011595183514449514;0.10605999354215565
True;0.0002647783740865715;0.49539006066106117
False;0.014176417450020523;0.09438752241827052
True;0.0001274555920952989;0.8559041207314689
False;0.06651500227301971;0.02643960266946457
False;0.006875826230561241;0.13301608057593645
False;0.03274964419429719;0.055853520660261086
False;0.015064838735256351;0.09066302875825367
True;0.009008777368900532;0.11986308383106258
True;0.0044430115744790435;0.1644956257315954
True;0.0001576694082461648;0.8874678101669977
True;0.02729674688763574;0.06582577733589451
False;0.11026013744604297;0.010936106307200303
True;7.942660691793009e-05;0.6492159848062531
True;6.47982409946995e-05;0.941144089147499
True;0.04384156553741985;0.04731519627509086
True;0.0002809119859683884;0.9257703767276665
True;0.00039758335416640456;0.6318353727007467
False;0.07068823831821724;0.02312550604372346
True;1.095628810178759e-05;0.883971356838563
True;0.00012150457768963103;0.937747822632442
False;0.03881640093822658;0.05044150622679318
True;0.012342837067931165;0.10172382438595531
True;0.04702999002667966;0.045931991566544074
False;0.08262951932442358;0.019293140818208623
False;0.022896344336687788;0.0766622451945699
False;0.07481934930999377;0.02292160948578565
True;0.0002841430599962729;0.9339649452489621
False;0.0042036471287885974;0.15546569628925816
True;0.048308991991965644;0.042844174599853534
True;0.00039158065999859943;0.5277333064303129
False;0.01873615415844884;0.0852453521314008
False;0.05927246049269641;0.030104260826628426
True;1.1011442742812339e-05;0.333528481514273
True;6.701918130133958e-06;0.33426670969633754
True;0.12213728835397941;0.00915567520331313
True;0.00011666492364644003;0.26762789611998195
True;0.07291216871781574;0.022638926606767994
True;0.00017564309538001472;0.7393936916897798
True;0.0027786246236433847;0.1870424965123765
True;0.00023705519967160188;0.7808132224028299
True;0.00041183965301575014;0.3256376657013084
True;0.0003519407617365912;0.7971562954490734
True;0.00025927074108791405;0.8361941390035524
True;0.00030051564296012563;0.9014647378832505
True;8.382137358439146e-05;0.3491029329442662
True;0.00031184173014810353;0.9760362077552501
True;0.00015159233848559343;0.4617447261141847
True;0.00015235182580378848;0.7958309783513987
True;0.00032491109092546284;0.8739284978995273
True;0.0001915329287716689;0.8982103492421426
True;0.00035479261480033926;0.9618005800699053
True;9.9394077958704e-05;0.44365601530706195
True;0.00016815124621746884;0.8396409671149875
True;0.00024956811406357324;0.7719280534059321
True;0.0002588910087842474;0.856232361861758
True;0.00038395195801294284;0.3908120988891515
True;0.018673400906730232;0.08558442078520867
True;7.100834766498699e-05;0.9518214901407847
True;1.4177181779265732e-05;0.9533548606880685
True;0.00019593406090374237;0.7139819233617507
True;1.0727538090540381e-06;0.5558538278501668
True;0.00013375414253958623;0.6145578440694617
True;0.0001253327985461256;0.4986725092297509
True;7.12071421278172e-05;0.8897090979434039
True;6.961070762661081e-06;0.7389077232081732
True;0.0002118776440950784;0.8397371410568734
True;0.0008414156051452256;0.23857191750227266
True;0.08722519528962162;0.01652478632297086
True;6.424112376782758e-05;0.5857869172980767
True;0.00010891137915857754;0.9493655475464561
True;0.0003213762152502346;0.8875672963007958
True;9.776600700495126e-05;0.5747839934390497
True;0.000383627038766639;0.5328483319659972
True;0.00012980146504210002;0.6044366979568147
True;0.00038328640425753195;0.35754134627037454
True;0.0001502146832484845;0.6369181308182115
True;0.0005515155955319426;0.2566615351967688
True;0.0003438062899263946;0.5803958746320197
True;0.0003974028470854098;0.3633157180163921
True;0.00037654472006884264;0.533938348395414
True;0.00020898511020736718;0.6444599753484246
True;0.00040752775790384654;0.41603749245281957
True;0.09914345101894902;0.01367874502638234
True;0.0003793864649189101;0.7885319499612298
True;0.013732944482157151;0.09540322172193733
True;0.00015631922476685832;0.8783148823302307
True;0.0001951781743651679;0.30698877453024165
True;0.052684695705079644;0.03652977084344095
True;2.26903922761416e-05;0.27928497703866706
True;0.0002883567620880943;0.36405924822752755
True;0.0003701121339733115;0.9913402928697321
True;0.00023461292808129843;0.527270727067122
True;0.000343141824662617;0.9361298961560904
True;9.244727727518096e-05;0.4642365287201996
True;0.0003391361468966526;0.5903827131472182
True;0.014954876513309723;0.09032835732657322
True;6.61900644036138e-07;0.9272665931017869
True;0.00036041179109537567;0.8702367950755638
True;0.0050513131899297984;0.1428726006529825
True;0.0001596205021443516;0.9271835106190374
True;0.0003586835736550969;0.8833471583405077
True;2.517231172539921e-05;0.8590425426033319
True;0.0003079356271674084;0.46403606917428014
True;0.022903369404963868;0.07520773822091029
True;0.00029813426017364974;0.918870316228688
True;8.613254822121401e-05;0.9457829277051866
True;7.676248729254549e-05;0.43174609227787053
True;0.00041367046322405144;0.8558672379708443
True;5.977218114530441e-05;0.7534695346862634
True;0.0003324281026945132;0.8948579550505933
True;0.014002638508476562;0.09390739127759078
True;0.0002656121447826104;0.34803172754665246
True;0.08584421879146802;0.01805464268044233
True;0.00010974467703456623;0.9347691698481104
True;0.08816199951840722;0.016603139985741023
True;0.0003261566058755877;0.6622744725951027
True;0.0002816715594295003;0.8431271891969299
True;0.00018334952215526206;0.7570649398811116
True;0.0003574327969340527;0.4761580835194287
True;0.00023029104736836507;0.34535622380030806
True;0.018847731005796863;0.08414858055731687
True;0.0001797656036307052;0.7008414815982904
True;1.856994206331489e-05;0.36509848318136007
True;1.1363923939242188e-05;0.8035082096023443
True;0.0003631208417235978;0.33540468165069637
True;0.0003974912026124925;0.35987015568812625
True;0.0003671782682749533;0.3741788674905827
True;0.00013587586580359829;0.9674431945769911
True;0.00017047993886736527;0.5218615069190518
True;3.8596797515975806e-05;0.496323232191475
True;0.00032888181403129734;0.7164328221953425
True;0.00029239438068633995;0.5587919332760922
True;0.0003928194254610913;0.5556276650569167
True;6.742870086383992e-05;0.4063340364165562
True;0.0002455147926641844;0.9873808614206877
True;0.00013226651847662464;0.5528745061375994
True;0.00015894667539115515;0.8359911805753143
True;0.00029522740114003006;0.9540225282791046
True;0.0001563388561710575;0.9327001288256314
True;0.0003172192417940467;0.7794627599160201
True;0.03836118847059247;0.05212782186187561
True;0.00035268916752394605;0.629675428694365
True;0.00037244187320047264;0.9199454503941252
True;9.863556780137671e-05;0.9212428808159919
True;0.00040221008789244995;0.8593983790828222
True;0.00014173386144928097;0.323822722013599
True;0.00012603075033450784;0.6707750146066798
True;0.0002362220541347169;0.6953415810972253
True;0.0002841663396928329;0.4992997426560732
True;4.300237570240407e-05;0.48856234123697917
True;2.720348215147967e-05;0.6536923306614658
True;0.000408036840126266;0.5697976572609862
True;0.0003468905188391475;0.733744057749283
True;0.0005040868236098339;0.25592657759689735
True;0.00040951190450323836;0.8481814011171064
True;0.00024232985925512205;0.7493894768300483
True;0.00029150635216326206;0.9340984561680702
True;0.00020952792220059883;0.4896344480153257
True;0.0004094992535806283;0.3895344873678532
True;0.0003946458330817185;0.7300839870059059
True;0.0002348499306399484;0.4473074960255194
True;0.0002989439647694563;0.8803262554174528
True;0.0006584470801376802;0.24748766871733416
True;0.0003317367927547005;0.8162270509027809
True;0.00018647671795233252;0.9448978653516641
True;9.807184230728553e-05;0.8023407228581114
True;0.057488251449881685;0.03297237257593408
True;0.00020725553292098078;0.3657328599666589
True;0.0004086870506158445;0.28755567910288227
True;0.00015768582805064012;0.6313812527135116
True;0.00014560694345165624;0.5620901472194227
True;0.0001704322702866172;0.38985742740617346
True;0.07696134726829919;0.022777825557611573
True;3.478229444036794e-05;0.7263532021979552
True;0.056925565624603366;0.03282759822389683
True;0.00012868707324168797;0.39910603313126913
True;0.000389578171160515;0.258862064081812
True;0.00040397605392611033;0.347911749469678
True;0.00010987611231127336;0.9203285556832052
True;0.00017419041834398224;0.7538468872319979
True;0.00016981453816394614;0.3296728194899898
True;0.00508137688957957;0.14405629393248742
True;0.0004059420157685475;0.9793996148524092
True;0.00031748828861908956;0.5403668407885575
True;6.991569994876775e-05;0.8070289804538852
True;0.0002692357418657504;0.5750269550441431
True;0.00018903005976088843;0.5247379912655857
True;0.00024155705659491177;0.9493235200725864
True;9.151503859228527e-05;0.45992488963300204
True;0.000280656105921513;0.9216023445337594
True;0.0003566113050662831;0.7970017487117683
True;4.0929553015912876e-05;0.8840877617355478
True;0.00031369212978750064;0.9536473755126706
True;0.0003805111213949694;0.9340508025586521
True;0.00036302533520369255;0.30848771344319414
True;0.008283652410383821;0.1284957997107573
True;0.09056316180963375;0.014727082233328852
True;0.0003291047391638706;0.5614629615477226
True;5.038653748074304e-05;0.9564707474264049
True;0.00027146494964098793;0.8138820239609009
True;0.00011622846101415793;0.848080293251699
True;0.0002842057442833707;0.5177394862239858
True;0.029482000360319068;0.06180186454104136
True;0.00026069702544315756;0.7942560152541478
True;0.0001667293465110932;0.6699978594111458
True;8.010405619920657e-05;0.512165212053426
True;0.00032810490978595633;0.7110051035555879
True;6.139195029145483e-05;0.3000557810846453
True;0.0003495116422104552;0.9429345188020949
True;0.022363518902079958;0.077462529698543
True;0.0002092356671449196;0.8411034576220835
True;0.00012817636985678292;0.9011233056570515
True;0.00018669637635497345;0.7999799365917999
True;5.6500257374658916e-05;0.3599996553948983
True;4.6232751834019196e-05;0.3435611031938993
True;0.03278339298621959;0.055795419865165355
True;0.00029046799373760553;0.3730063306824817
True;0.00028167659216930813;0.783105883568126
True;0.0002162038291407034;0.8143214128655735
True;0.04459086941079818;0.04732027455245265
True;4.288037982027103e-05;0.7982238088275488
True;3.580487104267633e-05;0.314433191084028
True;0.02496672322082164;0.06848399144467832
True;0.0001943822534752098;0.9416187863813718
True;7.984907508240866e-05;0.9816819642548665
True;0.0002474215392792134;0.9434415150880098
True;0.00023902767617251783;0.32565073816102025
True;0.00032424666166038803;0.9354215560887413
True;0.00023355570209545256;0.8361940119684802
True;2.4933446920347925e-05;0.9017707476563882
True;0.043607377298129905;0.04732147478650581
True;0.0001811068670186811;0.9759366660344646
True;0.000165925807563374;0.8194275040304921
True;0.00010765009225490967;0.995175231343483
True;6.727611538985521e-05;0.8741793456973324
True;0.00017671709938837918;0.8984713687645088
True;0.00012672914491277106;0.6103184586729118
True;0.0004098482831950458;0.9803694701945979
True;0.0001904246865870983;0.8562537855055485
True;0.00023117442734892736;0.8153374975084988
True;0.019019893537683505;0.08465255751813913
True;0.0003652325216389802;0.9517033476355876
True;0.00024537867935042426;0.9877040247755665
True;2.237598127558243e-05;0.9410123390066938
True;6.51423566971617e-05;0.4676977720593673
True;0.0002220982606436285;0.9699632155170244
True;0.0003518975092101773;0.838734594864193
True;0.00018811417866204007;0.6781953484826264
True;0.00034524394979255435;0.9236752465929124
True;0.0004112203435847101;0.29833573352549136
True;0.08595668791726443;0.018618005756819742
True;0.00019818948981754062;0.8796979995023679
True;0.00015832060232664647;0.9493448493678067
True;0.00017718798189660115;0.8881856953071519
True;9.114206979713649e-07;0.9450008823148044
True;0.00011528249141559703;0.595638832879218
True;2.211908090644252e-05;0.6537440644300081
True;0.00018860141383459194;0.4597421859630805
True;7.017140085173625e-05;0.9531777949921698
True;0.0001656364839674766;0.8061317859800755
True;0.0003527755718822756;0.9199796589755513
True;8.153245929261985e-05;0.858582647345459
True;0.00011994372842873153;0.870623837864806
True;0.00017868608733861296;0.8736300012114904
True;0.06564224667851046;0.02778843652030266
True;0.0003830038232125622;0.9518272109516607
True;4.4675684330026214e-05;0.8595501814886247
True;0.00013155395837572133;0.47830307205863765
True;0.0004062674097498703;0.30701684860024603
True;0.0001301955162008197;0.881998452249781
True;0.0003348428504503497;0.9642529239562548
True;0.00015043584521367287;0.48894670658004524
True;0.00010277394147476406;0.9912647358823731
True;0.00029259363283862705;0.8762023218588584
True;0.00013569942157429457;0.9364166130790909
True;7.502575130429136e-06;0.8677829050759265
True;6.155036663314692e-05;0.26514907461603476
True;0.0002693863487588254;0.9270424857845849
True;0.00034287814477163795;0.8706950196178235
True;0.00018315702625082298;0.9858956489462283
True;0.00021912194042446494;0.6090379874198782
True;0.00018332656627478906;0.8829192388612084
True;0.00012299141157960493;0.858850722022169
True;0.00015022908120830756;0.9339321256286686
True;0.003719637117683918;0.16653404110129338
True;0.00037935052312882436;0.9175234175160661
True;1.5472864379239548e-05;0.4035707692357844
True;0.00029031703437532914;0.35686924721129804
True;0.00029639167993809293;0.9973992096792711
True;6.898685069702752e-05;0.9451536910494641
True;0.00012372472156838392;0.30285133535295994
True;0.009147145224879593;0.11549766888290412
True;0.021975061158151173;0.07836882550999974
True;0.00013574008105422588;0.9346910292037844
True;0.00016540483415392726;0.8040754760055425
True;0.0003416117133835444;0.9381260333879912
True;0.0002938515391058819;0.699260731325405
True;4.8500204229358414e-05;0.9678011501457644
True;0.00010147555713448415;0.6952777062774372
True;9.693277794466874e-05;0.6566349798358699
True;7.867435591286141e-05;0.9493086336534913
True;6.088046909309949e-05;0.9485086123784853
True;0.00026284449055536573;0.47507314212989027
True;0.00013977338513283832;0.990596579917837
True;0.008208539280118929;0.12576721980920075
True;6.849064782726929e-05;0.7244475544756666
True;0.00036052206058078946;0.8024816688164665
True;0.0002729139814245668;0.9675985971571784
True;0.000371735488110154;0.5329126486448951
True;0.00023890673575408688;0.8489321142705112
True;6.417781339332735e-05;0.9593494143440173
True;0.0002491959368223286;0.9335670389122458
True;0.0003766811425855011;0.9399795224363301
True;4.253935890996383e-05;0.41371355697198503
True;0.0003410359048976224;0.9875288512043771
True;0.00012018694044476798;0.914471221183732
True;0.00021574692718023008;0.7862760991039781
True;8.099314261032158e-05;0.9555560571038851
True;0.0002364463772393302;0.9886939497066107
True;4.46308459734425e-05;0.9336212772228766
True;3.652234659481856e-05;0.704841134879262
True;0.000232488878406334;0.9322722214233378
True;0.0003562984359779207;0.9201127765133056
True;0.0004087169762641493;0.679855880051696
True;0.00017131453060705967;0.8595039555371609
True;0.00035595817482749246;0.9755308120149692
True;0.0003517316361214488;0.6992038351396241
True;0.0003232681635956922;0.9835468851304388
True;0.0003871204449442366;0.3936492708127772
True;8.281771796401145e-05;0.933845863265588
True;0.0004075230463143657;0.934406414973641
True;0.000173714530535961;0.4672233227730097
True;0.0003394610311515406;0.7336535310471222
True;0.0002969962542311523;0.8477907720724689
True;0.00015973433364474475;0.9629550536902366
True;3.551309772486335e-05;0.49401768238881155
True;0.00014313906087587956;0.846741753165279
True;0.0003703545169128177;0.6143899977146102
True;0.00040903743407427415;0.9836518907527527
True;0.00011424296853347907;0.8164079165446072
True;0.00017406686972932028;0.46137564924581276
True;0.05397661405254953;0.03524562532773247
True;0.0003890018905514083;0.8166534492190878
True;2.360193722395178e-05;0.9451287235262467
True;6.405495095416166e-05;0.9909162066839012
True;0.0002108799118983299;0.7920791744782619
True;0.00019993693428909182;0.43202796793264303
True;0.0002628019595788628;0.35194997527303756
True;1.9134565236037273e-06;0.8588699045774169
True;0.0009826240285699644;0.22809866045939214
True;7.184498186499224e-05;0.7894059511071708
True;0.0002359889211711407;0.9893279703464641
True;8.942216953017328e-05;0.8758056255898076
True;0.00041180361440962347;0.8462555995291221
True;0.00015269288703184008;0.2588297440845426
True;0.008838122035605508;0.1229964048605289
True;5.0695166353338665e-05;0.8210057381013672
True;0.00041472617682717093;0.9676530699631493
True;0.013643728975652775;0.0970425101071686
True;0.0002760547242693447;0.9876545151784233
True;0.0002959653408896519;0.9791281911861011
True;0.00030761711253551367;0.9608724061262789
True;0.00018443231359262395;0.5665372696398118
True;0.00041585935666285423;0.9108522551031141
True;0.00039530646159022616;0.6150227852082535
True;4.403962304204579e-06;0.8758725588446964
True;0.0003637470139259493;0.9210924019345387
True;2.9508649005377742e-05;0.9557853452977194
True;0.0002096923262364527;0.8838403707741224
True;0.0003375337698785944;0.8262825771026606
True;0.00019176252749171862;0.9340862569614148
True;0.0002634386312149402;0.30878345612991404
True;0.00017611290854428174;0.9774972856690004
True;0.03081381988408185;0.059171032507029556
True;9.756179503370183e-05;0.9228697802074558
True;0.0003494071572483722;0.7165620010136415
True;8.234953128093661e-05;0.8138558773140436
True;0.0001946998267465854;0.9929876068621774
True;1.3594243817138319e-05;0.9210660286920181
True;1.5097543219376031e-05;0.9298151689304406
True;0.0002995567026128166;0.714772793788482
True;0.0002704147310434531;0.9539345868408644
True;0.0002462351362340393;0.9260045726328527
True;6.622942975900912e-05;0.8663148813305209
True;0.04652955943507652;0.045996950858344474
True;0.0003616708225009523;0.5843303152219194
True;0.00018452728514734733;0.8608911282082455
True;0.0004128998222292268;0.8409161470798111
True;0.00021349506451421777;0.90111521725148
True;0.00037916752807944456;0.7995961281182065
True;0.000312666830210152;0.8060889493495775
True;0.00019388412381198293;0.3436406449554766
True;0.0001904924419574427;0.8483384070283374
True;0.00028967078507766386;0.6144520358629362
True;0.000404075983217171;0.49887749092926614
True;0.04651216895623621;0.04652695549582793
True;0.00037914985157475734;0.4572477996690222
True;0.0003068447603549673;0.33370709192695386
True;5.8889982443981235e-05;0.8231355329313255
True;0.0002738234819141156;0.9414331505742402
True;3.793728680666906e-05;0.9811773015367548
True;0.00016814008149435838;0.943186433404285
True;5.7903998926617955e-05;0.32151824123920225
True;0.00013021511704728312;0.934884444025565
True;6.790555187692496e-05;0.8365580891145099
True;0.00010284087186194765;0.9015507287566724
True;0.04761330509421561;0.04420919678125562
True;0.00025356793330392254;0.9754108668977072
True;0.00017545664114441075;0.819990635734274
True;0.0003570524824966441;0.9949907194803934
True;0.0001007114395146034;0.8741014120492777
True;0.0002956675683743322;0.8976869170237112
True;0.000313671118891963;0.9271233367925527
True;0.00023728065833631667;0.9808258794896063
True;5.267353697263506e-05;0.8562395959283147
True;9.069799289507227e-05;0.8154714812954924
True;0.00023208400544577672;0.9392351204569742
True;0.00027323227563764383;0.9515377367794772
True;0.00010614491564921024;0.9878014209750252
True;4.4546487250964074e-05;0.941320461618765
True;0.0003902320854440231;0.8637780598889087
True;0.00040121195141223643;0.9702688409024486
True;0.000339017103511026;0.8390484687048584
True;0.00035995906261134;0.985717498095818
True;0.00014176648825311197;0.9238721155186735
True;0.000265870546709455;0.9518888449456454
True;0.000273189621489294;0.7615981709625667
True;4.841366834503961e-05;0.8797055013866261
True;1.1993216564720738e-05;0.9490208878179208
True;3.165127137071744e-05;0.888169063232119
True;0.0003335772168942045;0.9449523979563468
True;0.00027055964379252994;0.8875854477104215
True;0.00025589351225209625;0.8890150411606499
True;0.0002756495437620019;0.8399141970984778
True;0.00019850502661564764;0.9532131424495296
True;0.0003528892990744908;0.8202138002159143
True;3.818493660736455e-05;0.9201642393501751
True;0.00015147098063307538;0.857955325370496
True;1.1567045650145845e-07;0.8710052544965272
True;0.00037848834954267905;0.8738646536304793
True;0.0003030903059250306;0.8243690190223437
True;0.00038525128562796646;0.951662948250829
True;0.00020434757292327687;0.8593795824758899
True;0.0003969187999572587;0.4924586691298298
True;0.00039647740190691644;0.33018940855233214
True;9.944656352091115e-05;0.8821119150061885
True;0.0001479695360583236;0.9653866277239459
True;1.91584738341988e-05;0.48897477668601
True;5.89770721077599e-05;0.9915222476716782
True;0.00022858492557892865;0.6999569002148367
True;0.0003772093556098132;0.7778855566187565
True;8.896702580010637e-05;0.8672638256841334
True;0.0001680422269450507;0.9300159653169497
True;0.00040466753150974864;0.9272140669131897
True;0.00012169983128877095;0.8699129099542187
True;0.0002948061527100711;0.9858027229803107
True;8.01363637290374e-05;0.9560096559661972
True;0.00015206893977394247;0.8828885231085216
True;0.00040169770505658144;0.8590824413020681
True;0.0002710836412894023;0.9327364699403824
True;0.0003817068796125859;0.9733727054321886
True;9.528511135190935e-05;0.9173220993350313
True;0.00019513215813440345;0.3595877992763637
True;2.8166176330530842e-05;0.5571405474897207
True;0.00040848649210002144;0.9971343341202052
True;0.0003627825392348687;0.9450299016873455
True;0.0002867330428138288;0.3311094099299945
True;0.0002230476519455005;0.3411779087223845
True;0.00025299812077938014;0.8266906961852334
True;0.0003416153015051185;0.9341651762748456
True;0.00015659541595849078;0.40220641803697266
True;0.00024559031811712586;0.9379161434735296
True;0.00039177042212739407;0.6185018303221703
True;0.0003680630175859753;0.9676754930811827
True;0.00017511282434442627;0.9690902540097979
True;0.00018881184670941294;0.6567158996729371
True;0.00020958149398064428;0.4129835068162771
True;0.00023646309791164373;0.9483606189325416
True;0.00027992956359822673;0.39401800896284656
True;0.00035394646829828313;0.9905360975861462
True;0.011366358225913305;0.10468814260468473
True;0.0001287858918521197;0.7243681535521981
True;0.00011766758459423031;0.8020409543125898
True;7.693652054658217e-05;0.9674867302610872
True;6.116219728128337e-05;0.882905839945865
True;0.00012648657897949023;0.849767210972442
True;0.0003125393112450249;0.9597768181860687
True;0.00030326968160897396;0.9339097437734678
True;0.0004157667514117099;0.9398886873260444
True;0.0003849590873457888;0.7794127747044733
True;0.00016755222237827957;0.9873467827244857
True;8.347248266111899e-05;0.9144555307153592
True;0.00011860857691231414;0.9691155901721723
True;0.00010196883388550117;0.9550896510806757
True;4.016814054270499e-05;0.9874941640707907
True;6.467300239761589e-05;0.9336393834206841
True;0.0002545213859756103;0.6143186163278174
True;0.00023891657195334492;0.9326714772272039
True;0.00025186658629901054;0.733175771517483
True;0.00040357563425615995;0.9558975121253185
True;0.00012626168908689647;0.8591810378260373
True;0.00021864793499023973;0.7734057974340317
True;1.79189558007587e-05;0.9875843819430552
True;0.00010600312913277443;0.9824767315302564
True;5.6336616528742586e-05;0.916307304468913
True;0.00026812310975908615;0.9337726136978804
True;0.0002044842749489998;0.9346931102189976
True;0.00010117143707670949;0.359551698341825
True;0.0001379211595466254;0.7339156025161722
True;0.00021202735907879816;0.8472897215733131
True;0.00018496801343547092;0.962681995910825
True;0.00014565686945755942;0.896104335806805
True;7.593776711685899e-06;0.8469819521855197
True;0.00018830986178721315;0.6144300521031252
True;0.0002767741381975963;0.9842260277883692
True;0.00025695109458036047;0.5222696132942314
True;0.0001929715548133949;0.5982547256023942
True;0.002218529577939488;0.20002293010337296
True;7.472245515109224e-05;0.8161304237528193
True;0.00038586941026452906;0.9451873468707964
True;5.9610270749143374e-05;0.9915229795179695
True;5.646281229665735e-05;0.7918978910434598
True;0.0003440293388082812;0.8588177395111893
True;0.002718634973091917;0.19140839072948135
True;1.0195733291425909e-05;0.8590362441227218
True;0.002859911830836422;0.18606625951000116
True;0.0003047489726017687;0.4290222407420135
True;0.0001632864682948846;0.9163771646079378
True;0.00023989792234179488;0.8756219412603741
True;0.00022510168165087107;0.6201710029118828
True;0.0003259858198435173;0.8648338591929663
True;0.015252958553002991;0.09031431814872688
True;0.000191818913974542;0.9674622023799782
True;0.00030224312889142526;0.9674391655895294
True;0.0104661006810285;0.11381586357815435
True;0.00032837712932378397;0.9877707654397775
True;0.00020155221093943955;0.979363275481849
True;0.00035414303203012135;0.9607708626822271
True;0.0001695249237430719;0.36387018803005866
True;0.00036716485689697987;0.721319494636006
True;6.777774864075043e-06;0.9451183614601893
True;6.533934630728627e-05;0.8762849536789997
True;0.0001597008608756172;0.9225091227364979
True;0.0003597110651849548;0.9565050189443838
True;2.437619507752072e-05;0.8840567759739275
True;0.0002368266721891086;0.8261324620729544
True;1.688428143175582e-05;0.9344074732387031
True;0.00012954385819777768;0.3304360315745185
True;0.0003527844139859057;0.9770638502514095
True;0.00012275653572567006;0.9492471556313707
True;0.0002680046266145792;0.9227603695929425
True;2.9174807213278752e-05;0.9560610290185078
True;0.00022821911469034036;0.8140135450350319
True;0.00017968485903561727;0.9930112326738665
True;0.0003436508556290106;0.9202899633967662
True;8.526776711157636e-06;0.9301295380514778
True;1.3528353742809953e-05;0.9816466902835127
True;0.00031947286004137325;0.8589110056541369
True;0.00025227282249526943;0.9265236205790808
True;0.00014195721852499477;0.8664754891339798
True;0.01908950039762834;0.0842506252940605
True;0.000416038187838254;0.9490710736449677
True;0.0002134387228648812;0.85997070961013
True;1.8199160902411796e-05;0.8411944804116789
True;2.5631271993025195e-05;0.9013763534696645
True;0.0003503979412508763;0.5751429315994104
True;3.008258675974658e-05;0.8049055514734971
True;0.011622493473310595;0.10551888216558213
True;0.00019146316034288934;0.8483980791565596
True;0.0003520290642994333;0.5867422916459683
True;0.0003930580838367484;0.8395579109341496
True;0.00038052980017936944;0.9266732478953035
True;0.004352563149136086;0.15599233275798075
True;0.0002705263306030551;0.6046580219965565
True;0.0003000180754661106;0.8090508932941705
True;0.0002297189326207519;0.8399453057097902
True;8.796559485387441e-05;0.7920693023960813
True;0.00019690408836816847;0.3215820451995955
True;0.00010762133799118469;0.8591001422113342
True;0.0002671796123342774;0.4476052722083406
True;0.0004040367127432247;0.9017200493824774
True;0.04333913986598666;0.04779403650264558
True;0.0003071774896912338;0.9141949829989001
True;0.0001755071655834405;0.5215657830897351
True;2.5643272785490924e-05;0.6344636010943545
True;0.0003059584606757295;0.6353398742480524
True;0.00012775638139723948;0.788791337277719
True;0.00018051004695354619;0.8989120535608511
True;0.0001303636339330516;0.6429130105745916
True;0.0002678153776076213;0.5516579488945422
True;1.849121420132085e-05;0.7679816934459596
True;0.000363728022744049;0.811169102191896
True;0.00015601017660480038;0.9309959296440069
True;0.000371522339799464;0.8383946184569787
True;0.00025625863592827525;0.6771984820543738
True;0.0001410759916449852;0.5942692000269957
True;0.0003117663607838062;0.8179950121608444
True;0.0004066239532692538;0.6673183678227116
True;0.0003868169578537871;0.7264918688828547
True;0.00022579137921420833;0.5709876851304847
True;7.336503539193392e-05;0.6828479850498109
True;0.00019603491323663246;0.771754826485881
True;6.738597943061786e-05;0.7423694342462445
True;0.00016854513857019534;0.457346602710296
True;4.9824440936418504e-05;0.6919688550709737
True;0.00031400246540219873;0.6703315951618339
True;0.00015916416329568624;0.8944708889090909
True;0.0001442247225300203;0.7392125397521334
True;0.000384309065593117;0.6488770079376492
True;0.00041452045479959673;0.7135409993164115
True;0.00012583955548352074;0.6144416118399476
True;0.00036416032288842616;0.8242130562594696
True;0.0001335552296043586;0.8542441663521848
True;0.000381010744137764;0.6183503671413095
True;0.00024399978181492506;0.6330826755207801
True;0.00010228917743042138;0.3304009075119254
True;1.1505492105600699e-05;0.616450720176195
True;0.0003992245669861753;0.8853211497678635
True;0.00037836838268838556;0.3893008819527213
True;0.000335721473786196;0.8944674473641349
True;0.00030089150661074203;0.5870761985780353
True;0.0003291522528787915;0.6819431283321403
True;0.000294746979525456;0.6096696929408781
True;0.0003535936375931496;0.8557114928686743
True;0.0001393124480131588;0.6994626677680847
True;0.00011152649041540321;0.44334974651124237
True;0.00026915907521308927;0.9443172986671866
True;9.082985349608061e-05;0.9024347985834129
True;9.12650898614137e-05;0.5884132249979728
True;0.0003974078602769357;0.7153096582003377
True;0.00018744954211493434;0.6399971899763233
True;0.0003678869690929594;0.8867183349357712
True;0.0002097605992854582;0.7300386210668164
True;0.00024669777013364554;0.5078402343675941
True;0.0002550472336238092;0.45983784988853704
True;2.9088877101273023e-05;0.9492421803207803
True;0.00035753055301192526;0.8136983395654162
True;0.002101027144398237;0.19925799326876656
True;6.358281028878042e-05;0.3410195076388722
True;5.338457500227517e-05;0.8304992723849758
True;9.749915264908018e-05;0.6103580703299887
True;0.00017804245710968054;0.842260648180573
True;0.00017158109106654772;0.8037093929947059
True;0.00035764945179468487;0.875848415726887
True;0.00031092542141058057;0.3915824092447916
True;3.781587997085881e-05;0.569633705385325
True;0.00024270269761579222;0.8045313179852344
True;0.00032399019925489825;0.3939745408051314
True;0.00038212973544149485;0.931286269457876
True;0.05216983371875552;0.036469535562780056
True;0.00036142754175796883;0.4623995291494929
True;0.00017780690403197062;0.4788395960270674
True;0.00021859941904475976;0.6825589889820464
True;0.000149791639840287;0.5920098404666516
True;0.0003143547824641281;0.7675484542486893
True;0.00035279675169733415;0.8192548141539142
True;0.0002197818837090136;0.7887697957425757
True;0.00040640856637535534;0.7446522990044888
True;0.00039827945767610277;0.9699119946821004
True;2.0131708192404805e-05;0.4809918635346184
True;7.50587631082671e-06;0.8774452276664738
True;1.697779555239479e-05;0.7921964479537547
True;4.509480320946441e-05;0.3992433115199059
True;0.00020740185415490662;0.6358671142227396
True;8.116110955786867e-05;0.6608006933177819
True;0.0002892756156915517;0.8327410696582009
True;0.00010441473666552319;0.6171155521743049
True;6.437434714870788e-05;0.5903160211508054
True;0.0004056335425507836;0.8777938815861852
True;1.0807259566602262e-05;0.836123914313309
True;2.781242966541596e-05;0.6420505876811465
True;0.0002821603097166433;0.7398662926629676
True;0.00027123846315385027;0.736103269758127
True;0.000286147520697582;0.4370114648932976
True;2.0056291078473383e-05;0.5071851087421274
True;0.0003295859757137713;0.6414379106958916
True;0.00040339470824282193;0.8241123945541109
True;0.00032496544836104694;0.6793060011696055
True;0.00021359948065780292;0.8843751661235756
True;5.428748468094703e-05;0.5223546353360017
True;0.0001995581875736361;0.7969529477692574
True;0.00014781501175777578;0.581998961878544
True;3.0035121257149578e-05;0.7146588673855028
True;0.00023042315782003344;0.9286329914853834
True;1.6297815963095398e-07;0.5077505021391387
True;0.0012534870535142895;0.23111558991491962
True;2.7639325806375908e-05;0.6305808910712609
True;4.400163065683909e-05;0.3489328415250972
True;0.00037281822059940123;0.5954819664000447
True;0.00031718066002674774;0.7127980739215986
True;0.00032503259834319015;0.8458309837783765
True;0.00037208368326379975;0.6930277163561308
True;0.02663683876931661;0.06602303650878877
True;0.0003499084905608121;0.7496039628967087
True;6.93338933929857e-05;0.8415618105410745
True;0.019038304623978836;0.08438587979311446
True;0.0002531866004496666;0.8549234265400272
True;3.9725764031972566e-05;0.8662022619592723
True;8.466495267101476e-05;0.3680522054700343
True;0.00031733801151163997;0.3966970280823593
True;0.00016662120574361758;0.7962047774524382
True;0.00012539336403787288;0.6840426253095647
True;0.0002481668858722602;0.6942064036243727
True;0.00026514183348903743;0.8690968274317523
True;0.00016923508624689816;0.6568813876307005
True;0.0003948725142627947;0.4785836672794134
True;0.0004081111109277296;0.7333933279543241
True;0.006394407691319376;0.13818352266895195
True;0.00024088718091958588;0.8538394596818283
True;0.00014448204639997515;0.6214638517929336
True;0.00039799179788329724;0.7885277296961314
True;7.307178941026407e-06;0.7291268407870157
True;6.979014474355314e-05;0.4069218525564033
True;0.00035834004909731835;0.9441953646770787
True;0.00040044420947347927;0.7941319993602207
True;0.0003647882950928342;0.929893445199379
True;0.00035253133848788426;0.8986445390187465
True;0.0002449428493024377;0.4312334039021015
True;0.00027785371097467133;0.7330635826714177
True;8.467557751813666e-05;0.6101184668559065
True;0.00022166385499950884;0.9200601665628536
True;0.00039199682759827266;0.799308682446926
True;3.672922339481906e-05;0.6953008287311576
True;4.088079495104122e-05;0.5132615531252667
True;0.00040590313089500533;0.6346149885910766
True;0.00016026478621847481;0.5751346768220797
True;0.00022833303180883093;0.6179390866246711
True;0.0022386741116336636;0.19820808809277307
True;0.00040860718646476053;0.6284105712771993
True;0.000284889629410991;0.7777126101264672
True;0.00014420931784112133;0.609149063802133
True;0.0207337178801142;0.08017577700131834
True;0.00040225627125976734;0.604319794047911
True;0.00029066826689761675;0.6088132416958183
True;1.5194952320218302e-05;0.6568475179006926
True;0.0002699875185568751;0.9438263178492093
True;0.022709153058820427;0.07505569407827409
True;0.00029862046386514035;0.3487462847115587
True;0.00018548737050077182;0.3603868723477162
True;2.9309475323340627e-05;0.6648775311281601
True;0.0007765866359806324;0.24953423264314278
True;0.0003287624856727765;0.9139645385775402
True;0.00014998149738100448;0.4042609978428557
True;5.5034855176523e-06;0.5768943150412201
True;0.00013946724448533605;0.8981485168119797
True;8.212840757693566e-05;0.7896938432565541
True;0.00036863641700578135;0.42860845084609456
True;0.0002369524380302497;0.8563967198549048
True;0.00029120492973559476;0.5518464024648033
True;0.00021259564799122922;0.39138635156539486
True;0.00035429804504895915;0.7357496313938029
True;3.558621140487807e-06;0.9308111198355155
True;0.00033531318427848495;0.4986477988192486
True;0.0003563814155722474;0.5600812672606689
True;0.0002867181786666342;0.3862208529904234
True;0.0001229878885034969;0.8184652450971855
True;0.00012179895275414801;0.668033089676994
True;0.00021175556983331912;0.72647832907515
True;0.00028449776055268147;0.5710722571465054
True;3.7365101092307234e-07;0.5666424207830792
True;3.820602068715014e-05;0.6942720630035305
True;0.00018841169607318348;0.5959084993873746
True;2.192505218927117e-06;0.3959802970414239
True;0.00011085298518560736;0.40039091833118046
True;0.00023116713917204393;0.6455338838620552
True;0.0003193858214212076;0.9791945356073797
True;0.00012960473446286622;0.6166784457553195
True;0.00028117803492413177;0.5337392982079527
True;8.403923719589163e-05;0.5034621335261674
True;0.00039984753132275407;0.5477031474212136
True;1.6638262861618535e-05;0.6227533769496559
True;0.00037796523179118164;0.8548438009888676
True;0.00021769343976851363;0.4598330192811422
True;0.0004174264955987342;0.6329474955632458
True;0.0002596237848169509;0.29643148644538747
True;0.00024038062204468638;0.5886753756816606
True;5.499112061460424e-05;0.8855289929644317
True;0.00011260323126831283;0.991281093598599
True;1.4544067362869404e-05;0.43354321896028825
True;0.00027728538677580756;0.7716722117585441
True;9.691988380666148e-05;0.37680809661586595
True;8.138708834003738e-05;0.4429065741832507
True;0.00029119126578519837;0.44910033897499263
True;0.0002653747029839361;0.3803801712254306
True;0.0001567845805330008;0.612205340703894
True;9.55513352898315e-07;0.6089593721132325
True;0.0002678997238958694;0.37945829724435115
True;0.00031313244680709516;0.715358438012106
True;4.593095489272424e-05;0.6168825047799467
True;8.533051357995389e-05;0.7264043702652939
True;0.000332170686404179;0.5077719896325368
True;0.00024211801869734105;0.37411263240305337
True;0.0002460699310530064;0.9972961083901345
True;4.2782728576156896e-05;0.40925381436965097
True;0.0009417932452178092;0.22084752955820602
True;0.00029238849087146075;0.615794600784455
True;0.00028725030976266795;0.5328879192028811
True;0.00030466832009854865;0.5495952110155656
True;0.0001017663321648177;0.6207502436624023
True;0.00016595031085000074;0.6822579137734306
True;0.00017443993425573351;0.3916469664636358
True;0.0004090369026641191;0.6211825113223989
True;0.00010147185906095591;0.8059085025818264
True;0.00038955491044176616;0.7112154806687582
True;0.05453898761062706;0.03510417076302259
True;0.00031097538057856135;0.37970657757397747
True;0.000384371241136261;0.4853891794801041
True;0.0004037973432931237;0.5182987108521498
True;0.0001167131245333947;0.5918414597530581
True;0.0002767952254996726;0.5855666248492606
True;0.0003704572751655103;0.9297688655371953
True;0.00040087418418731705;0.6180024050456268
True;0.00037411636506421927;0.7712087097376352
True;0.0002644063873857246;0.459886368306468
True;3.150956516545606e-05;0.9558567000111169
True;0.00032240179723457034;0.5217834757270121
True;0.00014129899939733728;0.6126827934470191
True;0.00030481553799575147;0.5594051451560553
True;0.0002469316811452906;0.5149282642503747
True;5.227378678284158e-06;0.5175863683251781
True;0.00041566885628822333;0.9696786367815592
True;7.77290863381601e-05;0.9876947365967331
True;0.0002771462323541235;0.7262981110040578
True;0.0004178528480939269;0.6422084817375787
True;0.00022556908044944364;0.7403349262965514
True;2.2835643118124097e-05;0.9341141313852224
True;8.271043876139771e-05;0.4896321822585499
True;0.00017263251376094797;0.39092620271964407
True;0.00032299915869628574;0.6412096458624797
True;0.00013417124779423396;0.824155832074374
True;0.0003376989915366219;0.6949822272142325
True;9.350453633538457e-05;0.8158861983962158
True;1.6206868161619868e-05;0.8015829029382965
True;8.068706336907391e-05;0.46913941745478743
True;0.0001974574507535295;0.758087619918131
True;0.0002515330319692948;0.772118271989612
True;0.00013152057560760023;0.5081147313860723
True;0.0006568825876101765;0.25632347991406496
True;0.0001056815416010057;0.6305462504912235
True;0.02323621709929116;0.07147803493623563
True;0.00031799993705965076;0.6702828149413586
True;0.0003879792239155904;0.3797152262191108
True;7.562816384867844e-05;0.6210736883046946
True;0.0001319012244417546;0.39182238149842846
True;0.013676643848662446;0.09873830577900525
True;0.000410200866260757;0.6210668595600682
True;0.0003957105136590924;0.6186352167545679
True;0.01282203706092767;0.10120564880045295
True;8.037622705131752e-05;0.8776705350377583
True;0.00027533569229924005;0.6831062015403264
True;0.00010179999034365617;0.6737142818472379
True;1.144018673860206e-06;0.389551097878665
True;0.0001034551512100051;0.7137318891735615
True;0.0003461271708914809;0.5358880357519167
True;0.00011254738360157641;0.6941845173695668
True;0.00033835356144788705;0.4361342007442092
True;0.00041511004944448914;0.6566338528964359
True;0.00010295533052554494;0.6440973524454134
True;0.00018096729798545844;0.3816312035092469
True;0.01189908561624587;0.10296619916456692
True;5.207829619189724e-05;0.8538270066976305
True;0.00010162359455145921;0.9656614661077354
True;0.0002310163412490492;0.6902457198111549
True;0.00028697902011001986;0.6556108003570768
True;0.0001987628506451528;0.35528002952651194
True;0.00026973662462045575;0.8272523542243376
True;0.00020929715117096523;0.7940697647814849
True;6.304422825556445e-05;0.8987635214740656
True;0.00011970242551004941;0.4476796434480017
True;0.00039733948038829866;0.7321533464381869
True;0.00011862412170601332;0.669932760280407
True;5.291264746079947e-05;0.5773531852015795
True;0.00038835521175907767;0.694727435509321
True;0.00041692077652687426;0.695311242033775
True;7.017144916546016e-05;0.4786560207423978
True;0.00035229032520386314;0.6344388257315929
True;0.00034536419608995213;0.3586707783244476
True;0.00021177530542529948;0.36218422180040943
True;0.0026164519711662764;0.19380930009611774
True;0.0003955222673530087;0.6281731124431384
True;0.00037075857538396097;0.6146049874235835
True;0.0002070971959989506;0.6092567543694267
True;0.011997081049885769;0.10310372030975017
True;0.0002377642907822754;0.5795974089650681
True;0.00022778189197567014;0.5752252800385571
True;8.70963393286758e-05;0.49947449026816876
True;0.0002917209323367688;0.894617439414095
True;0.022794434898461072;0.07739372832127939
True;0.00033824939264034064;0.34853463870584567
True;6.301685709809297e-05;0.4466155261636294
True;0.00010041197829743851;0.9016682517437369
True;0.00016187301214960444;0.914930360469499
True;0.000311251831595027;0.3798071199538427
True;3.492837205251797e-05;0.44668407750076566
True;0.00031873211048427446;0.5415504835447494
True;0.00037866527938408713;0.41268601788442627
True;0.00036441743933127326;0.5905135190808544
True;0.00038318928235839934;0.642817066897397
True;0.00015441992614420794;0.5517345486492755
True;3.336583419159458e-05;0.43020706474244663
True;0.0001707445607337994;0.6686959213442611
True;0.00030220246383258714;0.9875721613513688
True;7.687288690105811e-05;0.500488948753283
True;0.0003686658434200675;0.404621494334397
True;0.00038502914836237225;0.4289987766433911
True;2.061965708491268e-05;0.6823703205796092
True;0.00022627677109958363;0.36362122503300903
True;0.00024004649505201641;0.9519287904180447
True;3.971591309944139e-05;0.3505056518222382
True;0.0003074606415818617;0.7813034634323739
True;0.00014376705529194314;0.6209522778143896
True;0.00024992993275866287;0.42950596255178886
True;0.00032929545607937827;0.5905076357727003
True;0.00020477618759227753;0.6159500826981605
True;0.0001487647397154473;0.8675820917167129
True;0.0002033316075162737;0.47005190433115696
True;0.00023691792093629785;0.6024779634941142
True;0.00034058091840654927;0.4320772229734591
True;0.0003408797759643642;0.7745709520138037
True;5.8101394061826333e-05;0.4082903627734713
True;8.361550757538056e-05;0.5416169867131081
True;0.00031869397104462973;0.4804174113622267
True;0.0003724416484375371;0.6125777931350019
True;0.00017568528130286717;0.5884182207634885
True;0.00035691300767525197;0.7152678052735132
True;0.00040285139783127554;0.49557865270420387
True;0.0002517372397967562;0.3966319294271502
True;0.0002256064166503475;0.8875379654501774
True;0.00037786099731838477;0.37689761699050844
True;0.00013690475252843817;0.4572907369296783
True;9.742195898874566e-05;0.5175586688220098
True;1.961037177239131e-05;0.6541629395292186
True;8.456811665086348e-05;0.5887880154704467
True;5.136118011045198e-05;0.4369199054568346
True;0.0002433749848678474;0.7150146286838361
True;0.00014538528658425862;0.4681668782556794
True;9.640407516575842e-05;0.7627492106102729
True;0.00029337754455858474;0.48749923641879367
True;0.0003651315159898478;0.8279184560186154
True;8.038184641510157e-05;0.42890969920645633
True;0.00020441666625441765;0.34144950740662633
True;2.452442429643777e-05;0.7501395273036966
True;9.356612071854511e-05;0.8705540557451112
True;9.188211574280159e-05;0.6933784601139991
True;4.5412007088969614e-05;0.6558637401480061
True;0.00026650516657032665;0.34172049571448976
True;0.00036217036488936567;0.6869614471828173
True;0.00037418447672956837;0.6310020420692982
True;0.00016858342019656066;0.6573495622875668
True;0.058462821285693585;0.03259001508058336
True;4.109256310866497e-05;0.6307119591393068
True;0.00027543986179266337;0.5989429393777931
True;0.00011822844923398151;0.4467244748855656
True;0.0003655786769634988;0.6288679544376302
True;0.0002658929852419779;0.9386889375315017
True;0.00019952420335033047;0.498679753268949
True;0.00022043167664089356;0.8309360658839101
True;0.00011560889827974561;0.4175552814588399
True;0.00019464687521046013;0.9326123448067335
True;0.00013188371217160325;0.560412513719387
True;2.981836486676848e-05;0.6170548242801824
True;4.3644847684758776e-05;0.8527374942319246
True;0.000401592670843346;0.8887133143574482
True;0.00032258788868942776;0.813231955275137
True;9.961913218098401e-05;0.7163762880797762
True;0.00041484973891480034;0.5836902327450847
True;0.00031909176043629013;0.5216168141814821
True;0.00030918329653358245;0.48943827387593475
True;7.716180644546713e-05;0.5836580359603846
True;0.0003910639636358332;0.5801171690321396
True;0.00039728077734393213;0.6545399771617126
True;0.0003648376975306854;0.6123562436480058
True;0.00013561528133845162;0.48363219687207765
True;0.00032329050782226943;0.7887904268333996
True;0.00014206014512503683;0.6051200919294016
True;0.00012895967647657107;0.8343674030488639
True;0.000284996935840767;0.8783703127441989
True;0.0002583579322042132;0.44911711546272387
True;0.00399684227508152;0.1663875544254802
True;0.0001691238009022955;0.5123513142360819
True;0.004417285795142679;0.1577196550911705
True;0.0002963296626924969;0.37865890735809066
True;0.00013608198213580172;0.5998283795772072
True;2.808824441567223e-05;0.7961962366032863
True;0.00014767900786804214;0.3660847796264833
True;0.008292240596901078;0.12536799136198287
True;7.217490817164327e-05;0.7137331583126196
True;3.4476708854676454e-05;0.8923702665201386
True;0.01102970865768664;0.10923778821252239
True;0.00017244667705655926;0.7750897790548644
True;0.0003104732326810539;0.666424711832993
True;0.00023321022466669765;0.7360599303691124
True;0.0003514553053724782;0.46824248172701993
True;0.00024205618012734957;0.6951039179561862
True;2.3813114817032357e-05;0.7063553057304998
True;0.00027064966672854453;0.41319589267789764
True;0.000411255940341227;0.5425354816890937
True;0.00032075018430648947;0.5177224199071688
True;0.00026674223070245816;0.4429094785824634
True;0.00027618352739992044;0.331200335520356
True;9.740617924555663e-05;0.8579727310407333
True;0.00022007482080718538;0.4092782777872396
True;0.00031749624370417393;0.4523317321717728
True;2.243732997551525e-05;0.6365167228445129
True;0.0002606738459012827;0.617446669905137
True;0.00034030587859910726;0.8736985279707884
True;3.299049056680594e-05;0.5875112036277693
True;0.0001074149892421396;0.6157394633973026
True;0.000333645884546887;0.629162370606801
True;0.0003870885396274583;0.3987099931599171
True;0.00038861192033403985;0.8594210287180051
True;0.00026509671802810755;0.7252001961771553
True;0.0002169485281312816;0.43861629102875593
True;0.00023318902511421815;0.6543261510433379
True;5.730754447695158e-05;0.5147579931074634
True;0.0001338744322633595;0.62031974958469
True;0.00010086989398826325;0.43252690058709586
True;0.00013043249434183476;0.6169634524124443
True;0.0036518911969628575;0.17164073101159374
True;0.0002711785939941556;0.8490710768225372
True;0.00013198809114968522;0.8355859961403475
True;0.00017888590837873193;0.3731996598558317
True;0.008947770031779377;0.11840376973500737
True;6.348217752509125e-05;0.5582877318612207
True;0.0003829345915789164;0.7203909266675846
True;2.1853181550382576e-05;0.7357824922286279
True;0.00010239921547133367;0.3241922457689566
True;0.00013280259042949672;0.498877351072419
True;0.00030670372732847557;0.49183253857816184
True;0.0002983214138418403;0.6623163212806089
True;0.00013909274174109295;0.5033592194824095
True;0.00022032625343851938;0.6330006640243871
True;0.00022302469007664665;0.8980976431130728
True;0.0001849751272085364;0.40722440320345393
True;0.00022808434696395267;0.6763170803245585
True;0.0002783262267944057;0.6430996751159217
True;0.0002272875052095678;0.5750810049550577
True;0.00015856694834111463;0.557078446548387
True;6.291923880044226e-05;0.8361897573128054
True;0.0002594827088148202;0.875808712128045
True;4.649609963818663e-05;0.5703422233177843
True;0.0003335170849394634;0.3637635331233309
True;0.00013716310899259377;0.6622281143846787
True;0.00022656370429287962;0.8469911880474088
True;7.636968298452591e-05;0.6941224626074086
True;0.0003092661128380181;0.5222428169611748
True;0.00021708611682717344;0.36047021088261444
True;0.0002623991139237377;0.8529226294808887
True;0.00014977202898317174;0.48572638715128663
True;0.00041494131661878474;0.8608038980886431
True;0.000336261083212217;0.940172766333939
True;0.0003344454303862104;0.8078546899018659
True;0.00027436657814977275;0.659272183625371
True;7.058891915001299e-05;0.752760475793766
True;0.0002702468307243171;0.6756284714878195
True;0.00031078201475569244;0.8524125968032155
True;0.00016801312304976933;0.5136366037453837
True;0.00031300476326237374;0.7337994403804141
True;5.301799109128921e-05;0.7250964399707908
True;9.308778464734998e-05;0.49894824601421356
True;9.479906364958141e-05;0.8329955223512867
True;0.00037834459349242173;0.48402488885163913
True;6.0567688858780386e-05;0.45978633490165455
True;0.0003353846881436671;0.5415615411117563
True;5.3159523180210957e-05;0.52918781095171
True;0.0001577583684979315;0.819175509028943
True;4.760032254267821e-05;0.7122741736631629
True;6.112387165289302e-05;0.5174209995501694
True;0.00026027390869343;0.8138016243383697
True;9.93701084473818e-05;0.4924740683726433
True;3.932042918656867e-06;0.5222067543400655
True;1.2656256386035827e-05;0.6370375176477988
True;7.576145509504168e-05;0.37844741445215474
True;0.00028905881276075244;0.6997602675978883
True;0.00031331635280815607;0.8872043864047493
True;0.00019323489876448978;0.831846130765799
True;0.00024965080129941774;0.3984410721095447
True;3.977219114950009e-05;0.693517587714624
True;3.389928281929788e-05;0.9692653567235207
True;0.0003348244055257987;0.4263801794485415
True;0.00035204704819050283;0.36846258968020146
True;0.0002734607891577967;0.959668973057511
True;0.013755275373392009;0.09620428976701555
True;6.88962328936444e-05;0.5172756195224965
True;4.7985309211031e-05;0.8242596477211316
True;0.00035756772507852477;0.41550350833037614
True;0.00018453897741007983;0.7693144231402459
True;0.00025565043678702046;0.9676735006197386
True;0.0003012370630461086;0.7196724584423148
True;0.0002873888610933586;0.8457536010694353
True;0.0002069442944685828;0.35120183572316654
True;0.00027775514837008946;0.7577524408920742
True;4.675193307746704e-05;0.5275505708712229
True;0.00034662446637515396;0.5697024272993887
True;0.00018483985947482793;0.7514036581142199
True;0.00011254360438795071;0.9950184642019496
True;1.7031097773171842e-05;0.8135124279754353
True;4.0917269882959854e-05;0.43999472007618146
True;0.0002733667848777758;0.8171210466685058
True;0.00020615936398076234;0.5012265656089643
True;8.33583989768761e-05;0.38615970180257
True;0.0002882991670291091;0.4185496758759469
True;3.6220448397831014e-05;0.6548203576019024
True;0.00018943945626399042;0.9782592148841128
True;0.00012475675874216432;0.9337653668771327
True;0.0001644425491789267;0.5901313208052222
True;0.0002878220194123047;0.9316642879659335
True;0.0003112017375758126;0.44452676405187597
True;0.011498881846630697;0.10547521752880051
True;4.234551018181213e-06;0.37168340779687664
True;0.0025652133666956263;0.1899200157320457
True;0.00025046635642249744;0.4896121186358469
True;0.0003262703429237412;0.7591065312890262
True;0.0001190651097891302;0.41267110107415483
True;0.001007490343250419;0.2306938854345235
True;0.000211422035631075;0.4825155146200405
True;0.0003911211375277684;0.8624391243149201
True;0.03272308875729467;0.05607644381392801
True;0.00011905009051094819;0.5996581868225878
True;4.918755466110551e-05;0.6885352414017816
True;1.9719357189671414e-05;0.43287471705436653
True;0.00011659667794106103;0.527964772900736
True;0.000366354718365284;0.7565477518509367
True;9.522899761076458e-05;0.9820568875222271
True;0.00017157764667121537;0.6372662719576487
True;0.00018372308387955874;0.38533428362463784
True;0.0002755022606956023;0.43566857114422286
True;0.00035651891323163946;0.4428297760631018
True;0.01183137397436963;0.10320256660578925
True;0.00030677679671413215;0.8582614275179001
True;0.00038665618910800566;0.4639921564880264
True;3.247943579090416e-05;0.8481245437845351
True;8.850860411998623e-05;0.783358454809961
True;1.5525359896590155e-05;0.6171561748139426
True;0.00015220407427352813;0.9036331754569233
True;0.00032883777540491265;0.4760778820932931
True;8.997873032845007e-05;0.4167017345776835
True;0.00022324648170381168;0.6201635059601586
True;0.0003454570213769113;0.40082096878181567
True;0.0002945971919929381;0.8904429469393312
True;0.0003456651423217589;0.5991407112218536
True;0.00027455422981786573;0.6387375196161263
True;0.00029090126010365014;0.6514882823462581
True;0.00013729937682979416;0.5930273732858831
True;7.310301205230296e-05;0.4889746824211361
True;6.532585942466581e-05;0.5048307499251585
True;0.00025365019330312466;0.7259066412656816
True;0.021124657942796592;0.0796796539810873
True;5.7502244571063365e-05;0.42088953258837297
True;0.00022015567748321225;0.6179048568997463
True;0.006779796250312831;0.13415290294864154
True;0.0003083971628832921;0.4183717086046981
True;0.00025234649315388885;0.6964208964692458
True;0.0002500749411618587;0.5972869176783987
True;0.0002818903924471531;0.32397404194674273
True;2.837512527347838e-05;0.39177107454787485
True;0.00015260479119025164;0.8412364508203443
True;0.00040257492484633493;0.3644937426223439
True;0.0004142872601318138;0.5376969485383998
True;4.4311153617093985e-06;0.37219490095124846
True;0.0003185751430739234;0.5506505940308801
True;0.0003291064992234022;0.6429427998124695
True;0.00039036481811234206;0.5753620204186962
True;0.0002318054862177487;0.6537577741025928
True;0.00014687035912115765;0.7672901900400689
True;0.00026071030191829304;0.6012764358099539
True;0.0003468633879698697;0.5174286637435693
True;0.00014440704901715035;0.4154856202825507
True;0.00026750272816329054;0.5751907205819561
True;0.0002479873364148589;0.9101537629729191
True;0.00017268291316226042;0.6841966702239477
True;0.0002405882452943162;0.35831993703605103
True;8.08206826063098e-05;0.3681079110499333
True;0.0003742113473615287;0.742823472733535
True;0.00018807127741258403;0.4623554639944691
True;0.00021655611703385826;0.940399641734242
True;7.973799771916405e-05;0.8295222807177088
True;8.301645000678674e-05;0.5079993030068909
True;0.0002562501030379678;0.6130863866204802
True;0.00026315790786299347;0.3813824579671928
True;0.00010489309954745916;0.504614283428788
True;0.00035291366136258395;0.8103870894817302
True;0.0002479915519472174;0.7343781494571134
True;0.0003836397553324995;0.556676664274112
True;0.00010552173191681487;0.4920026743867116
True;0.00021729523988835454;0.9304513414940727
True;0.00021997174316445701;0.4596950795844283
True;0.00025994975609294177;0.6204824246176336
True;9.584971927467294e-05;0.5294523170518229
True;0.00022139414089885807;0.5548418705087402
True;0.00040772399626710226;0.8692133389112278
True;0.00029002289218057716;0.6617859738964387
True;8.115105386385935e-05;0.4049161987831225
True;0.00031332126379323663;0.3564174265033096
True;0.00022299166114149568;0.5764410970601923
True;0.0001176869225999635;0.3713903224648981
True;0.0003142174941273431;0.9634923449590282
True;0.00013002615271055955;0.3938772198366473
True;0.00020311329822527238;0.8312551027010393
True;0.00018592323410106145;0.4161745020220488
True;0.00025656133582336834;0.4707386769455876
True;0.0001486547239973017;0.503108848567937
True;0.0003153086699929971;0.4831732571466521
True;0.00017936163549243703;0.7527321057569445
True;0.000182602015423853;0.830963996292228
True;0.02308858723321667;0.0709898262148579
True;5.057059592172391e-05;0.3857005125408925
True;0.0003008042176057181;0.6310798610090422
True;0.0003071111970707205;0.5176220817524841
True;1.156114281916537e-05;0.8915333438509288
True;5.273915348155894e-05;0.44423999471964803
True;0.0002895627921531002;0.6204548917889589
True;0.00019460747191614154;0.7584745763597455
True;2.078052830457188e-05;0.5925633672043552
True;0.00019154844102341033;0.48352513931667707
True;0.00034871462841664264;0.8824176746385649
True;3.9535897121831575e-05;0.6206397086250881
True;0.00034493354950394334;0.7152708986105127
True;1.0674450516726767e-05;0.8738411347827933
True;0.00012721885392239933;0.7302462264933234
True;0.00028929940045381927;0.5027246499497551
True;0.00014297670518866303;0.5513756695028132
True;0.0002808912609343348;0.6691962882088731
True;0.00013027064955430134;0.9779803235201578
True;0.00017485717692694445;0.9139224597044864
True;0.00039355244963695346;0.6930515607566611
True;0.0003954026484906361;0.7460462430295067
True;0.018165214465338454;0.0857271415372722
True;0.00022818743432257254;0.5703939163707575
True;0.00021157932420281289;0.2744029370024621
True;0.00040495854065244;0.6368636929786563
True;0.00014012164832902105;0.9026121829713625
True;0.002738479576986402;0.18870451926587714
True;0.00016520894640572494;0.4357309336499428
True;0.00012422510916666616;0.5602523599161578
True;0.02101945235459222;0.07994011704990285
True;0.00029065001130007946;0.8533941080613331
True;0.00013716216141972004;0.7748710438289146
True;0.00036505857625582363;0.7053170891963857
True;0.0003518195234997901;0.39720234900294626
True;0.00016624195976122557;0.6225029303556211
True;0.00023151464773015114;0.8677336561247547
True;0.00019371203465403986;0.7962702210214155
True;0.00029853657201133485;0.5613789418460828
True;0.0002830658208261742;0.7121982706143577
True;0.0003382173186933377;0.3824935916454231
True;0.0003605120610403699;0.8227254953861335
True;0.0003417705794597837;0.5379135307838161
True;0.00021629915638825853;0.8479404959927109
True;0.00015851827436803796;0.5521294393749795
True;0.00017409319457395967;0.8981479366283818
True;7.81809919918845e-05;0.5991501495981233
True;9.219898126871193e-05;0.48959334905578894
True;0.00015830670274916538;0.5991615263909578
True;0.0002562128549834342;0.6361367506674259
True;6.274869586799631e-05;0.7199879152033345
True;0.0001725772347873107;0.5933546955954887
True;0.00024355840223949207;0.714156308260634
True;0.0002174887884359516;0.5050303216215798
True;2.785380903767161e-05;0.274373484135626
True;0.00016525739047691302;0.3512726191321939
True;0.000412252390769427;0.7123738474084578
True;0.007102938915733731;0.13206235956567655
True;0.0002340820476563405;0.7077688874362289
True;1.7549529386728536e-05;0.8656263808672392
True;0.0002666571597697886;0.4470172357646073
True;0.0003926063518660921;0.9010055841394699
True;0.0003978686707216874;0.7724103111541308
True;0.0002432320329050352;0.5077658885110847
True;2.9238519329234893e-05;0.83081776850764
True;0.000175077094825482;0.7202938154645069
True;6.826605184108682e-05;0.6132092071233768
True;0.00011024549874374788;0.5650352870648977
True;0.00022942182982803742;0.6203135152094175
True;0.00034022939734935773;0.4489967227332135
True;0.00015550004571203055;0.6053284450252979
True;0.00020296421527476734;0.9138126838130678
True;0.00013822370439721648;0.6008823715183618
True;0.00022495742301741154;0.5245491834336936
True;0.0001822051914100329;0.391881250755552
True;0.0003626799385925854;0.4428806015623667
True;0.00026866685156881886;0.4106952896130521
True;0.0002999064963980484;0.7422632652671545
True;0.0003993409788469403;0.44721037574903544
True;7.195695527960646e-05;0.3895073929314517
True;0.00017001127520274319;0.8647659401811366
True;0.00011107095377343873;0.6687058063233167
True;0.00010329660460203073;0.7362001825543895
True;0.0002285370356420486;0.414026129493538
True;0.0002763849576718952;0.5047216144196511
True;0.00028511663291168766;0.8106530732522355
True;0.00041150033037813726;0.6287560181814064
True;0.000241032770723323;0.5406686178553586
True;0.00027655396141228905;0.4787177652041062
True;0.0003975503750255737;0.49217886093281543
True;0.0001240739857757846;0.620513485964605
True;0.00039947757120722613;0.5545537072640419
True;5.2238601990204874e-05;0.649693917790495
True;0.0004003974671016025;0.5430687703387403
True;9.931703378206727e-05;0.7674493153422377
True;0.00037502481641498304;0.6822512632630567
True;0.0003838077164168106;0.4186763116467968
True;1.490433088385675e-05;0.74121375089599
True;9.694794404838132e-05;0.3578465939029141
True;0.00014399404130599984;0.46824202971819406
True;0.0002432714026189014;0.6103660956756124
True;0.0004127548501202316;0.9017595636517449
True;0.0004008462762370237;0.3462133181132321
True;8.217828786332092e-05;0.37967502993762847
True;0.08665442000102445;0.016335416593640382
True;7.663289077508077e-05;0.5514891986324452
True;1.1253732941596178e-05;0.5684823570982881
True;5.99707309797837e-05;0.504174896662725
True;0.00019161854445791474;0.48247072471472874
True;0.0003283627329053815;0.5938865470802728
True;8.312219102328941e-05;0.6604526260015986
True;0.00010038994546126474;0.5655716524944627
True;0.00025320890764819347;0.9404506748330256
True;0.00034617780344594246;0.7648579224327466
True;0.00029359280402396835;0.8950573764972708
True;0.00017736440244432302;0.5274797436160125
True;0.00026350468541864064;0.5009085252885004
True;0.0001781661614072557;0.6434928464442075
True;0.00021107083076052572;0.6693955876973737
True;0.0003917647424527696;0.6171125544627976
True;0.00015084768605109236;0.6820160852614938
True;0.00015009630202569523;0.319770093054734
True;0.00039053211903617644;0.5373213879736741
True;0.018884895956273497;0.08433901328759848
True;0.00018369267326365013;0.7238981974159995
True;0.00011372673549304669;0.43283603130316656
True;0.018687301693723676;0.08544435481970802
True;0.0003905875939055452;0.5794675574394087
True;0.00032158651635097435;0.6417755204313121
True;0.00011986770122996526;0.9412839063196067
True;4.268630143593284e-05;0.85587030036965
True;0.0001761466315114708;0.6815892981922547
True;9.708947585042348e-05;0.6936764557580181
True;0.00018195181568999894;0.7664218598354171
True;8.654356061811747e-05;0.6536375752491591
True;0.00026474278415869023;0.7960867986508366
True;0.00026041956996189893;0.5723722040356245
True;3.773037553712604e-05;0.6124679782604158
True;0.00036436191049051296;0.4209731159321905
True;0.00039933873103223063;0.8988087340719986
True;0.0001643881432673794;0.4378425463152152
True;1.3946154119484339e-05;0.46766712515896275
True;4.734583324468412e-05;0.3937612276564478
True;0.00022369025023645083;0.6371736093832526
True;0.0001747945599588596;0.9471720286172842
True;0.0003985378927077292;0.6454296275529464
True;0.00018438026521557657;0.7139436091485469
True;1.2192965132409447e-05;0.715177405865277
True;0.0004008512613660387;0.7125495643395524
True;0.006684609660094411;0.13727735763889037
True;7.103002746125017e-05;0.7392949866844842
True;7.356380107378875e-05;0.6397750037502942
True;0.00020564246926413834;0.39573536535848935
True;0.0002425414363753226;0.40727868132602557
True;0.00025978333145671546;0.5150388825369883
True;0.00018616744698281515;0.8944093697364507
True;0.0003686139880531283;0.6820029797937133
True;1.5049109846758283e-05;0.6822865336882702
True;0.00039948486650521716;0.5797179994905659
True;0.0001271670937573843;0.36833444075206273
True;0.00011597496973922127;0.4491946657342945
True;0.0003595518773233441;0.7830296981943194
True;0.0001587485018701957;0.6617218941997313
True;1.3489721493644855e-05;0.6536395244759137
True;3.168894805750488e-05;0.6053087353143289
True;0.00021484116211389055;0.7410688346663551
True;0.0003282538007759192;0.453207775963508
True;7.498419426262344e-05;0.3594835166811209
True;0.00023562647766560673;0.4891342337785818
True;1.784762408833919e-05;0.41592029366103445
True;0.00025186327262744846;0.3940181171676421
True;0.00027800097913980464;0.5220417001848529
True;0.00020796680974401684;0.825854726619103
True;2.3351830862619574e-05;0.4634840423612425
True;5.698054499087473e-05;0.6333358990464462
True;0.00025481887262264566;0.6222575014004718
True;0.00016666724081518443;0.7796479648818813
True;0.0004044591318156072;0.955646849017851
True;0.00013759247770682757;0.5174854487802587
True;0.000352187557239206;0.7041438290610958
True;5.8278642562508905e-05;0.3661262551281816
True;7.187996914601673e-05;0.7674213693089994
True;0.0003756775930291822;0.6820826619231932
True;0.0003183294824584732;0.4183063835974633
True;0.0003865620500400883;0.7793915637271883
True;0.0002294673776609847;0.37959528445027035
True;0.0002747414628256563;0.5315321693333731
True;0.0001742670336523319;0.4573353279893633
True;0.0003405350795951449;0.40412007935907673
True;0.00040155529169764835;0.37813813098563365
True;0.00041686899272154096;0.6203037153709348
True;0.05442636221377539;0.03521559799146237
True;9.056371342579216e-05;0.5513071221061838
True;0.00018219208731675064;0.459909629172935
True;0.00022178219577083074;0.3907964562583077
True;1.5535074553830614e-05;0.48243121381499526
True;0.00013526300501780938;0.6128144899851421
True;0.00023017740701484;0.590647341269229
True;0.00018139620112123868;0.8202986843887531
True;0.00026444863739912667;0.6139864196007052
True;0.0001396809650462761;0.8300252061266982
True;1.2454999079592815e-05;0.9198131240988137
True;0.00030350705016134985;0.8364064645409913
True;0.00014380188957375427;0.5991364522793607
True;0.00035431354234705977;0.6345270231786099
True;0.0008753374555892438;0.20441366319851198
True;0.00019405679417259708;0.39182169642141396
True;0.00799493605066693;0.12870190216309993
True;0.00011532864170119937;0.6635634243143308
True;0.00036901014564060176;0.6104109164846045
True;0.0003711778794213714;0.6055916441456103
True;0.00024926749951365316;0.9190772090900912
True;0.00038141967931526585;0.5991151836523114
True;7.455072548436512e-05;0.8191178876336008
True;9.1023837339783e-05;0.9675189682106972
True;0.00041530227957562496;0.7961223123091088
True;0.00032236645428737837;0.639032673570981
True;0.00040189844541851016;0.4154386066696974
True;0.000359428923861658;0.5220336234469815
True;0.00011890680805175343;0.7550967222070895
True;0.00030988332566127285;0.6159560714090382
True;0.00010161865134831352;0.4842696299812715
True;6.254679673527492e-05;0.5138514123209346
True;0.00024178256685767572;0.6424356861890499
True;0.0001123618663572044;0.9464546805988501
True;3.819765240994361e-05;0.49537060151206547
True;0.0003592675506780108;0.3887861100548404
True;0.009168287583163537;0.11657426712972377
True;6.859573419856482e-05;0.46531750699796603
True;0.00036569259902865175;0.42067912687456094
True;0.00031280015493174074;0.9047573290872798
True;0.0003054381345476206;0.614422389521196
True;0.00034652345574042386;0.8943245198908312
True;0.00013489137933333869;0.9323582415496836
True;1.5392016457887927e-05;0.7750281515790933
True;0.0003059004540305574;0.39606331242481724
True;0.00031862088807021365;0.416626367608419
True;0.00034223813730888;0.5376546561023758
True;0.00027774692406425496;0.5906659057357987
True;0.00039188634062517047;0.6536819136702938
True;0.00010183653941343507;0.4613583580826233
True;0.00039007941805924254;0.4823777108753066
True;6.283865281786571e-05;0.43913798447650004
True;0.000230385147710183;0.42581605485703505
True;0.00039102369797645793;0.8646811209761692
True;0.00017109700723563922;0.8246553248617794
True;5.571219460662327e-05;0.8072562690579913
True;0.0003854422950968443;0.46351667878953434
True;0.00013439118785306043;0.7963072759355836
True;0.0003860506110497965;0.7821378873815503
True;3.379724584635095e-05;0.5041059991980542
True;0.00012179769682264936;0.7027201984693227
True;0.00028821819226361385;0.4508534132771695
True;0.0001271391944037982;0.7673438353318539
True;0.00034612893886736955;0.9952437066785472
True;0.0004122261832156494;0.5450359920023673
True;0.00016309823726085173;0.6793647588443139
True;0.00021333592456543814;0.7982296716562641
True;9.568188242795266e-05;0.6997898827587721
True;0.0012384567748840313;0.21033906685560205
True;0.00032966234218592623;0.5515815684391023
True;0.0003420500378933471;0.5999492324909096
True;8.019148804133951e-05;0.46219555044580846
True;0.0003550609461567096;0.5910101911026922
True;9.474845396928796e-05;0.8582118491057982
True;8.20189558946529e-05;0.7217453699157521
True;0.000237130390655521;0.726145567533572
True;0.0002814557733573304;0.6997134710327412
True;0.00015204995135518836;0.3742663939320989
True;0.00014779085416363703;0.7716533799517903
True;0.00037028927323099267;0.7289977312069532
True;0.000394396084914464;0.33979413101304967
True;0.00029828544925396185;0.8545413821449098
True;0.016188201646453324;0.08780170815446149
True;0.0003116692751041469;0.6634525809566241
True;0.0002382055395350047;0.950382288235676
True;4.883528936810201e-06;0.5287614993096567
True;0.0002568847795744574;0.6829205834207841
True;0.00010154703340368025;0.6901335480521107
True;0.00017151321680938447;0.48518190231344976
True;0.00038405472453075255;0.6175835259213345
True;3.7020789063986454e-05;0.83091368958155
True;0.0003741049228150489;0.550266560256288
True;0.00038067654295487386;0.46254732846352964
True;0.00029325901925466387;0.5254300989193953
True;3.3104460665874425e-05;0.5593985927991257
True;0.00041181687422779477;0.7388179987316256
True;0.00016224013203173154;0.6371952459367819
True;0.0002955180821175606;0.5159088063193779
True;0.0002628450346103097;0.32152717816384396
True;0.0002867301695826493;0.6187492270112854
True;0.00029399769294620736;0.46088963286943335
True;0.0002270995005866102;0.5393154202217428
True;9.238750713934467e-05;0.5176689584828588
True;0.0002687922163332609;0.7747953739297709
True;0.00012732668694403462;0.676359940579584
True;3.71368403833227e-05;0.5308055057322562
True;0.0003307353326189397;0.6456305914692828
True;2.2508078608314054e-05;0.7792880983295747
True;0.00024193033605211057;0.6208702327713729
True;0.0002967227513507399;0.4104085843518453
True;0.00030785797846427155;0.518305862846624
True;0.0002652250974772761;0.4526489692193268
True;0.0001602241968659449;0.9951060211758054
True;0.00012402135313231336;0.8949830883922699
True;0.00010321304668265975;0.5072819273737031
True;0.00026793162085456953;0.8737833914399802
True;0.00017499066625368582;0.6489607856786778
True;0.00012042034103938026;0.4507281267697297
True;0.0001719520567686339;0.3980500234378187
True;0.00013595440326345234;0.9347757834533454
True;5.918760004671057e-05;0.5752587865864065
True;0.0002493931912558649;0.35526875132363345
True;0.00017753463464962333;0.5513951307570204
True;0.00020259718133156966;0.4167706178620689
True;0.00029471003165986825;0.3909280295440735
True;0.00039325913441421676;0.6778386164027665
True;9.035116320239642e-05;0.7219451931986827
True;0.00026248358342453437;0.813376298172256
True;0.0003774444195136479;0.6995478124973546
True;0.0003750252201650768;0.7514573988666499
True;0.00010389437906193103;0.7960787023295368
True;0.0003167322172716459;0.6447711768494198
True;0.00032706006929767963;0.35823359446025577
True;1.661663323626327e-05;0.30830576120546566
True;0.00014191826519924315;0.6389195557351586
True;0.00016201397760669356;0.6824098089927061
True;5.301593028232662e-05;0.6432503546196254
True;0.00014541344390732623;0.6121077732052675
True;0.00019988347400072166;0.3583578801439014
True;0.0002109151653866029;0.538104610015627
True;0.00041156754340562323;0.6308709359647716
True;0.00011712493447650289;0.8325621874124662
True;0.00034375987095796695;0.7661929879936598
True;0.00010104915425241556;0.6521902051997492
True;0.00012340606226392162;0.5885730009244897
True;0.00015845416291986316;0.7357873975860547
True;0.000344831366692238;0.5681598094325171
True;0.0003897720635132395;0.4320475975506754
True;0.0003801337438174544;0.8579793066699419
True;0.00037304850632175027;0.8253290895153175
True;0.00020581532191572688;0.9326046321202938
True;3.482059855276288e-05;0.5023873937482689
True;2.6239920299777588e-05;0.4335697540607454
True;0.0003554844624809658;0.830710138675939
True;2.61499992196907e-07;0.5173460223918962
True;7.991040601999666e-05;0.4391165128504213
True;0.00018340695464267809;0.8944715723650538
True;0.0002636013253003028;0.8301200354024111
True;0.00012173561040957449;0.46794700230030184
True;0.0004140598240514884;0.6591370357067277
True;0.0001801270910449196;0.41600685456138026
True;0.0002914389880074778;0.39473119679976326
True;0.0002905520823065694;0.8133927623829216
True;0.00027498526056149377;0.950401488736834
True;9.577521754034778e-05;0.3708387566145237
True;9.514795662280238e-07;0.37430586917132697
True;0.0002647307833887651;0.4776810896052267
True;0.0003359899477046852;0.46395718183376633
True;0.00019810033537458871;0.7303667324941076
True;8.745734270037052e-05;0.4700697195676483
True;0.00011156863809231625;0.37945323716081875
True;0.0002584781612932526;0.9939542652007416
True;6.958435689464895e-06;0.735506984511674
True;0.00017024346605457532;0.6381775990261171
True;0.0002721269576310815;0.8120829447237431
True;0.00010628594377424238;0.6939498348873043
True;0.00023378098364576193;0.42084505914641085
True;0.0003118554371530587;0.5176451977332402
True;0.00037929342408192263;0.6226364852978588
True;0.0003526293755943131;0.40015639113660795
True;0.0001326758216565483;0.8308940415529916
True;1.1582499685776875e-05;0.6518587615045434
True;8.784106306192748e-06;0.44338959604973494
True;0.0003462460356834634;0.7355460334599574
True;0.0002419052341888014;0.5918640022369381
True;0.00017625341985327798;0.5601980083187263
True;0.0003350957692038206;0.6389267426779879
True;3.190829896254593e-05;0.466122786911501
True;0.0003323089666432303;0.690314510545923
True;9.30111457183759e-05;0.5159468573253533
True;0.00027674875742967497;0.44083500432699413
True;6.7059518775498155e-06;0.9877689842092884
True;0.0002703985304972723;0.5039698918505553
True;0.0001742026001460076;0.5540985953472192
True;0.00019271901520816087;0.7442183338303978
True;9.752769712756432e-05;0.8861877020121761
True;0.00032646709922835073;0.5290763471304067
True;0.0001840838481705743;0.6923335199503525
True;0.00014768954019839698;0.49359844351320414
True;0.00038321780509372117;0.6020842067859319
True;0.00024067114000432934;0.7662724572426736
True;0.00034126920336977263;0.9506219374032603
True;0.00039530365940238193;0.4785404136857292
True;0.0003358346853370648;0.756507068233831
True;0.00020040404037316827;0.5795848738049467
True;0.0003784276278676516;0.41862156654913923
True;0.00034166707943213555;0.5797993185878022
True;0.00019678694827120758;0.5512451272816169
True;0.000297158241949397;0.6131168639272613
True;8.528566327237656e-05;0.8360898239774495
True;0.00034121833414752466;0.5928947767238272
True;0.0002064805738805147;0.9000555088038795
True;0.0003396489894456149;0.693359024183312
True;0.0003138159594058943;0.40706884771074686
True;3.042367463406939e-07;0.4320033881761733
True;0.0002666298769002921;0.6608592916226681
True;0.00019364384758119147;0.4255531585016693
True;5.8388391840220106e-05;0.830873212315352
True;0.00033948143711999215;0.8594163132152056
True;0.0003631372490134711;0.6270591704250503
True;8.239105617317812e-05;0.9016047241703364
True;0.00023638338144121596;0.5513861380948117
True;0.00023457498683301147;0.6950232882296508
True;0.00014080067524861351;0.6185843591712936
True;2.294537164123913e-05;0.7828149916384889
True;4.323687468995793e-05;0.8080380518087166
True;0.00036335970833342956;0.48964791703066557
True;0.0002759837596786076;0.9151534663330035
True;7.082477899367028e-05;0.7745544985888121
True;0.0003031807917956812;0.4784832836940884
True;0.0004048550191274025;0.3580015093790763
True;0.0003439446920487142;0.8749722107167099
True;0.00010661859206542773;0.7716927373426952
True;0.00033204330202033405;0.3801904637263406
True;8.534381699467284e-05;0.9202710953137854
True;0.0003076190338749808;0.7174440648088789
True;0.00013086257388846006;0.39377806755780864
True;0.00015914496856242677;0.5189779063575376
True;0.0003768890327826293;0.551399842272572
True;0.0001381400269779576;0.3683920600406699
True;0.00034907105678900677;0.560257689318411
True;0.00010526603257286828;0.9464300055964724
True;0.00029653130715586763;0.6054845893898387
True;0.0002149645137200412;0.4359479804253058
True;0.0002300971356271813;0.8015127983577943
True;0.0003373243701786916;0.6568935968621278
True;0.00021438622397397555;0.6274009128530089
True;0.00018074898203206382;0.4434518686803967
True;0.0002983909536961988;0.6385271106304992
True;0.000254413361725491;0.6141883484985261
True;0.00022113649788984307;0.8656711666014185
True;0.00020872582240530368;0.6104928092565735
True;0.00024749293569429254;0.5957272030790461
True;5.5987526345266245e-05;0.826112582618948
True;0.0003007597714590697;0.39974589240043007
True;0.00010622652555349476;0.5600136101220938
True;0.0001765433768113783;0.439113198121202
True;0.00017714137426928534;0.7717059886252815
True;0.0003233309100840348;0.43279267894513573
True;0.00014634856482332196;0.5246600646389117
True;0.0003663082928164004;0.7073866681192225
True;0.0002305011063956322;0.38416498278344424
True;0.0003147729568260332;0.9198744806307033
True;0.00025063380845926383;0.47680544749560566
True;0.00016206049999257453;0.7147486630885421
True;5.807842387680037e-05;0.5180752964227807
True;0.0002677615290358437;0.4260714719310288
True;8.576128281644689e-05;0.710892488581369
True;0.00010056696316958044;0.678517265341741
True;1.2996243804633763e-06;0.47224032430713153
True;0.0002547303438639789;0.48430783912644326
True;8.861606624787626e-05;0.7137166870941216
True;0.00023894906022841732;0.48369449063477826
True;0.00017829628704817902;0.44921925665129775
True;0.00011831830866691294;0.6226745534953367
True;0.00020345062199812272;0.6765135717553699
True;3.5752845677841474e-05;0.6213915012887127
True;0.00025444292016409484;0.42646170257237787
True;0.0003691183453257776;0.9633826377791206
True;0.0002122588214018918;0.4637273371114343
True;0.00037451835102425665;0.4562858343706209
True;1.6154605352581232e-05;0.8646999828737963
True;0.0002571502812611666;0.44868051966482586
True;0.00023497988270143843;0.6425084461185565
True;0.00037901859785028833;0.4714515856678455
True;0.00024922942597390904;0.612918295593307
True;0.00010570666144406878;0.7773171108438331
True;0.00025240504997276056;0.46839894757432365
True;0.0003908652387445246;0.5317574372515417
True;0.00016264866895927767;0.7505111473872111
True;7.939939749197318e-05;0.406436882853125
True;0.0003352106994628619;0.6812447667053111
True;0.000214805874224779;0.5221482145833611
True;0.0003974692628955556;0.806808979448025
True;0.00015832657838009984;0.7838315028920575
True;0.0001259884586977713;0.859432356575706
True;0.0001812190658654177;0.8884292634555416
True;0.00039389816020861244;0.8095633469994761
True;9.37737441670453e-05;0.4503697616754698
True;0.0001582276716328439;0.6780039959252064
True;0.0002770165833159557;0.7883631725315509
True;4.094742366556517e-05;0.6130485242759154
True;0.00035323293915803534;0.5078143829477492
True;0.0003968438078989195;0.8650804310506959
True;0.00021159426998788503;0.5835804480150254
True;6.617088822088553e-05;0.42555961449275037
True;0.00035266885326696977;0.8726462437986714
True;6.132832372366611e-05;0.3841128628800751
True;0.00019349134638741109;0.9793764980643476
True;0.00026591330842708763;0.49217303532533935
True;0.00017111651157653257;0.5190462140798547
True;0.00034267660461321093;0.7501759872093369
True;6.528158989269791e-05;0.40627875417294507
True;0.0001759365983339479;0.8272552278161643
True;9.001880801245682e-05;0.412486804573628
True;5.9089502840472124e-05;0.45998445508797403
True;0.000147423838312951;0.5171556440524924
True;0.00040714429994836797;0.8405490324790396
True;0.00023222546256199318;0.6370370505943522
True;0.0001793470469752922;0.6329595984910235
True;1.6703945290930665e-05;0.42938930367097355
True;0.00017452403170320816;0.9697677970059594
True;0.00025225139279654425;0.6827732059255294
True;0.0003301075156174967;0.5441758350326761
True;0.0002669702788144637;0.5232652146996079
True;0.0002581423902246712;0.44868854875968156
True;0.0001949357151610914;0.8736909653759882
True;2.8023847389684534e-05;0.6917678905442732
True;0.00040275209210650773;0.6171848576958435
True;5.8615189597875296e-05;0.6144237685941262
True;0.0002230814135682414;0.39242740928001674
True;7.572646879199428e-05;0.5974319024739744
True;0.0004118096202973607;0.5405459548205962
True;0.00041327157205350867;0.8412301291795165
True;0.0003056116803676625;0.5965561284160179
True;0.00037192569510965533;0.47108495771620446
True;0.00038881870845130075;0.6101652256511827
True;4.5919902723290154e-05;0.46170398534490137
True;0.00022011733059823505;0.6931977440005184
True;0.00033112615364932173;0.6455262639638734
True;0.0002056719321106508;0.6774717046801301
True;0.0002769191085971641;0.8741288876802387
True;0.00010451323205248307;0.5025893699553586
True;0.00024073768503501435;0.6675326199386007
True;0.0003279431655564021;0.9531941340846911
True;0.0002669518628172121;0.37803971395086544
True;0.0002690178776390742;0.4916493379603787
True;5.3963559937541874e-05;0.6146508275408721
True;0.0002661798772924602;0.5600826033295332
True;0.00038699072863910514;0.6045552154702424
True;1.4245570283215713e-06;0.801773963031088
True;0.00029259430056061326;0.6309118512224164
True;8.050868254809782e-05;0.4265740109888
True;0.00022744816799418851;0.8859284891262685
True;0.00023215397851696114;0.7980812661922871
True;0.00021112550938528956;0.4681271869446935
True;0.00013308330230369668;0.8248368920453312
True;0.00020177264124516354;0.5346432139283253
True;0.0002733157634559915;0.44082194766483634
True;0.00019610744430110323;0.4304383498321794
True;0.00011862091036490874;0.6732415680157332
True;3.361881993652077e-05;0.6145788388981235
True;5.554617864022577e-05;0.538907540902959
True;0.0003084691827960714;0.41769661845781414
True;0.00019869013073365788;0.540548654882406
True;0.0003000485729947975;0.6809642105944369
True;0.000309439826247445;0.42646275455816146
True;0.0003475918677198644;0.7580391695491786
True;1.0811857623855313e-05;0.5994724070141246
True;0.00023737214029021756;0.398753171543679
True;0.00013399281496692637;0.9109032702314945
True;0.000336963467391241;0.3797468942670197
True;0.0003358361040245248;0.4785650399889536
True;0.00027254670840475063;0.4681716726748149
True;6.035253614205516e-05;0.6570792419618471
True;0.0002253564169496236;0.5404319462459473
True;0.00034405806450943404;0.493967949708901
True;0.0003612591083930704;0.6230043006829667
True;0.00033071588111207965;0.6950533890170115
True;0.00021356883604355285;0.4785069670311359
True;3.03664723537119e-05;0.578330557013238
True;9.245225603606156e-05;0.8589100951211878
True;0.00037894482690537554;0.7934452808580191
True;0.00031433916848372796;0.38134912548302285
True;0.0002967271158208256;0.8648037502884113
True;0.00040318366197084277;0.4162097121053882
True;0.0003914464920121354;0.5468350948319328
True;7.747015273197812e-05;0.407156452111649
True;0.00021121280687662447;0.6330116023028343
True;0.00040407241633668497;0.7050448186081953
True;0.00014683502962350092;0.6385930058903437
True;1.0530388224590082e-05;0.6229444880512031
True;0.0002832259505824715;0.5514110829550426
True;0.0002264634321112349;0.7149725135146827
True;0.0003558540955285984;0.8640299439883187
True;0.0001483886558593617;0.9329658594078514
True;5.3397766895972064e-05;0.40994963332863743
True;0.0001750346942190952;0.8538016702142953
True;0.00037385717160379466;0.8586680568766833
True;0.00010291549496423756;0.9201489434822754
True;0.00027107440130734684;0.4183904667920758
True;0.00013549437285477616;0.6570591641447893
True;0.00015250582849734692;0.7052921072902949
True;0.0001415243518598734;0.9430852453962227
True;0.00035740216296379935;0.4685307966179596
True;0.00027325787556245495;0.5800520389077036
True;0.00018509423773076632;0.4384948752379984
True;0.00030862907724465646;0.9338674849066841
True;0.0003421016212294985;0.8572290914492208
True;4.6223582238887245e-05;0.9112670298590334
True;0.0001974545907774246;0.8143186665983159
True;0.00021416873497737092;0.5023043121967269
True;0.0003159146872447743;0.5323043805648526
True;0.00033004059214129366;0.6735800898916688
True;5.354604612583402e-05;0.9428343663363695
True;0.00011561021291806859;0.4811253566720415
True;8.167612951308058e-05;0.44259354304820614
True;0.0002708021359385102;0.5523020295287979
True;0.0001291329319723748;0.9111809029383268
True;0.00032361223784672325;0.763148296023598
True;0.00035689158041746926;0.7071204976867296
True;0.0003136375583499081;0.4220638186228618
True;6.191174786122431e-05;0.6895922425703824
True;0.00024255880916665957;0.48699171292071136
True;0.00010282364335442979;0.3998887962452098
True;2.7730774781379892e-05;0.4721059008723781
True;0.0002841738884051434;0.9532538334420911
True;0.0004090182578019659;0.4936385989445218
True;0.00019137282801195786;0.5032254236658089
True;5.9636958541235056e-05;0.39726250386719353
True;0.0003583846665906568;0.8466856787924808
True;2.1344527637906028e-05;0.6579436778517586
True;0.00010791587789971488;0.4890832314343766
True;5.2723962818773985e-05;0.4429482685731668
True;0.00019532697165122997;0.7133883808048088
True;0.00038444932496759215;0.7533430726694199
True;0.0001650100113062919;0.4054354535588017
True;0.000236202476532893;0.8470286367038423
True;0.0001697233020558015;0.8980951533377172
True;0.00024122104683975905;0.6402320868840542
True;0.00027915953139273094;0.4427656134005939
True;0.0002923353017007931;0.7833911407771835
True;8.42629826312421e-05;0.5989271728539148
True;0.00017072350677836058;0.40572805859875444
True;7.25810006330823e-05;0.8156057365523484
True;0.000383125018374908;0.6102933028300176
True;0.00039263951994395575;0.5359550466519833
True;0.0003282858623143853;0.4385019817144762
True;0.00018511062078681252;0.48915008578112673
True;0.00011090073269603088;0.6826891956194887
True;0.00026309343322747055;0.4054968182268911
True;0.00035161534184667906;0.8153772787282515
True;0.00011856247007678901;0.5043300820114717
True;0.00021955033755908748;0.41605894194023424
True;0.0003545060746204348;0.4385714439387609
True;0.00011862935097880917;0.9658804500017335
True;0.0004076031633900264;0.4054442410436081
True;0.00018958501817416837;0.4039069926971954
True;0.00017617933805714773;0.49187014034902354
True;0.00016770880022602902;0.4444226913626529
True;7.4674138552251e-05;0.4384238441587302
True;0.00033538324993233126;0.9657364205164488
True;0.000128507919468623;0.3567213797993089
True;0.00012998010680139284;0.5823386901324727
True;0.00023023695191759386;0.47884583668167074
True;6.805998786161072e-05;0.8646361729459637
True;4.1403203584953566e-05;0.37669262826103883
True;0.00020602630754817662;0.449086969520397
True;0.00025263139249879173;0.6134543453565799
True;0.0003484193661715609;0.795666948585088
True;0.00021916319792672373;0.5780596937089335
True;0.0001913712290029064;0.4578069555339535
True;0.00013915821184218524;0.7177219663413877
True;0.00016376654013654452;0.5074416156227992
True;0.00040927116291456227;0.8640080202455639
True;0.00020355912944093133;0.4135764411387685
True;5.3437559679332254e-05;0.7135893101802819
True;2.9204130219739665e-05;0.541841134609079
True;0.00029887189796858055;0.39822976532833104
True;0.0003189386051659652;0.4134988675804754
True;0.00033852910008937647;0.7136814319134452
True;0.0003923838333955181;0.8244243008316227
True;0.00010030211726229149;0.4681605476501351
True;6.546736507496833e-05;0.5025402429140787
True;0.0002483276817753798;0.6147728671338166
True;0.00026084613631547656;0.6103999805151313
True;0.0002970297028296418;0.618152681582561
True;0.00021254152116597006;0.5894922483846893
True;7.693128089850426e-05;0.4495940478232364
True;8.266187672241212e-05;0.6182656413509091
True;0.00024322189215605816;0.8713699723086332
True;0.0002784823766041998;0.4127700179252665
True;5.784393057215753e-05;0.5105389664730265
True;0.00011240781377172188;0.8716593081351207
True;0.0003909860711640008;0.7191345781930564
True;6.169578869573014e-05;0.6702830373616092
True;0.00034160742901355023;0.711536889128446
True;3.5190370881715097e-05;0.8135218443306406
True;0.00012028413443980152;0.7253762913497087
True;0.0003232831102705092;0.7709706093288269
True;0.00014525466496663228;0.8138071020339452
True;0.0003414480282175145;0.7592447151459207
True;0.0004118561954107016;0.7895204014272631
True;5.746489417255421e-05;0.6008798568622595
True;7.054933553060644e-05;0.977537409657547
True;0.0003237397653291487;0.7597171528228217
True;5.523174457081954e-05;0.840846644784532
True;0.0003880104420188324;0.7357824840012273
True;0.00032219331933132394;0.9409511505095399
True;0.00020943986290395834;0.7595543375685369
True;0.0001816217272676034;0.8755957928162601
True;0.00012247865436894472;0.6695400159504513
True;0.00032305576035987596;0.4600786065909532
True;0.0001480528692180927;0.6207331762669543
True;0.0003226450743329938;0.5246562952028391
True;0.0001021896893950966;0.6763430243459492
True;0.0003918857366841126;0.6763107663190958
True;8.811605432043021e-05;0.45869756842643405
True;0.0002692456928740697;0.47471491724529397
True;0.00034127090361944106;0.6452746102518059
