true_labels;p_value_0;p_value_1
True;0.0006341778762363579;0.6452710700086646
False;0.27038940143469214;0.0059058415101125444
False;0.16357170407069085;0.0039248338473143705
False;0.24366902868496254;0.007087504330654701
False;0.20686303244659476;0.007048640028218043
False;0.23990987640394498;0.008111953777605247
False;0.230050967251765;0.008547729217956709
False;0.12805727958100305;0.012811631045035141
False;0.297457999641955;0.0004936455396672581
False;0.09565355339537444;0.02559554321903268
False;0.24555634661027376;0.00853800421634878
False;0.302828752432522;0.0010371447808595038
False;0.3213374022135991;0.0011180682077309742
False;0.24839641661066048;0.005752276730840982
False;0.1908540403147597;0.005426634242229651
False;0.29853814291528463;0.0007079937971879056
False;0.32580760319455676;0.0011778408083699377
False;0.19142173765085396;0.008115670571563623
False;0.2853468316515201;0.000923008176683026
False;0.256406791442274;0.006530833026646022
False;0.20240264335141944;0.008422732735759107
False;0.3106132650575362;0.0011224666385721976
False;0.2670612931407823;0.005656562088023015
False;0.22623787181339577;0.006297605678006675
True;0.19362334451289415;0.00719990730328225
False;0.2284338449189957;0.006830256859745229
False;0.24478475230330715;0.00684625768141521
False;0.22310124050292374;0.005112313354429136
False;0.32569796091684466;0.0006414848634088081
False;0.298826068896865;0.0007619589751762247
False;0.3002741980364204;0.0005520974568502559
False;0.1967663860371069;0.006167595826586792
False;0.2211241628520721;0.0068262317621054685
False;0.2477770185280409;0.003972492562548986
False;0.13383264633733727;0.012457856343930094
False;0.21123405861737304;0.0034139032300145255
False;0.30177838412287517;0.0008098385907879108
False;0.2994772491799656;0.001223838079705559
False;0.21690657002787517;0.005314013893921063
False;0.15975604635465435;0.0050317069007322175
True;0.1856897273172753;0.006657775885160972
False;0.2972052988408351;0.0005171649694589731
False;0.18376755505683548;0.0033117426468916304
False;0.16289256957486306;0.003667608876066655
True;0.04971850823402992;0.07012028007893735
False;0.2225648064630224;0.005809699945221919
False;0.3255229041999913;0.0009390770563377773
False;0.2924015521576725;0.0006473119957863235
False;0.3287365066580648;0.0008368633145659572
False;0.3136913275455463;0.0006306884439525175
False;0.302785198127157;0.0006736166465885242
False;0.17581785703620834;0.008046374604957156
False;0.2883615293495939;0.0006236347202345551
False;0.1986128559951968;0.0075797108907001386
True;0.08527701051957663;0.029287016101045355
False;0.20810923801794892;0.0035708097182173618
False;0.171170085390194;0.005607221678589375
False;0.2595860343597724;0.004427984010467257
False;0.25158525028779494;0.0058310191165965725
False;0.22502910420310418;0.0031487062747705867
False;0.30432118255725193;0.0006041168027987027
False;0.3098613203372871;0.0004405202434890669
False;0.29760868848259736;0.0012111355282860205
True;0.0891857198981017;0.029425890904376237
False;0.32979893752428413;0.0009866131379525386
False;0.1263980527242725;0.01272602628286129
False;0.19348103657710147;0.004718305975164755
False;0.1891664936072076;0.007718566233370203
False;0.19317653193580672;0.003425237470186422
False;0.32720529273258014;0.0008525123148978579
False;0.26809026851875684;0.004141655229253301
False;0.22891263249467064;0.0032126909391979822
False;0.29722526191824444;0.0005785579626192098
False;0.25209239116524773;0.006347353694574478
False;0.2135857106578613;0.008753727936302476
False;0.2330545710087789;0.007436821771681241
False;0.20794676740502918;0.004719650485015123
False;0.2577270121446555;0.007429199727540069
False;0.23118085242824116;0.008114666821855522
False;0.13400523176142523;0.011898016726775689
False;0.32573907306296906;0.0008208473210072251
True;0.0004432369601093089;0.9115744333488106
False;0.2968674791323802;0.0010788096299889588
False;0.24150171100665055;0.0035002290738247416
False;0.1930574893200035;0.004603302587593985
False;0.2884584506432137;0.0008520927506387001
False;0.3052047387930278;0.001126626640388836
False;0.2106305914457149;0.004356565749004676
False;0.2322482537841956;0.00864870918708563
False;0.3106505811043846;0.0006545449224037158
False;0.22843020733646058;0.006580415750081898
False;0.25733737975240023;0.005084100037057084
False;0.3125014184221102;0.0011385356453596038
False;0.30851337530462153;0.0007877386040643208
False;0.22693975340843336;0.006813575806424837
False;0.19106670703556278;0.007423703245687948
False;0.093470885361483;0.025243983244863086
False;0.31365915899776564;0.0012283206182494544
False;0.32220731592077356;0.001187193258072334
False;0.2387336909914735;0.006158709657512581
False;0.235902228501981;0.007766027855421874
False;0.13056310579303096;0.01052619468067541
False;0.2973100221118765;0.0008333094513060381
False;0.17918551613689226;0.00503923342696801
False;0.265304639290543;0.003697938666330726
False;0.28308055822693967;0.0004921116711401643
False;0.17545085598690624;0.00542433470653045
False;0.32469969742100385;0.0010949391935567454
False;0.2135837041514428;0.006563614587513856
False;0.271452175165095;0.006152351299497204
False;0.3216510508975825;0.0009025620562738435
False;0.2844276206369897;0.0005074078595873232
False;0.1585991362301716;0.005760043926183494
False;0.2440342534789507;0.006872530415888121
False;0.326781623041194;0.001038080637093207
False;0.25464157778032126;0.0058728446449438955
False;0.16240089924492232;0.005997169795383783
False;0.16507054055904394;0.0035677585614800056
False;0.09291160665541667;0.025589606646795205
False;0.3057726717079453;0.0006620356756042662
False;0.2344812444367898;0.008714236592505663
False;0.16031936596794794;0.005716806901663559
False;0.16361327970366657;0.008153827742657278
False;0.2632088723144629;0.005382845451329924
False;0.24997676237802885;0.008254660054123198
False;0.16686500204652405;0.005722290652069715
False;0.26635063988556484;0.008381520952829642
True;0.050825684398996304;0.07353599459488973
False;0.12816824498780355;0.011834081764948764
False;0.2662643665964604;0.006403914497767598
False;0.22706624123014663;0.004470299220965531
False;0.20754094909315218;0.008176837123298183
False;0.13469505347650476;0.010669623098675647
False;0.21440495539321672;0.0029675484283943573
False;0.09374340488676706;0.025299137452951904
False;0.3136124443317846;0.000537172056740038
False;0.2697107070397046;0.008593197007248258
False;0.1911652114209354;0.004658025608479227
False;0.0943168296113132;0.025351323868909474
False;0.29948321025210556;0.0006836818904105786
False;0.3282223795628845;0.0010254909581877412
False;0.22006378981245095;0.008311530342109219
False;0.25421400952057405;0.00668194046143602
False;0.29999899923905926;0.0008836613266547349
False;0.21745273786718297;0.003622274123134496
False;0.2458694121488182;0.004677402365543244
False;0.2648603994216885;0.006193529568874211
False;0.2283339889070622;0.007818037062359914
False;0.228393815281503;0.0030181240892577653
False;0.25765783616941973;0.005203105711082878
False;0.3051771925305231;0.00042861346658958245
False;0.22990375809465885;0.0040813389081409785
False;0.32397913006829343;0.0007944078838796318
False;0.21377042316957384;0.0032366105206346574
False;0.23896032477481627;0.006864086728910729
False;0.16108758833621428;0.004069550720888826
False;0.23736678485846308;0.0064412064168053
False;0.28557626889795684;0.0012512432067035846
False;0.298902485572762;0.0009203090066407247
False;0.1846645942453886;0.003904459662660867
False;0.3141151680702305;0.0008275925560676525
False;0.2073923401824275;0.007569118537621369
False;0.18671398514776522;0.003880128778785585
False;0.265275013884902;0.003300988473067835
False;0.2397879808284844;0.007103230557003785
False;0.2230379805918924;0.003089006709905875
False;0.32525587938419237;0.0005660637798024751
False;0.2862885225233249;0.0010469259447516087
False;0.20313250378590447;0.0033716683400958412
False;0.3214483259380976;0.0005559569619050028
False;0.3060351356034542;0.0004455208544428347
False;0.24404349059548636;0.007236422471194753
False;0.26256243577424954;0.004858474024079575
False;0.1814974839033343;0.0033493211811466933
False;0.22978101541762652;0.0034585603420648307
False;0.12695565823156366;0.012744387519658357
False;0.17901465440531805;0.00459957788029216
False;0.15691905981685247;0.00436006993129146
False;0.21733284443000062;0.004251461868713271
False;0.2946541375357197;0.0005231354326536557
False;0.2710289877433238;0.007369129001708092
False;0.1572086836448351;0.008713728565787143
False;0.3208783681762579;0.0008816949946537935
False;0.20707542526644043;0.006885196257187523
False;0.2510914867697254;0.008709265386588911
False;0.20391812869256393;0.0030286966460474243
False;0.17660616749983102;0.007907113530859194
False;0.16988179632843214;0.0040603552999479734
False;0.29400887361170325;0.0009380324607297357
False;0.291446294365989;0.0006975446960200643
False;0.16877226210509172;0.006694364206041201
False;0.2987744662405455;0.0010386674555570262
False;0.24619898685615338;0.006668198224288335
False;0.1930965076668308;0.007212594561768279
False;0.2742193478215871;0.0029277017789074954
False;0.2306529755387698;0.005059830768836994
False;0.20479618946526396;0.004298840174655712
False;0.22212861811380663;0.0034774657436065773
False;0.16261278027420012;0.006934690644906406
False;0.2848685310763613;0.0008541622178020869
False;0.15632549706855695;0.008550426470234617
False;0.1762695119349229;0.0032616682037698457
False;0.19427686191880889;0.004116816668493217
False;0.29626841585804153;0.001223495223220112
False;0.3106127404208824;0.0010265621987312447
False;0.3024610083317676;0.0004911172006136143
False;0.19600604316230247;0.0034318755604447427
False;0.26643641565781945;0.007431351762706158
False;0.28208412544323935;0.0011697634609943558
True;0.05228737593195617;0.06151462748634314
True;0.2507987048098315;0.004087163681250379
False;0.15867745311299125;0.006117027016348142
False;0.1647385787132985;0.0033800758519585395
False;0.23569669418329403;0.0036197794990966326
False;0.2592602298524909;0.0037492222824465297
False;0.16301898355950828;0.0034239578225768812
False;0.2616536028928417;0.005962393584754384
True;0.1271832887976854;0.012266856583278571
False;0.2832974698681016;0.001201630493931541
False;0.09291664049460115;0.025341303320485786
False;0.196211300221684;0.007405111134667743
False;0.3126961053965427;0.0006621767508550237
False;0.3062428812628998;0.00043349144578439994
False;0.23223478147825927;0.006140031777863573
False;0.23029690250202361;0.003887195320914568
False;0.32722430707138084;0.0011828429241955978
False;0.3079720378414287;0.001095554879373447
False;0.20115069613484132;0.0057003014638176575
False;0.31268959829979187;0.0011647355052898415
False;0.25725101800762673;0.008018531258178146
False;0.2139390152955586;0.003791262140441771
False;0.3227803003264716;0.0012098188952992131
False;0.21108330044644916;0.006235739653531155
False;0.18013860629919007;0.007053564319224015
True;0.18170013299412985;0.004636273784391319
True;0.039758197995781404;0.06408800846755926
False;0.1822234772223459;0.008461252355803507
False;0.2674627184742872;0.008297793984682387
False;0.3106764771393086;0.0004756202987775159
False;0.31104876016403754;0.0007806721579091264
False;0.28406210099077145;0.001248463468995201
False;0.26782885536983736;0.005677458849984269
False;0.17882759533855078;0.0036964704505964437
False;0.16714082070212113;0.004722283205534308
False;0.13280777131083826;0.010482889213745497
True;2.849047202865375e-05;0.47765521127745636
False;0.2995248092441688;0.00044970078562689745
False;0.28974397455731077;0.0009858782099853474
False;0.24308341516951448;0.008574828573541771
True;0.0005192845292211098;0.3433393069453826
True;0.050829874111475694;0.06925101292164552
False;0.29703681161176865;0.0011870361171478028
False;0.2431076728826197;0.00800873458515007
False;0.17714757095902536;0.007788132467768381
True;0.044628724062568605;0.07348627295248156
False;0.1635283166548132;0.005832951481032437
False;0.30949816794182494;0.0005766275002093415
False;0.3101769816475196;0.000748256575721413
False;0.28199426459260213;0.00122640346470337
False;0.29982726684160055;0.0010992272107191682
False;0.32833462604937336;0.0004841088752317119
False;0.20759919333680096;0.004582214960265733
False;0.28522941986675315;0.0005245984614821044
False;0.26358746987283527;0.008587952764403483
True;0.09108225205456452;0.03237526616519293
True;0.09118569920356503;0.029917090170269167
False;0.2585563124153801;0.005338904877523029
False;0.21363563184121825;0.003214983791155761
False;0.22649105255987734;0.007603986092668897
False;0.19215928816187278;0.004656598467135226
False;0.32270159721468594;0.001155354544147345
False;0.31910643702537916;0.0011339656195990097
False;0.32586960740852294;0.0009753453087323145
True;0.009328632973950451;0.14496263438488052
False;0.2907371473573955;0.0006205171795584921
False;0.13502907938009345;0.01251695311094924
False;0.1747458712969976;0.006784868391931783
False;0.2083291231640055;0.006300674498831834
False;0.16148309693825716;0.0030951731447289013
False;0.29994076193588737;0.0009492010830142146
False;0.19037057729071327;0.0036052108749194366
False;0.24614336957252175;0.005921621238138592
False;0.29078481964827113;0.0006192686702258851
False;0.2701374486340942;0.005791687772566722
False;0.2186728850301599;0.004196783143412305
False;0.17120432758715748;0.00801886640450433
False;0.24171000640888832;0.007862096767057299
False;0.15711214521779318;0.006142297577225947
False;0.25560423232912083;0.008552884833914304
False;0.12830346172107504;0.012240650559020417
False;0.28528258555654534;0.0010946440840496562
True;0.22170442195492168;0.004228965207191728
False;0.3165571529484762;0.0008221555357790795
False;0.17325639153405076;0.005498276647668346
False;0.15750789881112806;0.007580343453462765
False;0.31644004199898756;0.0005917525217617261
False;0.32683138414299845;0.0012440349027906402
False;0.23169487201817823;0.008219233861487242
False;0.20515396225975416;0.003144735950957272
False;0.30940181892143503;0.0009855504109117826
False;0.23744079920207245;0.004038885307821673
False;0.22389714101762698;0.006413436666795837
False;0.3210747117222853;0.0007237908259200264
False;0.31052178611357506;0.0006807344568129218
False;0.2522177919875306;0.0036546264202318795
False;0.2256263845827681;0.0049056573981494135
False;0.09517857848220242;0.025751619232682776
False;0.2824455017860014;0.0004310226654816893
False;0.2826203212115966;0.000809437559693945
False;0.2503599734043793;0.004740790709218782
False;0.266761811351613;0.004116936823933662
False;0.1259742680068937;0.012405184800771893
False;0.32411426742383154;0.0010931511864501503
False;0.24607520416533912;0.0053211012874319254
False;0.2561145201191585;0.0033809063621182234
False;0.3087516163386524;0.000723642820574525
False;0.16018826557508523;0.0073190473978376365
False;0.28428562262643403;0.0006845014206804023
False;0.19734741926039737;0.003058359943243773
False;0.2362424858134157;0.0035772348439870906
False;0.3049410333352501;0.0006061733840201457
False;0.3239410459149975;0.0007651873834340259
False;0.2619143347188429;0.004800930126260254
False;0.1804078555988881;0.007770888432343295
False;0.3096178028195726;0.0005383392040858961
False;0.24212902442058518;0.007532852907502252
False;0.18205874299852684;0.008201027437779227
False;0.24034556045642386;0.006919873953612883
False;0.09347443268385357;0.025759361399394665
False;0.31698565999645056;0.0005782553947953226
False;0.2737953621903486;0.0037430311032012374
False;0.21791705859725047;0.0075561491553663394
False;0.2267918563972768;0.005796569459517703
False;0.25006092425980087;0.0048560269455821415
False;0.22343908019065656;0.0048384594114862
False;0.1636897185363644;0.008665549898896414
False;0.22961558025902346;0.0033289614075461397
True;0.009248259468963215;0.13797562598346644
True;0.000375781008682202;0.8295181622500692
False;0.23892605619278515;0.006779598210992933
False;0.20713820365639712;0.005302539418454792
False;0.2502763198093125;0.004994172263311805
False;0.12934961436326445;0.011674782124024122
False;0.2493077022002275;0.006859372256912112
False;0.09482997944837458;0.025567225114551707
True;0.11333360897450612;0.016573859559292015
False;0.262001728909149;0.005413947766272725
False;0.1691928975702347;0.004980858878796958
False;0.09425479900406591;0.02552821954317197
False;0.32290778788573476;0.0007089968916789576
False;0.3292316466103758;0.0006343925009168799
False;0.25938217078309433;0.003345024276902219
True;0.046035557908603406;0.06994108960852152
False;0.3123682900916258;0.0008380466654922553
False;0.16856861059922235;0.008323113509004568
False;0.20440640423466339;0.006262466105330824
False;0.21814181478176792;0.003435579033984882
False;0.25065168900921286;0.00517110832620553
False;0.20683136634505545;0.00792671423678098
False;0.18147409766147785;0.0034871666981081146
True;0.000238791630441512;0.4973331484076688
False;0.18007062476669858;0.008022383736725695
False;0.32287452287486207;0.0006115177182064261
True;0.040017602394095415;0.08018373464069863
False;0.1868346821743496;0.006605084031412736
False;0.21674587335589127;0.0034644016287859137
False;0.22533295774951467;0.005818208182204982
False;0.32769699463395396;0.00043467311949690353
False;0.32155608039261785;0.000658758943485116
False;0.19680857524846;0.008236598617215877
True;0.3191437645143187;0.0011891536564062279
False;0.18503511846562334;0.0073363500405152215
False;0.1992241199284793;0.008274940221927674
False;0.1966182445841647;0.004563609829114198
False;0.2597952502960118;0.006624266699924858
False;0.16936615425785498;0.004501251552332231
False;0.29550320227319693;0.0008081153614742265
False;0.2864929175439678;0.0010584378861876744
False;0.27134631666221465;0.004070474860646266
False;0.3019622391150341;0.0006836413068687047
True;0.08733211585285772;0.031280956952468415
False;0.21341034081519555;0.003105359807247551
False;0.155036044172496;0.005764180591319504
False;0.21714860261758231;0.005350559819187691
False;0.2636517373817504;0.00693875927665912
False;0.12859821645418518;0.012468595020528998
False;0.2412776760180052;0.006785141850352023
False;0.25175377230283946;0.007586112483473854
False;0.20254340693997253;0.003306443242823743
False;0.3232645070449376;0.0009086022829709415
False;0.1826426556498468;0.006294288134317357
False;0.19776612386222664;0.007892442135150725
False;0.28279045815421655;0.0004987698740033474
False;0.21842682889439896;0.006564040291053262
False;0.2433268533686133;0.006077040457369665
False;0.23235073778442805;0.00444007883437412
False;0.2598647428084129;0.008653759481734047
False;0.17485708902977778;0.007931964970236488
False;0.29161313385789944;0.0011078519128372175
False;0.3204841242765829;0.0012265276141904039
False;0.2131739651649899;0.003387507847264803
False;0.3290081421505823;0.0006220891960061048
False;0.20964611418725038;0.005638102853718897
False;0.1651709202539263;0.008749004649330315
False;0.22706787350622426;0.004085895390087857
False;0.20240577977855956;0.0055157828390065
False;0.1731680381114282;0.008567119042680935
False;0.21516302226309378;0.0043593217874541065
False;0.18521729689827812;0.004738326039477178
False;0.29053574420955575;0.0010177903385231413
False;0.1703093148814052;0.0045439806458212086
False;0.15988893105205568;0.006424796588194946
False;0.26396690254931837;0.003609256803004403
False;0.298726322152468;0.0007048458483892316
False;0.28397786867640157;0.0007422896275527779
False;0.29080359221513075;0.0011608632153269763
True;0.0006880236521528127;0.3571783096326629
False;0.19390229814336354;0.006421590835367192
False;0.32478012394438616;0.0010933902429722242
True;0.009124702197411887;0.1429585582811972
True;0.2317584496458101;0.008723731027792022
True;0.0004608727098948131;0.8706487760398074
False;0.2242433434838579;0.008127446237094467
False;0.2504903105243409;0.005619038695508974
False;0.21357397446939366;0.004437408372264223
True;0.00017381888583248414;0.6022994976328486
False;0.1956388935735494;0.0076710643244562275
True;0.1325387217344209;0.011007341163134225
False;0.32398286616171684;0.0007546550361186202
False;0.09285817927082864;0.025881419186486555
True;0.0003221742895287121;0.5711631959981321
False;0.2874015650072435;0.000679617454908501
False;0.2962802713484303;0.00042526737971993974
False;0.21420356574351498;0.004788892276975501
False;0.27121196687315663;0.002947813105964481
False;0.299985493946172;0.0010849571648423205
False;0.32028029223004795;0.0005201304402973221
False;0.26967741136247886;0.004787518901640384
False;0.31962450013150073;0.0009886792592706185
False;0.20089497568683207;0.004285759805551132
False;0.21890459576738922;0.006575688301580698
False;0.31387455566070666;0.0005139473472568372
False;0.21230575878563168;0.006090476137640321
False;0.2489418967155002;0.006868782358620483
True;0.26845771969962534;0.005707919680445046
True;0.003154364693926239;0.27832935230835415
False;0.21094746687455584;0.0059516167705096264
False;0.18439732513318657;0.005966715028600157
False;0.3002255315924722;0.001149135345231835
True;0.0003974068563303398;0.5985981197629175
False;0.2905351572165663;0.0006818814636254758
False;0.16056923853515573;0.0067088543232764735
False;0.17510099201495438;0.0038571279416552266
False;0.19678666254680988;0.008318560983353982
False;0.1269365249242333;0.011067823188836477
True;0.000592362174806773;0.6294675132365701
False;0.29018352573320355;0.00047055718256637367
False;0.29219259208692355;0.0004251492716599892
False;0.21744311705369213;0.004351405613917264
True;0.19551828972968074;0.0032576523458857963
True;0.01026001773812555;0.15217669064742623
False;0.30286485430408894;0.0011510789771822761
False;0.2629378839268901;0.005875254597491386
False;0.25762591859989903;0.005957618069225839
True;0.05301755239914422;0.0635078909139653
False;0.18155945608545176;0.008337573994529512
False;0.3192501524554636;0.0008941548852028506
False;0.3151119720953188;0.0008704283204527892
True;0.08962074913749145;0.02987411991463866
False;0.2841677970546014;0.0008570186211371049
False;0.30849626041492445;0.001075291019386374
False;0.20631017215207817;0.004596073990512457
True;0.00049947160143634;0.6841251614053625
False;0.22344893724077455;0.00842246568292532
True;0.08674180738279556;0.02911275944546486
True;0.0006988581493159621;0.8162176705034467
False;0.25641253170747275;0.0049076340377804785
False;0.17186090648551539;0.006607102007895138
False;0.2252374188837079;0.00514921038751922
False;0.17055455839042033;0.00502790250890771
False;0.30249895790945946;0.0012162312798202374
False;0.2939366402584003;0.00042975395172081983
False;0.2834167446481987;0.0010185880232538897
True;0.0129191926155161;0.12056865649581149
False;0.297599336883345;0.001085347035676648
False;0.13262442348444425;0.012346068441611329
False;0.1648811596077791;0.0039989344945653635
False;0.20651067635266562;0.0032808218101515684
False;0.2362676482374013;0.0037275344716374316
False;0.29130119338499505;0.0011274863701764986
False;0.27198844600143957;0.003168266576727601
False;0.20730610236005775;0.007381166393086332
False;0.2993394988245919;0.0007404301236303428
False;0.16829688043920854;0.004405814982151258
False;0.18671746042526854;0.007064410975024058
False;0.2538965891460721;0.0065906655616371716
False;0.23085543574192485;0.004478487903284482
False;0.17033585424861322;0.008302681746039616
False;0.23383916840187768;0.0055127050193094895
False;0.12975114413330074;0.011093138516561218
False;0.2866917677495825;0.001136259108739385
True;0.16662005752217535;0.0030566887938706785
False;0.2929195192578258;0.0005956151830851525
False;0.16243054904833765;0.0029770655273604757
True;0.04375344834817476;0.07133098724621072
False;0.31196099465859545;0.0009186342812465625
False;0.3197196142021829;0.0008459367909145388
False;0.19783085636921866;0.0035201139924799967
False;0.19744543060006534;0.00845063124667641
False;0.2821375267380942;0.0004771438858874634
False;0.21323108336881957;0.004643530284649161
False;0.16648727311358733;0.0042796815150150085
False;0.2903577115168036;0.0010415072087254337
False;0.30760285464524656;0.0009001387255945484
True;0.04962566809906911;0.07357028306848008
True;0.035716758218859855;0.0801849934553028
False;0.09242791289059009;0.025074165748060043
False;0.3244798377887584;0.0011221018146636
True;0.08751294567488294;0.03246086773613303
False;0.20523067793585503;0.005233136835360291
False;0.20281006610938487;0.005159602160522286
True;0.042554257283075145;0.07151669392779327
False;0.31705792386830156;0.0005602301121599258
False;0.2509669888170115;0.006408376228649449
False;0.24661188118770927;0.008420564378538232
False;0.3275720109787878;0.0006112560005897393
False;0.1658007201499914;0.008597678456455976
False;0.3209406520332587;0.0007815640321285188
False;0.2582154655523755;0.005512666238641431
True;0.04336478247615814;0.06336388100034306
True;0.11476769241816905;0.016673531857001603
False;0.3107099027654313;0.0012335817674286281
False;0.23221271884593137;0.008656923867736824
False;0.24050925341384888;0.006521855573753667
False;0.32289158615559205;0.0011030352780234793
False;0.16284618866901734;0.0062955633571768815
False;0.21211185600394564;0.008678670969326688
True;0.03266153054396445;0.07491281655265934
False;0.09399088832236759;0.025849800346909257
False;0.3208386491083828;0.0006495252225197329
False;0.22066483024779288;0.007674239328720205
True;0.035953630126128365;0.08360743795139029
False;0.21069259543862265;0.00411288520487618
True;0.0007070145535287244;0.560775099911732
False;0.2524768724488645;0.006753872273562396
False;0.1969016752892893;0.004747571341217886
False;0.262776354809934;0.003265419354282829
True;0.01748141604299134;0.11007885088715864
True;0.135321626010103;0.012320308367156
False;0.17793010064419745;0.006969160707070127
False;0.21920057493818157;0.004160089224490734
False;0.18539857883593971;0.005659377466526783
True;0.036246669996299614;0.08188362486804751
False;0.1903914236922396;0.008171366579412
False;0.09406664669259393;0.025505739114013652
True;0.1134249915597577;0.017514192591733434
False;0.2543914837619961;0.004507563809667907
True;0.0350025792783258;0.07893626471861556
False;0.0924773207847548;0.02546051627864527
False;0.2921501007683363;0.0005445925825723385
True;0.00020667701352758546;0.49295111002810693
False;0.20806365764374055;0.0059469909711840265
True;0.00016570007065283709;0.41455724815781836
True;0.11367263664174143;0.016179376962341563
False;0.15637135522520676;0.003055995125924425
False;0.2741425163335112;0.006578208093218674
False;0.24238268818863623;0.004070842717815719
False;0.23816695904155644;0.002978394692364951
False;0.2327400712850955;0.0087373130198085
False;0.233554080715826;0.008018870657027789
True;0.31740228258507636;0.0009345325271144539
True;0.08927398820811859;0.03045831490216372
False;0.28358837035843426;0.000838310545707066
True;0.00029496219801682403;0.5218956522539074
False;0.1872580065793136;0.0058449468919830536
False;0.19169724093274684;0.0032374918097595505
False;0.16451760787977554;0.004341413256944366
False;0.30153613335756857;0.000990051957536439
False;0.29784544669881596;0.0009606054946224819
False;0.20097751144400172;0.006390241728373295
True;0.3222175156648069;0.0005199685190757514
False;0.19446286494646228;0.007247196297795425
False;0.23950545620481573;0.0046620227665402315
True;0.04799071307184802;0.06996858124352512
False;0.2559307556609099;0.004723184403733917
False;0.20284246156880043;0.008515919129061378
False;0.3293580074882964;0.0007595258507164771
True;0.1137543110728996;0.016526599495462424
False;0.15676511151783182;0.008524491491925629
False;0.3146494603768038;0.0008026300821097291
True;0.000605936359187134;0.7637296359598338
True;0.0470818482847333;0.06550723226588
False;0.25850624103816094;0.0043119691074723675
False;0.18388135322706736;0.003149574143921517
False;0.23431929231170173;0.008500609600319117
False;0.13126983311165172;0.010799176050123066
False;0.254565706321996;0.00549041513844482
False;0.2273298068111957;0.003939077752232079
False;0.1875513191895903;0.005412486668420523
False;0.32111986867198783;0.0005264442375220511
False;0.1919384107920384;0.005115077995780729
False;0.1667081893870561;0.004137171245529052
False;0.3080879358184887;0.001041978904264482
False;0.2482016406909505;0.007035729221962049
True;0.00014187938074597848;0.9596458085208212
False;0.16739372079798698;0.007100867019013947
False;0.24463810331375085;0.005259726698140036
False;0.24069378675691405;0.008124684628870131
False;0.29574168795765765;0.0005757028864653582
False;0.2863217860032005;0.0010516516507664653
False;0.1951746029380732;0.006811477711702686
False;0.2842189650996645;0.0011324496821204207
False;0.20144105787378977;0.003357755715191661
False;0.23006897295556217;0.005579605954244834
False;0.19097849036708223;0.006611917627126915
False;0.1586964701581048;0.008146299906038932
False;0.20486366725912492;0.005634542194058833
False;0.1911216408548304;0.004044504145794284
False;0.24580629185238462;0.006037588633102313
False;0.3182675696526551;0.0006713066361870545
False;0.17746031358859107;0.0044233005768425145
False;0.18883667123984638;0.004491574166516914
False;0.22094948598515984;0.005134374349472391
False;0.3152692314503022;0.0011977410166242983
False;0.32059815371510114;0.0010130245083552884
False;0.28275406309463924;0.0011137485839497932
True;0.22140967606368278;0.007356708969064197
False;0.24045029725816686;0.007070902271097874
False;0.2855121959921803;0.0006856011929267461
True;0.010630908528160777;0.14355424193789126
True;0.2527599610787824;0.0064655177253100235
True;0.0007142952725029231;0.9319422004726232
True;0.0006573459119842489;0.33375663019181434
True;0.0005790716125198543;0.4888471097548753
False;0.036085936320081155;0.07601803526689495
True;6.055466988221009e-05;0.9849005292382478
False;0.05207006988753182;0.07110670524393431
True;0.03453288999335854;0.07391275895401851
False;0.08570125207707642;0.03145766816370243
False;0.03974944787559768;0.06485297552816761
True;0.00020728634438945204;0.8837832901116344
False;0.09160408728484652;0.0261803252435738
False;0.11375055850711602;0.015590407809311724
False;0.03822445128781464;0.08417481846475454
False;0.03441441592381036;0.08384012535490172
False;0.08997478697315357;0.026995876233412555
True;0.000712276542030518;0.6774317422564156
False;0.08825166054868788;0.028811548219516276
False;0.09080817653912429;0.02655586398033949
False;0.04368229307248242;0.06880283696341877
False;0.03650263473730679;0.08183052136992972
True;0.00023808492964206153;0.7202574021862407
True;0.03821593287250574;0.07499359088573355
True;0.0007931403651209942;0.9554387113901733
False;0.051981396865502794;0.06305300761248515
True;0.0005253779389534873;0.4143277293326075
False;0.08912164166172763;0.03266512279595933
True;0.0005192667995982832;0.6588235581275839
False;0.08462120540341543;0.02698194556163124
True;0.000510064821101792;0.8085183047651551
False;0.038823894453138885;0.07528334725032759
False;0.042102483040401636;0.07220108379547871
True;0.0001216711633193818;0.38928633440165344
True;0.00029674529148550355;0.9368155174334533
False;0.08699920666772187;0.026659923180394434
False;0.08626769120271809;0.03146644565399174
False;0.052080801829303025;0.06421979385826504
True;0.19389421464498025;0.007720833028699159
True;0.00030170913194747204;0.4574244548322532
True;0.00040401711719772495;0.9130936011450393
True;0.0005221456384913771;0.7583293065938532
True;0.05033287436608454;0.06551055817833593
True;0.0006449925296260092;0.3503247966238427
False;0.11427289984166765;0.01520386595755576
True;0.08979294278793137;0.028297387619084628
False;0.09192740529690187;0.029070391406064416
False;0.09184332073643858;0.02570726020651685
False;0.037453550872906596;0.08322451342343899
True;0.0008347722919290417;0.9767434055921196
False;0.05246152936100924;0.06416787682275951
True;0.08725105695085725;0.02886891216009945
True;0.00025672612993424986;0.8727994045643653
True;0.0003522510816338293;0.6941404585577062
True;8.123394866692246e-05;0.9364015155849804
False;0.08695894241499946;0.03019161861483175
True;0.00027009294016063266;0.9504824053588687
False;0.09227237955185243;0.026360421756216154
False;0.08972857573006578;0.02949526592509332
False;0.11382680650740588;0.014405727320836633
True;0.01298005627665208;0.12471864559494099
True;0.0004812171861412808;0.5186003406765157
False;0.04940279402078581;0.07326919854770898
True;5.421460962236114e-05;0.8950364251218087
False;0.09088129047898456;0.029595684026895004
False;0.035239729677776506;0.08382409865551042
True;0.0002640804122154093;0.44943473880110363
True;0.000424572084524132;0.8686662661119083
False;0.03948219105173824;0.08365960414041236
False;0.08563781922535668;0.03160783543091264
True;9.674626743333597e-05;0.9843343611100025
True;0.0004759276894249478;0.5207222759398186
False;0.08705728478724958;0.027656921497984748
False;0.035214705191588;0.07840072952624534
True;0.0007367523724424202;0.3896107974699081
True;0.0005695753180234019;0.9232928592591935
False;0.036651206939006385;0.08253433897764707
False;0.08967817925336083;0.03045807343672699
True;0.15976059517527766;0.006174792792425731
True;0.00038012019319610306;0.41713189040467474
False;0.03994743691162791;0.0760951040070553
True;0.017964375685741756;0.11157529438439363
False;0.11360254907773579;0.015608881054250814
False;0.11462998726491484;0.01587985825753263
True;0.0005201987798654688;0.5315606760658728
False;0.09736789775792351;0.025303164278321907
True;9.375815954794935e-05;0.8938300627567141
False;0.042842995063686225;0.07314015884594872
True;0.00021950651466019622;0.8950001386103517
False;0.08546661235521216;0.02914772396054589
True;0.013757284736310549;0.1182291058676456
True;0.0008286753293504543;0.6043442414846008
True;0.0007542095869855915;0.7520123561062987
True;0.05601995410934498;0.057725130234734794
False;0.03907323581905711;0.07879654858314758
True;0.00012608490390797163;0.9626812395903299
True;0.020782874587885695;0.11231824698350927
True;4.38109366390133e-05;0.7892520248315474
False;0.08852436164135274;0.03035178692206869
False;0.05197773676951853;0.07286729520174771
False;0.036537326253657736;0.0774406084693689
False;0.03798458113578652;0.07394931940477523
False;0.08908700727161792;0.03101176865769629
True;0.0005521118722975598;0.5455771573390538
True;0.018028495029844094;0.10561590832179554
True;0.05400472696751706;0.06046854744798526
True;0.00010518190152131731;0.5346444404828627
False;0.03627523410440338;0.07994974134118615
True;0.0005661198949313947;0.6238530571919767
False;0.041085610306419336;0.06528781095844761
True;0.0006311232195702804;0.6521629441065194
True;0.0232358019675878;0.10323365411708925
False;0.08680059611117226;0.027598058059363842
True;0.00021356696983050084;0.6892033256481123
True;0.00019007747526915205;0.9946267273849022
True;0.0002800233681426675;0.6724368038446435
True;0.000693782890619181;0.566112861084547
False;0.052651079192687716;0.06324371305256522
True;0.0001453924013292859;0.3595766808278484
False;0.03693894832819017;0.08348073728361488
True;0.020263032282032026;0.097458939757462
True;0.13053208693874832;0.011446544634634527
True;0.0006331192677701938;0.9041405123211116
True;3.5026647851927405e-05;0.6384976375447804
False;0.03432610120399481;0.08213151136003963
True;0.021964992395422087;0.09941317306335666
False;0.09579879599692642;0.024919720392947254
False;0.08817367189533888;0.032771681061511064
True;0.00021136304814028852;0.7874730702035581
False;0.04815211799520641;0.06535741394929696
True;0.00037064280936592814;0.8978120826655708
True;5.256442463857718e-05;0.8454315003579989
False;0.08653911255652041;0.026499310943866733
True;0.0007817142017841752;0.5743180012371412
False;0.08918806617586683;0.029601064790724146
True;0.00040604090499957846;0.6168251097126312
True;0.08430919558785294;0.028570872915350484
True;0.00027120765192480085;0.6191848042948379
False;0.04471849222205092;0.0623395302292612
False;0.03445985337140421;0.0824863421828255
False;0.0537342394021571;0.06496159393247554
True;0.00012475262638740692;0.5480356509974882
True;0.00014526064221418518;0.36031755963270695
True;0.3256379910423499;0.0011527187880229568
True;0.010045833887567746;0.14643146896222273
True;0.00023097584165511498;0.9697506552077052
True;0.0002555984155793246;0.6665509949258186
False;0.04631376309166457;0.07318769784533748
True;0.0006583440172311522;0.5921865852433797
False;0.03669616683594334;0.07624299287795408
False;0.09121983958602901;0.029169240985802057
True;0.0007982711418880341;0.4294836774703723
True;0.0004254150864007133;0.5991066539179329
True;0.09215794820819301;0.025631332465624605
False;0.09728240499586735;0.024165717468975292
True;0.00044900572946348396;0.8800013631538404
True;0.021605022208984026;0.10409337172913968
False;0.08531613299571678;0.031939573561863895
True;9.329222640432006e-05;0.8574400090079776
True;0.0899163546503481;0.03188613575823927
False;0.0899270311462457;0.027456494066938012
False;0.08632517329947667;0.030586210281163248
True;6.131504858733045e-05;0.979508803124491
True;0.0006100505204539835;0.49348651567998103
True;4.077546816279483e-05;0.8770793263504387
True;6.416964095565986e-05;0.6540467328837485
True;0.00030058383873442864;0.7945326208852936
False;0.04524360646773013;0.06199990859493511
False;0.03647815390183894;0.07534104971347313
False;0.05236319494045703;0.06699237570982816
False;0.03745228001950888;0.07400195068777657
False;0.08873551100356938;0.03165047475740205
False;0.03394600238734729;0.08301623662812736
True;0.00039217886918249244;0.7925723545630188
True;0.09658836932087142;0.024033563599923317
False;0.049127646247266316;0.06590939082558817
True;0.17061107035519915;0.00332960695741603
False;0.04075446218135732;0.07199751311065207
True;0.0006260545533248541;0.7040811912196936
False;0.041378339091224174;0.06488315388505746
True;0.00018621582859623643;0.5473883083478049
True;0.0006298783318259415;0.3629654016072515
True;0.00034787200492764265;0.7923750708985013
False;0.08735643140332466;0.026426144292645743
False;0.03359576429848577;0.0738403453157211
False;0.03371645972125564;0.0791527988765214
False;0.049226276789482604;0.07125655091948832
True;0.0005544889472918585;0.9911061025117807
True;0.00042629857337468245;0.4593322385096121
False;0.05236620145754174;0.07321978985090151
False;0.04449291572775417;0.06439775755938797
False;0.09189071694267767;0.02833713798558898
False;0.03656703585635523;0.08334157362621268
False;0.05264424111776378;0.06731917690430794
True;0.0006636700445658686;0.47661378731409065
True;0.000788381525884589;0.4111067824941413
False;0.11395992959775404;0.014632099490734293
False;0.08854110333275765;0.028218360105019914
True;0.19360232220032378;0.005526438477447644
True;9.214666164982363e-05;0.38143756624872743
True;0.0004375717876135991;0.8337340789503978
True;0.010013544437830363;0.1497639566978147
True;0.0008243035627509487;0.6406685571044388
True;0.00033312901783792817;0.8520041621675626
True;0.03813446879346991;0.08157665729043731
True;0.0006459435007884033;0.4711799953534782
False;0.0016393168073585336;0.2750458029699991
True;4.799570065397945e-06;0.7328985681358551
False;0.020277460262635875;0.11163131109079616
True;0.022297288031212014;0.10799244309969105
False;0.055262215566116775;0.06013897355822378
False;0.014441589987666986;0.1212285970468719
True;0.0008238919868894328;0.4692923255181711
True;0.0006356015674947831;0.4936888476700201
False;0.09034044868312854;0.03238359856343492
False;0.021561950279618495;0.10934424995533194
False;0.019874338085342176;0.10572468729498354
False;0.05602974007078313;0.05962515900600141
True;0.0003069759145646699;0.39627889965803337
False;0.055544282647980364;0.05932140537521056
True;1.568167865989407e-05;0.45979414099108173
False;0.018907965266720814;0.10196914463100493
True;0.00046419438618832646;0.77194781505789
True;4.407843525619655e-05;0.5299501413588793
True;0.01381996530094132;0.12289131007993494
True;0.00029755261632485777;0.8778899225341428
True;0.0005526907868549576;0.9499182571115486
True;0.0005299432916196594;0.3434171614704016
True;0.00011640904132997617;0.9285053778582958
True;0.0005061877592210084;0.3984973842119877
False;0.056653798535112536;0.05944082607933926
True;0.0004954383477975802;0.752333833927002
True;0.0002480476948613316;0.5715615289347825
False;0.020314406091076823;0.1086983075781177
True;0.0005348933753609211;0.5540042713764246
True;9.627045838533297e-05;0.8740706961671832
False;0.056237419190605355;0.06016961304960543
False;0.08478484762944355;0.027649407813210184
True;0.00048228939786450653;0.805205496387752
True;1.1175412560271904e-05;0.8868056293340233
True;0.00028221370940820933;0.6321037902474802
True;0.0007199994737941371;0.9758607454311309
True;0.00023018554601188766;0.8651626552373686
True;0.04537495134853036;0.0717521084354671
True;0.0003555363719968504;0.44422341362689866
False;0.08665581964087;0.0327917766398739
True;0.0886828819565074;0.028565671172609768
False;0.09017069957095342;0.02877249658900482
True;0.0006729611664327596;0.45028124455648827
True;0.0003395292740880327;0.36644526008585493
True;9.102736271469475e-05;0.9929933952481914
True;7.614447006124421e-05;0.6439712691163912
True;0.08512312611891913;0.027301401310428946
True;0.00013064277996797843;0.9596122964305772
True;0.035707575246606726;0.07511402332021395
True;0.00043726043770999544;0.5666161820725724
False;0.01289779573006554;0.12450504874010847
True;0.04230160202921468;0.07308201374465914
False;0.054448217986688065;0.06172280191877604
False;0.08442103082661032;0.026804540656196668
False;0.11352340550247647;0.016715578139862873
True;0.01305354928281677;0.125341499867777
True;9.92306171383272e-05;0.6720188938736185
False;0.0183515481947277;0.10221072643903696
True;7.675877870117319e-05;0.6508210025643455
False;0.0014078385068102646;0.2790968966776706
True;0.0005725195402435289;0.7531396303026057
True;0.00018521476832696808;0.3436126094552741
True;0.0006790530559251174;0.9594231109392894
False;0.01775562654449847;0.10213545561786896
False;0.055406845259261386;0.058894446246585234
True;0.05119478895232845;0.06950476043838903
True;0.09751068728639255;0.02411126682541584
False;0.055860097136308226;0.05678239869976959
False;0.0023901227180141964;0.27933135043014995
True;0.00012147357497986722;0.5104097777290072
True;0.0004891350306529549;0.951409781518214
False;0.022022144380876088;0.10353063113476109
False;0.05661560469034777;0.058064022487597226
True;0.0007852868228393552;0.5798355346596005
True;5.440814800915792e-05;0.5340919476626574
True;0.0005170518944752722;0.8590247842981424
True;0.0005921628778654002;0.8874232492468273
False;0.11342794749525163;0.017210980903240965
False;0.09104172341276101;0.02634637501733663
True;0.04241179580247937;0.06564997848542822
False;0.009522283188411883;0.1415505243282066
True;0.00023232772570158807;0.43670862589243936
False;0.020996336465013213;0.1010780171861758
True;0.0005977960081296439;0.5232319224715527
True;0.0007798121287910247;0.6613040004344546
True;3.458466049028984e-05;0.6958084852743738
True;2.0032008449829826e-05;0.8042842866467792
True;0.0002504572370683287;0.7703374158136087
True;0.0003721718516010948;0.45761578397565117
True;0.00036088107990669684;0.6476459127880565
True;0.0007532537664671045;0.640010103766587
True;0.0007281810201077881;0.4657668794147255
True;0.0004331679167005732;0.7283332640508408
True;0.0007491213397910649;0.5692747248712131
False;0.009482789726125804;0.1402939465779657
True;0.00045569370353793203;0.718939323233118
True;0.0005319315968830406;0.7479320466438588
False;0.05641086117417979;0.05929499926893289
True;0.0005298716951482728;0.4134167884151579
True;0.00014601675828187098;0.4529996383070879
True;0.0005484494631433979;0.802787149595296
True;7.055982029579116e-06;0.7929419382298204
True;0.0008206075874431359;0.5704114886770699
True;0.0006571832137571312;0.7893704051678614
False;0.023747251674016347;0.10279756397625092
True;9.255643640304516e-05;0.9591935223452355
True;4.3549514336822745e-05;0.829869585338523
False;0.05457386719015082;0.056773599556913946
True;0.0008295086825113838;0.7958476277973465
True;0.0004514417484476604;0.3309046738512306
True;0.040277716165865673;0.0617386690597131
True;0.0001575897139765795;0.3556378916361348
False;0.014206390070270431;0.11512878753401505
True;0.08905686121717815;0.027472488894810628
False;0.053733778620592525;0.06059628792275744
True;0.020396854533589626;0.11130747889802839
True;0.00031870908280991753;0.7257259428450813
True;0.0004503153994335108;0.8025489407735064
True;0.0005265769918045357;0.5997401364282691
True;0.00047913691203315594;0.6994623721511151
True;0.0004977414826366805;0.37900896674085693
False;0.05421413124567234;0.061633031335896475
False;0.014587948444733366;0.11668182540148594
True;0.0004408092301067378;0.7669562474068328
False;0.01724904919747451;0.10576230881973123
True;7.7224966155461e-05;0.6623281797024907
True;0.08742268379200827;0.029847504559998374
True;0.0007971805112584464;0.49003647379461546
True;0.000598493093803957;0.676766401445658
True;0.00029923951560795577;0.8909104925682437
True;0.0007857744044966188;0.34676315100249794
True;0.08681735618014923;0.02666563463535147
True;0.00035293934473173033;0.4215928474554942
False;0.009628701585173004;0.143860198047085
False;0.022826864917205654;0.11294291374989512
False;0.013351805800759745;0.11858406592037307
True;0.00039972697791345853;0.9201741033207745
True;0.05013923184965953;0.0667873022586889
True;0.0005295356489088125;0.6899073051977631
True;0.009556835598106253;0.14738963886034165
True;0.0006666552132219986;0.8968397305315369
True;2.0387010442814826e-05;0.9708462217350126
False;0.013432685560759307;0.12461318933007366
True;0.00038469565688585127;0.5548567436527284
True;0.0002636798744037647;0.5578847148231709
False;0.09184584139980485;0.026410690642770743
True;0.11375066292076925;0.01633651982815702
True;4.046673080677104e-05;0.8915529437925341
True;0.11354627899670514;0.016944821167846968
False;0.014401701284949343;0.11645789607987607
True;0.03598116693121584;0.07686804097804448
True;0.0002898773382845631;0.5174099489739756
False;0.01004278883943538;0.14530673805313538
True;0.04381206738379341;0.07182205142922769
True;0.0908553687379383;0.02768585977649896
False;0.012537986100835233;0.117910977886939
False;0.054863064295267265;0.05788648464884841
True;0.0008284635155128588;0.5113415897712141
True;0.0006884042688368823;0.6506245617589835
True;0.00019377994779630985;0.5400058607349987
True;0.03341677265406775;0.08268445719634156
True;0.00018501076901233097;0.43115666767303706
False;0.019781006656455775;0.11070354775355218
True;0.0008286316925085812;0.5124475198989151
False;0.022219157359512718;0.11272610730483044
False;0.0142123001662899;0.11481369124459312
False;0.05565615499964447;0.060478856326627535
False;0.0008958459084385128;0.2748684301289636
True;0.04402956248956263;0.07058535185850198
True;0.09699426067249821;0.025119310861431116
True;0.00010507737876035988;0.49628113927860285
True;0.040001996931765114;0.082122220233744
False;0.02120452850989015;0.10584558490921056
True;0.0006815550785310298;0.8449527111608257
True;0.0007894741950663928;0.5419137332923972
True;0.11420843697576001;0.015428618457597116
True;0.00043276309648268183;0.7952741569694327
True;0.00010949483349332553;0.6800875417872139
False;0.05635166479321101;0.05646841528721772
True;0.00023913882787865909;0.7610706237278592
True;0.0005311369687486101;0.5297242541566386
False;0.009143243676749594;0.14352156252807532
True;0.0890702355436454;0.028980745244274162
True;0.04762429472844831;0.07322814587165619
False;0.018191787016739208;0.10739239560910474
False;0.014034136947312438;0.11771763090608721
False;0.056575956907279214;0.05797687886048164
True;0.0005284982886273568;0.8002042094468735
False;0.010563448458918503;0.14535511699389433
True;0.05257831254052304;0.064492915838411
True;0.000666974870935872;0.5824978065361174
False;0.1134669648264492;0.016484027978423126
False;0.05441684373315659;0.056952517684170395
True;0.0007928287986368939;0.5183475059020808
True;0.0001503876599349319;0.9558368066631157
True;0.11491756291777533;0.016397546020598806
True;0.010800193923548557;0.14271863376049518
True;0.03689966931263597;0.0752252872978668
True;7.08647227022193e-05;0.7673265183323339
True;0.05410646672940668;0.06080817507283025
True;0.0005828306149329753;0.8283556757108645
True;0.0010621323611954702;0.2762080024997655
True;0.00019990975533972183;0.4585143452043467
True;9.015883032127446e-06;0.43801607614447274
True;0.00031705943998813936;0.6812997697166729
True;0.056112900462973736;0.06010648694170375
True;0.0007623887710336479;0.46768409259387456
True;0.0007807819131333632;0.4661624703837617
True;0.0004060536203509997;0.5953069705552602
True;0.0005517822782196294;0.3464564116073339
True;0.0007272644215212681;0.5868532892973924
True;9.599203557680102e-06;0.9954637554729815
True;0.0006143521520899987;0.5578888825842467
True;0.0002802582566067195;0.7062294072213915
True;0.0006999409620715762;0.5920676573893628
True;0.0008223408631990144;0.7372587967774401
True;8.044547765855318e-05;0.9441623634605536
True;0.04571400923008157;0.07186005667704688
True;0.0007905677373602207;0.46812114405537075
True;0.0005477877156909905;0.4522365314513179
True;0.00016044387864287723;0.9390883998908777
True;0.0007090402990759232;0.541345947727915
True;0.0007775773381110957;0.6944676650061449
True;2.068930122307657e-05;0.3876915222458367
True;0.00031437389467527815;0.9210937309114933
True;0.0004700095874779075;0.4166290882527831
True;8.092939663834986e-05;0.7908123694768454
True;0.024120011020612498;0.10183475410676748
True;0.04255491816792964;0.0618041919149266
True;0.00011456824033845972;0.7267139105321518
True;0.00036535789930223215;0.7384594977800087
True;0.00024126937702736713;0.9704187735626622
True;0.0007890199167428261;0.5240527016498296
True;0.000413022913313381;0.38833823990617966
True;0.0005226944011908457;0.7330908764600141
True;0.0004556217679962042;0.5998349759218065
True;0.0004226579326227546;0.7457112754736759
True;0.04723054258813906;0.06961872498746283
True;0.0007226937072216656;0.6315416914384133
True;0.0006717715498818992;0.3323983163683085
True;0.0001614591907374837;0.3593707460950616
True;0.0006472559775234925;0.9931851595856387
True;0.0001241009175970148;0.3837412345652759
True;0.08674654882686195;0.03133032656817716
True;4.813927353879824e-05;0.4454234187021776
True;0.012620334027036197;0.12494355068337203
True;0.0003466494031064836;0.9581338935141963
True;0.013546787555977161;0.1247514708360314
True;0.018609706871194044;0.09821313329883256
True;0.013791459452764799;0.11548426607561371
True;0.00030767006482857324;0.9813811596094247
True;0.0008269332673216193;0.913725127554642
True;0.0005864077235238961;0.5379660726402656
True;0.000824893502645537;0.395331425556868
True;0.0003610702248252692;0.9183791191533366
True;0.00010611911665672137;0.5406373438456934
True;0.034143341699465285;0.0784640767153262
True;0.0007187745033096501;0.8337618084573104
True;0.00039020772742987485;0.8291462436130552
True;0.01929069580457292;0.10264198400732424
True;8.691732854574396e-05;0.9069036723711592
True;0.0006093527308718613;0.7426466050784166
True;0.0007892468053757368;0.8311274722521305
True;0.0004654549550541017;0.5840535429159482
True;0.08426611338790532;0.03115089671626493
True;0.0001991035328903218;0.7514615311194852
True;8.429574957294845e-05;0.8055240679321178
True;0.00040338410030054767;0.6924069471712433
True;0.00025124995675922875;0.33116789940554203
True;0.0007356810984191045;0.6232605339434149
True;0.0007178903887896119;0.5038663672852601
True;0.0020089814992371325;0.2803276199166457
True;0.010313678471927767;0.1493470659617628
True;0.11457242512868164;0.01668402297516509
True;0.0004024252116890159;0.8469439924377727
True;0.052031694338949525;0.07299559095119626
True;0.0007633136406689036;0.3942148457086343
True;0.00023032808179839487;0.6607174371657525
True;0.0007112113029678536;0.6669796756484957
True;7.53432108862888e-05;0.8248600050994812
True;0.0006149367422982034;0.7625750377035252
True;0.04646160163787139;0.07329153279381875
True;0.0003525905528908253;0.3989432372501265
True;0.0002457035044128022;0.5156952803466368
True;0.0007012466374493742;0.7231893194602208
True;0.008973685177471713;0.14724518341308995
True;0.0006128547130676342;0.9631637662804025
True;0.0007836094942166366;0.9978650155982003
True;0.0005886109534231954;0.5682505366150099
True;0.00034347337448587814;0.7683665793520618
True;0.000577817874189763;0.8496088073042953
True;0.00033713449716764185;0.5747669716207296
True;0.0006422602126002905;0.5497832307955015
True;0.00023322865667071513;0.5559013919314812
True;0.000716475302173036;0.8829215113623378
True;0.0007971633388670242;0.9923047947642101
True;0.0003202908220255732;0.7058730571327061
True;0.0006446882258185259;0.9888421374653253
True;0.00027168637930748103;0.6193801279187352
True;0.00044755010684592193;0.40243430466783414
True;0.0002363050996519529;0.6733809109969893
True;0.04701209915506503;0.06836567883285405
True;0.0003327609057623219;0.832448640376108
True;0.0002469302400218535;0.9904374720715582
True;0.00046055920479573927;0.5251296070799926
True;0.0008108057217503612;0.8793069339368037
True;0.018736075934649238;0.1120361105011466
True;0.00017458963358800325;0.6328857343343115
True;0.0004750047843925972;0.7363601912230495
True;0.0007649511245244276;0.7679052020744512
True;5.5212971660992097e-05;0.43227208818126883
True;0.0005658499342118438;0.3566003713210608
True;1.892307219604963e-05;0.3391624570951928
True;1.8627641945358334e-05;0.6726310201168803
True;0.00027722343861146214;0.4980249052206344
True;0.0008135238096108013;0.39026788659229394
True;0.0008008946156399565;0.9705853012003628
True;0.0007293135363550996;0.38099767896414827
True;0.0006351765713976493;0.5167473317129445
True;0.0006289381815765849;0.7550740916812522
True;8.387719288659711e-05;0.8576940926490869
True;0.0007605697843953521;0.8355496937900927
True;6.46478523024169e-05;0.8092843057165984
True;0.009044582912961797;0.15232885600448481
True;4.229633785681453e-05;0.7904772512263505
True;0.0007380275175660896;0.7651949314735769
True;0.0004987158952776328;0.5342700157324258
True;0.020194460238315004;0.11095368512877903
True;5.320649211037242e-05;0.4010208170962294
True;0.009861215825610784;0.13735460169828773
True;0.00020363238841122813;0.9739650793822465
True;0.00048740866847732226;0.9316723863476746
True;0.013692067661095979;0.11807859242808573
True;0.046054652594024734;0.06398765942850837
True;0.0007181937644977277;0.8954025427116754
True;0.1133606401910938;0.01734019163517123
True;0.00023910246475941218;0.9072670118391892
True;0.00036024403474609046;0.907369614117665
True;0.014294692893775968;0.12282020112617775
True;0.00025167343020569887;0.8265487481256661
True;8.631546968532364e-05;0.7067994912310279
True;0.010255405290910099;0.14969303581427518
True;0.01998883255026521;0.10269248249940255
True;6.454351429990064e-05;0.689001568607691
True;0.0002511473792671425;0.7471056684469808
True;0.0006131774698260749;0.4579212373663567
True;3.6133694099591464e-05;0.5311392425311983
True;0.0003587981785940075;0.7078266484240778
True;0.00033970868632555876;0.3829054729947018
True;0.00017417105527997963;0.38933538242519783
True;0.0006738105941229253;0.8658097031648025
True;0.00034888640844433176;0.6125542524764854
True;0.0005416651882022659;0.3951831279837629
True;6.375994608020536e-05;0.7179830844293276
True;0.0005151005096785759;0.4894744071308521
True;0.0021411133121573755;0.2770157570687722
True;0.021027634089196716;0.104472360510133
True;0.0871731420937657;0.02763641879238292
True;0.0007300584324714878;0.5550273000710707
True;0.00022646351936866547;0.5007524091629092
True;0.00031845598938473526;0.4671078801524768
True;7.25777973613966e-05;0.4558491313739494
True;0.0004496843522832772;0.7477454891105982
True;0.05430121414781762;0.06072256679213501
True;0.00012543043629586952;0.8208577048620721
True;0.00044560286532753144;0.711222566196513
True;9.726572321856812e-05;0.6984366587212688
True;0.0007924101789598126;0.3561409489215571
True;0.008369913304649833;0.14000089826650858
True;0.0006887756936674256;0.6682073979544816
True;0.017210033482879483;0.10230220042274805
True;0.0007468675176360637;0.3694447541794109
True;0.00013712356430988447;0.380370776590897
True;0.0006715576842876764;0.3534293849378783
True;0.00046104312058687296;0.5786475637730354
True;0.010852860443890435;0.15334916838272325
True;0.021178999494305045;0.09943309750430858
True;0.0003189026759992228;0.8084691717577437
True;0.0002977224170526949;0.7560872215298587
True;0.0006434794601557143;0.9400396109847279
True;0.039462066933648156;0.08228292254230732
True;0.000137955471972101;0.9835834529402117
True;0.008950660276753673;0.1433275048377362
True;0.013858159579831027;0.11547981343011676
True;0.000271257594439788;0.7478322341060937
True;0.0004325599386205916;0.3978855198011168
True;5.5703332332206884e-05;0.8047523529924345
True;0.0030396103722848075;0.2775523101853944
True;0.0006948650617950763;0.8359593565153026
True;0.0005761876690595739;0.6757150513517811
True;0.0007805542303763069;0.7775715867713018
True;0.05511158378146107;0.057143026642741256
True;0.0007451497295927351;0.4923172260778994
True;0.0007099743113683151;0.4393654290308233
True;0.0006985800746194027;0.7804845098533013
True;0.000799191066118406;0.988583088410606
True;0.00017763056571501023;0.6326115736275093
True;0.00019664792240066812;0.4471164182333942
True;0.00023659892052825074;0.6602587149802219
True;0.0006418718688337926;0.8805880903265888
True;0.0006300883259724193;0.8137068020346024
True;0.019410205598831245;0.09889886207898371
True;0.00053553496478329;0.3355443398886057
True;0.00016952256826649584;0.8276069169871496
True;5.658584423826888e-05;0.852549565375015
True;1.9563931005176942e-05;0.677285304873789
True;0.000425397305631506;0.33610654677156604
True;0.00041823565114644594;0.9398356200705266
True;0.0005125144858403293;0.44797771942556286
True;0.0005874449185475277;0.6599726970689134
True;0.019105817286519344;0.10337314795858657
True;0.020926368742566977;0.09737948308919776
True;0.0005162960143892332;0.930788558161513
True;3.2717063891319365e-05;0.5377934774413677
True;0.0004655496560025462;0.5927905201889871
True;0.00043930123533825427;0.6364376413713502
True;0.0006348292823867801;0.723233910316046
True;0.00047801155939550065;0.9746784809708997
True;0.0007338677521016772;0.3703561340872684
True;0.00018434821053529656;0.3797925611018746
True;0.0004579005155801947;0.6301575114996082
True;0.0004915475317927277;0.713330753378352
True;0.00013690616576077282;0.8921568934618953
True;0.0007906973172009804;0.9136023188360025
True;0.00020466914628123806;0.7274980675872706
True;0.054594651682158914;0.05839086799352971
True;0.00011934813053486243;0.39478215550431167
True;0.0003112976602431319;0.6990711697761711
True;0.0006428093425232632;0.6774293268147875
True;0.014080749433123034;0.11658828245325784
True;0.000698014753820036;0.6377517802374145
True;0.0003524524799798412;0.5700898069415797
True;0.0001734375328083572;0.8093818143460272
True;0.0005276097126634471;0.7639003679507306
True;0.0003441576910281451;0.33775691676262826
True;1.1790534339086543e-05;0.3601918958413235
True;5.161503257161978e-05;0.9481845716003221
True;0.0015656112927308426;0.2777059593167168
True;7.040127266351185e-05;0.5996869152327139
True;4.493609042895208e-05;0.9078693213311559
True;0.0007962224460542883;0.5111050167557197
True;0.0004494554855963715;0.8277731290507444
True;0.0007616268328395386;0.6173842083960135
True;0.0007999228736543529;0.6489972232351684
True;0.0004833603932219809;0.7451900560104414
True;0.054348528927802744;0.057870958196460265
True;0.0006355386109573826;0.3806611858618666
True;0.0006088265299711766;0.39752506166593526
True;0.0006041021534608311;0.929018954401237
True;0.0002570287382859157;0.5684389331336461
True;1.8863507939807726e-05;0.8582816673442627
True;0.002070867775190646;0.27553614209468963
True;0.008586480311372095;0.14290695381522406
True;0.11356607416306982;0.017342309952357658
True;0.0006817853086397991;0.9558561071666116
True;0.0003992979329147618;0.5095448183205296
True;7.777416311555001e-07;0.39215867195534154
True;0.0004376120734169965;0.34875553074842885
True;7.459501108467413e-05;0.5556400771869241
True;0.0007895591343506245;0.4198386255140904
True;0.0005215949896730501;0.8914211767970887
True;0.00027735390353642855;0.7044204157962877
True;0.0001900463326044934;0.37053253725578855
True;0.00044548590378174163;0.6747475590062495
True;0.0005863523449431931;0.44390808679148863
True;0.008369869171498592;0.14278798783869334
True;0.0005528814325447615;0.4427837295611783
True;0.00031397605991500426;0.9831151938610924
True;0.0005752385177451377;0.6159523140915477
True;0.0004013752503573886;0.37691776445754
True;0.0006402011186609546;0.8584712364986533
True;0.0003492963990367888;0.6327468310862296
True;0.0008134144986904629;0.4136613526787044
True;0.00048465595196053337;0.7266685731390629
True;0.00030215238162245887;0.6814721999224467
True;0.0004034862563431484;0.4152287609952357
True;0.0008265169864250672;0.8993601846539963
True;0.0002493963203361388;0.750160689087324
True;0.0006380627550478599;0.9830010550316702
True;0.0007513727478390609;0.6226235696560836
True;0.000291573272504788;0.9593944535568824
True;0.00016574862485971878;0.9280506614098816
True;0.0003949469923465381;0.8537068649826705
True;0.00034249363598468465;0.47957381916767094
True;0.00015951453396997295;0.7282167785149593
True;0.0005361244952352372;0.6036734774889583
True;0.00034171914709944676;0.9668073786363314
True;0.00038458543856551946;0.34047691628002347
True;0.0005949515280201814;0.5234161990857196
True;0.0002735381773758457;0.7666656222265857
True;0.00021809637734973407;0.7517758077916107
True;0.00035018173460143695;0.8102484536104799
True;0.0004564461170059177;0.48242291732928755
True;0.00014306807963594537;0.5327329307848048
True;0.000667987754526671;0.4119897991622398
True;0.000689788188477535;0.47013991593262094
True;0.000791345837623804;0.5692547558494533
True;1.6018255126799578e-05;0.6447219339070918
True;0.0007230116388386315;0.5312672205797693
True;7.760849154918053e-05;0.6287291640275754
True;0.00034350419578465277;0.7658179036648921
True;3.196624648752733e-05;0.6658388512413584
True;0.010208604179532945;0.14387763047428137
True;0.0007480272532751099;0.7372388563392223
True;0.0005943850978211891;0.3928297374442034
True;0.00041122512065079424;0.6108116836270217
True;0.0005116686555362767;0.8714757497038101
True;0.0003911049372318049;0.5151311253532935
True;0.010296449844623643;0.14377036328131848
True;0.00022525308244884476;0.5057377629947437
True;0.01419213415930965;0.1255795205129124
True;0.0002040346972234461;0.6544030456020767
True;0.0004321822053288446;0.6972972233387476
True;3.2913306998542684e-05;0.9054503714148013
True;6.701500992245016e-05;0.7766887026852833
True;0.0008155746289068012;0.8211845859727633
True;0.013104890870922252;0.12246001713455079
True;0.0003066660966773398;0.8265137571478276
True;0.0004106574971005611;0.5741419830727574
True;0.008829362515387042;0.13942521670685212
True;0.0007847625834759076;0.9333401360724809
True;5.748529750881181e-05;0.7410015559594495
True;0.0006442450430918986;0.6332262852189448
True;0.00046301373728449715;0.6383230792128722
True;0.0001588557777630521;0.8133540724456211
True;3.821494556914006e-05;0.5280331693707909
True;0.0004253759334736116;0.5093077168162806
True;0.0005904552974089954;0.7272957585553301
True;6.710039238186802e-05;0.8717164760199193
True;6.667378992612927e-05;0.651841551324828
True;0.0006487056333110971;0.8417472883454842
True;9.964687885039568e-05;0.39007737508368345
True;0.002305493450355053;0.27670334037260186
True;2.5687889037878058e-05;0.34119197084943503
True;0.05555912623673704;0.06032495873898135
True;0.0003517013666074724;0.5102694000330688
True;0.0006591066122366303;0.44678795081378475
True;0.00014734583900647368;0.5128083767137553
True;0.0006833807573684826;0.9716158128910902
True;0.00026366551067042327;0.4562822047929085
True;0.0008305518614187775;0.8521907410782978
True;0.0006182698832315214;0.9604399391334391
True;0.0007266708238647637;0.9794943272298906
True;7.615772005176478e-05;0.9322086093414043
True;0.000656650935032117;0.6714561177095713
True;0.009670176755791328;0.14256246031700942
True;0.0005512478283661922;0.5439307513403939
True;0.0007771866509196332;0.879771695307223
True;0.0007835650560101848;0.9331194243296477
True;0.0007675268667492558;0.49519574083673795
True;0.0006413616031446023;0.6358087064276153
True;0.0001700129329586078;0.9001990671279707
True;0.009219761198957926;0.13762213956597122
True;0.0003831043389686516;0.7115826064599295
True;0.0008050408532353925;0.4783830603666796
True;0.0004273977554701649;0.66791394200937
True;0.02393909941930697;0.10219383597972374
True;0.0002601276472465791;0.5288705016759968
True;0.00941363201334689;0.15353913113245657
True;0.0003765121792847692;0.6466773175284463
True;0.0005497027484054208;0.6805898408651494
True;0.0004016597220820855;0.8025044055393371
True;0.00042580917388840327;0.6010083580142085
True;0.002062079151849349;0.28065530913178965
True;0.0005335867007656267;0.7975843200220207
True;0.0006585142234989225;0.35758532045372554
True;0.00021444542091461112;0.796912207466943
True;0.053684466544517855;0.06058151706318631
True;0.0008130978749581309;0.3479166620422052
True;0.0007087349383478422;0.8298374562244963
True;0.0006374957508890655;0.3619693608019154
True;0.0007236579330486749;0.6225883206741043
True;0.00026136924087586663;0.4360896328916779
True;0.00047417752022795983;0.49496216703511065
True;0.00016976941116688578;0.8770174047313603
True;0.00047815448265605754;0.7207195184366378
True;7.23942902933898e-05;0.3987426240270985
True;0.00038903574722257145;0.5993558125455943
True;0.0005634791068339376;0.38995272625515054
True;0.00038532821868305305;0.9393090022592706
True;0.0004991569582276084;0.6694108359190931
True;0.0005182984507645226;0.42977284796109716
True;0.00011266353682944117;0.8534043265954224
True;0.000746490570818027;0.9437621107464246
True;0.0001917966195638207;0.9793745485649213
True;0.0004958477496465409;0.5492983966148278
True;0.0007558447850176571;0.8604140515745282
True;0.00046828077967730515;0.7012433758912002
True;2.4303399768654037e-05;0.7793762112953044
True;0.0002226587227790195;0.476998090656899
True;0.0001651982846471016;0.5587867629022681
True;1.3345926142828359e-05;0.8470230770749216
True;2.4717228397800585e-05;0.8607156209981497
True;5.0819765005149854e-05;0.48539840919568045
True;0.00035106653965473467;0.7766437479471476
True;0.0005456446671373029;0.8333251286337863
True;0.00018697969523767322;0.9175789069445088
True;0.0007586837570273778;0.4205983748689338
True;8.430426672399056e-05;0.8740466785943103
True;0.0007614526033741483;0.7120164829133926
True;0.0005665532871227506;0.6541688314577505
True;0.0006603056363743336;0.48899076396646035
True;0.0002755471177822038;0.5537913206276228
True;4.6709341367937914e-05;0.7962979808355575
True;3.7246009412315723e-05;0.9024467291385542
True;0.014293489609468562;0.11872716800409537
True;6.786596217873624e-05;0.34467030805735543
True;6.450973068881645e-05;0.605644933114754
True;0.00023157627865954414;0.7627189704578499
True;0.0004498100815197444;0.8947026439286133
True;0.0002012654148250931;0.5476440063074188
True;0.0008087134504652684;0.5326331835112728
True;0.0006254217724723478;0.5828859979892711
True;0.0006697432468336203;0.9661772502492665
True;0.0003828267700601688;0.3681459590970422
True;0.0006089434853044389;0.7680798507665889
True;0.0005782642280870855;0.555365966766521
True;0.0006679512054029518;0.5255790875975024
True;0.0006838093330397179;0.35782537492283073
True;0.00020990588105574402;0.34007919999851505
True;0.000257212392942987;0.7310615352056471
True;0.0003695150101256925;0.5064674706204332
True;0.0007127871594179911;0.6939213633931229
True;0.0008271542307696095;0.8978575421552539
True;0.0006713077148535412;0.8767602210641737
True;0.0001639535635798847;0.9518917543239825
True;0.00030709363100171326;0.9532398403447073
True;0.0010584994156537084;0.2762167752193557
True;0.00868940526918978;0.15508882520044928
True;0.00011826106511998944;0.7686445993130726
True;0.0007120093890056424;0.7737574004960818
True;0.0007808505151753286;0.655149446208029
True;0.00013008422927783444;0.4187677272241494
True;0.00025025419839866473;0.7967504915337786
True;0.000758478064875967;0.8386037237870962
True;0.00015725946098317273;0.4163435265991999
True;0.0002441895874841069;0.7954786084741636
True;0.00017364621810545062;0.42457860947465303
True;0.0005202934030989518;0.43516789201279427
True;0.0007512729578112045;0.9333300651087258
True;0.00014009891317743627;0.7482922935507947
True;0.009071080371558267;0.14192345966027925
True;0.00013418158511198283;0.3733369764049621
True;0.00019454007364140885;0.5017626493873957
True;2.3247979912046918e-05;0.4758668801207472
True;0.000489951051331695;0.9881328916888679
True;0.0004766513842149329;0.5371113622748503
True;0.0005351141456046891;0.4032688372156599
True;2.5246220056731428e-05;0.797006098429567
True;6.234710076177472e-05;0.8426921530765886
True;0.000551622090322424;0.45001648057797616
True;0.000448540379871768;0.9787376221942563
True;0.0005317329415922024;0.6964507766097203
True;0.00048416577442285505;0.636927122451111
True;0.0006703042460167952;0.8761976123772734
True;0.0005440141198386559;0.8998932968035287
True;0.0004894091026591875;0.47938088695190934
True;0.0005371669689883048;0.3862077765906513
True;7.85401669995986e-06;0.9741533150778413
True;0.0007681006483839806;0.950403357322165
True;0.00046874962887267385;0.7713586571648473
True;0.0007311683134563337;0.45498779843462184
True;0.0006709596626653118;0.9582221466107433
True;0.00048313766185526484;0.37060502875358414
True;0.0005403075100651859;0.3533181458701187
True;6.763686334325561e-05;0.7657591680560893
True;0.0002123914508805752;0.6134563413620796
True;2.8369425533354893e-05;0.9649757147620723
True;0.00012026033347905122;0.43590526831582466
True;4.3622285957979054e-05;0.3482639272529657
True;0.0005702833621213844;0.973464261311946
True;0.00020078502259668284;0.704102406173341
True;0.00030847178690381153;0.60081017026293
True;0.0004460707684511565;0.752770820586897
True;0.0003542817974243582;0.5757600834381391
True;0.0007166789914861232;0.9357412772690634
True;0.0007198136219506031;0.49417088600998804
True;0.0008092351054537591;0.6081335012712789
True;0.009395989015807031;0.13667887522516203
True;0.0004839256778238208;0.9906271186494421
True;0.0007966213009922169;0.7260316131675768
True;0.0005316415082529628;0.39770753812007487
True;0.0004446660523280647;0.6838309899999789
True;0.0004079729029123393;0.6572565175995545
True;0.00900648877292796;0.14921746935443828
True;0.000225258035484373;0.5608111223006642
True;0.014152225965024452;0.12266592480125789
True;0.000494642676993432;0.8360906841245795
True;0.0007880144796455672;0.6333014353402728
True;0.00035992989512780845;0.6134864181128195
True;0.0007905530447790796;0.4082261544114262
True;0.0001465829284471647;0.690402747539979
True;0.013435931798902083;0.12180352985206185
True;0.00021113699220123464;0.9706217139869786
True;0.00020772848293152212;0.5347886181025842
True;0.00894655606007802;0.15305700635184488
True;0.00015154261784854742;0.9128623398436554
True;0.0005633550252314259;0.45403165955790714
True;0.0007440562954380955;0.8870381558461939
True;0.00035488911039911373;0.6408056943126061
True;0.0007383632244291911;0.82544292081443
True;0.00043310731386046573;0.49415243989572377
True;0.0007101057181263205;0.39799636736331034
True;0.0003864629485443142;0.6855519453786382
True;2.1615035957336886e-05;0.7264976834936188
True;0.0005743820743700657;0.3997102687590575
True;0.0002219113439964555;0.3808133083834118
True;3.427868281388836e-05;0.4471107167512834
True;0.0011592404545456834;0.28032986574634255
True;0.0002970123700208039;0.6289894890583074
True;0.0006665630159621188;0.5093499248704981
True;0.00020225297810929236;0.7983214960391531
True;0.00022499535250267776;0.4827510366669915
True;0.0003825109412382449;0.742684982501018
True;3.70855215369526e-05;0.5559671112475766
True;0.0005970109171870317;0.5943124839278482
True;0.00015549455930585792;0.9764694044605611
True;0.0007459097684186179;0.5662160518952504
True;1.53752513720439e-05;0.9208599565847662
True;0.00021807375929858586;0.9654354238312693
True;1.2677429435095308e-05;0.9475664941336831
True;0.010220439553900267;0.15479569601582086
True;0.0002061642813742924;0.8147762627223314
True;0.0006590758397095896;0.5726975530222351
True;0.0006341979657613711;0.3832051661239108
True;0.0006052210433950542;0.4104201961809434
True;0.0007798357190522501;0.7489732721532707
True;0.0006287210916789395;0.3798676516969533
True;0.010188155796387816;0.13946366366531635
True;0.0006749764054098505;0.9781190991050934
True;0.0004678480759578093;0.8854060593852447
True;0.0007683306596889213;0.6210246232529997
True;0.000503053496669828;0.41943102214899497
True;0.009623753762530999;0.14808674856833004
True;0.0005648173011906001;0.45025680745312335
True;2.9100827784954382e-05;0.42998589193087045
True;1.6026427731414915e-05;0.8309628235282496
True;0.00041867675000843317;0.7063729612182913
True;0.0015978363028752718;0.275008412004977
True;0.000742187746928903;0.6193890480204032
True;0.0006071486976707514;0.9796715950265471
True;0.00019140207758311338;0.524132304369583
True;0.05483226095947883;0.05984906205320417
True;0.00020033722019685842;0.7830206289417998
True;0.00010097908889351269;0.5157528980528768
True;2.5094959418272097e-05;0.4560431349377122
True;2.0784872300856496e-06;0.9569705047072357
True;0.00018357714714435224;0.40059400081546975
True;9.72216424874205e-05;0.41445362231773775
True;0.00014931022728211621;0.9330421736288825
True;0.0008151286562256705;0.5496995787720407
True;0.0003453809910808153;0.3727272553956623
True;0.00034590404609553913;0.4754465018173279
True;0.000556244167465128;0.47130542083326055
True;0.0004790587111611868;0.5848549020806633
True;7.058122055954892e-05;0.44850900035413077
True;0.00043181912921455464;0.9419458963307253
True;0.00041219725409994426;0.3424084930479765
True;0.00016246131896883185;0.7324778506194775
True;2.2411594803472165e-05;0.8506967536992589
True;0.0007371595947193028;0.6850793326915543
True;0.00015816678255206729;0.6858069428329376
True;0.00038832455432477337;0.4970576595790379
True;8.38188139996328e-05;0.8228776459546727
True;6.0903059692280966e-06;0.800526534966347
True;0.0003306345093230296;0.8389839897180208
True;0.0003884238736623099;0.7596521873735763
True;0.00015510167789975493;0.7621939883374969
True;1.896310254704841e-05;0.765127382597966
True;4.225562002172371e-05;0.39253768823397156
True;0.0005192027495829419;0.4102710781620019
True;0.0004009857065146931;0.528375306861266
True;0.00020133880029988492;0.48611304294564983
True;0.00015317355606360138;0.9837667477911819
True;0.00042514060692444295;0.3394710737173779
True;0.0003538331013733046;0.970687997576463
True;0.013528874820936076;0.11615772745398141
True;0.0002448732641929197;0.6142735240564918
True;0.00038998738464777067;0.4981131583676168
True;0.0005350642626952812;0.46992174185790536
True;0.0003860813629542417;0.8220067610897397
True;0.0008304919173650114;0.5514388675243116
True;0.0006069803327064054;0.40124128263465075
True;0.0007930712611079276;0.9268157572154078
True;0.0007084006538184653;0.5271484532365064
True;0.000207341989666656;0.9666889925651923
True;0.00044203147529512315;0.7489199232793025
True;0.0003764520760672106;0.6219880142117338
True;0.0005654052821430503;0.6888686946385547
True;0.0005589241353624722;0.45619156295654006
True;0.0004145718361846055;0.8146369114459457
True;0.0001527811559775605;0.68126956132385
True;0.0003060084618396331;0.6122411366170963
True;0.0006986509101701722;0.7762236125809608
True;0.0007817430872773054;0.673951317160483
True;0.000820871228128888;0.6564234323920717
True;0.0006133047061474444;0.5369745166666708
True;0.00020001447045098433;0.7921889955872516
True;0.0013324432530865014;0.2781843652773449
True;0.010311706459668408;0.15473185789451196
True;0.0007809385743770779;0.9182103798416849
True;0.00012692449698109117;0.41822933724642464
True;0.0007586616075251178;0.9072641116559605
True;0.0006734985532014705;0.9733188190944712
True;0.00021797924826892255;0.5451787339015937
True;0.0005665985116845272;0.8590388713628978
True;0.0006293878906905452;0.35921054857157586
True;0.0001970290522472076;0.3998628837806429
True;0.0004889732486909145;0.8131581913572681
True;0.0006793003135494172;0.8761748846903281
True;0.010555027210249496;0.1435156400309399
True;0.0005037177557082816;0.6693183989299835
True;0.0001351595440540781;0.6766969339321278
True;0.0007278688950103706;0.9229656981182861
True;0.00047086896018244505;0.8086174754347244
True;4.7641310445163955e-06;0.8299229750604181
True;0.00016780377096734572;0.4316981545950799
True;0.0004548336622360046;0.7978903979672253
True;0.00019121503548735072;0.5159056163742628
True;0.00021140771969389168;0.37224782365994324
True;0.0006419440599730577;0.5491813969357657
True;0.0007073719622783466;0.9641811377285271
True;0.0008058832628963298;0.6714100048178728
True;0.0007423343032838427;0.4479156154581003
True;4.860829275981689e-05;0.6592595888205843
True;0.000680237310532375;0.5133388414600594
True;0.000550762096700004;0.5621242297707952
True;1.395574446213284e-05;0.3728392183169128
True;0.0007096559448421473;0.6663485473580903
True;0.00023681234590433998;0.41346827471006586
True;0.00023614996088969624;0.517266299128365
True;7.078255556803978e-05;0.6264363173260012
True;0.0003077131648285666;0.8186706603292888
True;0.00016055271597427268;0.939338696438072
True;0.0006713061935868812;0.33573337039120793
True;0.0002675414749976996;0.3539239215840777
True;0.0007212770539747426;0.8776254747222672
True;0.00040946073868792387;0.9648006038630875
True;0.0003902924950572406;0.5605956505220001
True;0.00024264692910716502;0.8918263815961567
True;0.0002561357920890614;0.5248856417747129
True;0.0005401829249232061;0.6371808773439496
True;0.00023115431487194635;0.7272264072468317
True;0.0005938068687445922;0.8962696021443882
True;5.97803293128626e-05;0.5851950029513642
True;0.0005425050474670253;0.3583808295869522
True;0.010449176395590084;0.15071177770968802
True;0.00031010253353650575;0.9095053072283791
True;0.014211684001842945;0.12417281895926546
True;0.00013125068358878138;0.4417870342629531
True;3.2270310451103424e-05;0.6474216913252535
True;1.9053527167462202e-05;0.7530132879513494
True;0.00043835326038903395;0.6496283917428333
True;0.013284789598596615;0.1213844860418415
True;0.0001893897336717465;0.38865498346838023
True;0.0003614543158894707;0.8723834287114377
True;0.009449521463935495;0.1496008706623854
True;0.0006130695148218307;0.5787334647220096
True;0.00025025884738096363;0.46732154255126457
True;0.00017530252372188488;0.47748832185405743
True;0.00014787800296281966;0.4932502044746221
True;0.00017597476221051486;0.9715580381932472
True;0.0006258931286523339;0.3377510983376531
True;0.00011974800371957638;0.9294128915300902
True;0.00028590207882636247;0.3594055354641653
True;6.764201790833275e-05;0.348354013591076
True;0.0004008559486931205;0.3691167835757906
True;0.00020967678868587716;0.7522118503557436
True;0.001691539861485291;0.27756587969800534
True;0.00013440852169866658;0.41256394398819307
True;0.0003062046748109346;0.7205706685204951
True;0.0006178388481224976;0.8317987133295912
True;0.00045885259929195253;0.5884165962150262
True;0.0001592999010997653;0.7709422636848529
True;0.0005526027016434364;0.7088064877239242
True;0.0003047025634061311;0.4565888052325507
True;5.002317456430593e-05;0.6838578070392081
True;0.000255207196667627;0.9797724672032961
True;0.0005449210403064458;0.3461996602564828
True;0.0002981456530849717;0.6495111563632057
True;0.0005647716890969671;0.6781391016934155
True;4.376466914686737e-05;0.8849295977218989
True;8.365023360973425e-05;0.8379402832212577
True;0.0007938047733266477;0.445323525327703
True;8.660499847962316e-05;0.9691845076607003
True;1.0408870136115234e-05;0.9168186210818626
True;0.0007385608542281651;0.4488099018918716
True;0.0005746667848163248;0.8410312836741071
True;0.0092492614692832;0.14927222158080672
True;0.00022058053229018082;0.4301615539434596
True;8.365467304765771e-05;0.8468315876949177
True;0.0004398051294771792;0.77197114438021
True;0.010526679400647904;0.1461102369381444
True;5.5656652569077196e-05;0.4409743830214945
True;0.00013012077181147815;0.3443118188063115
True;0.0006446064007902867;0.4584737791270227
True;0.0004960102740147006;0.5064905984825476
True;0.0009858051941004108;0.2793069541080018
True;0.00047897951500909183;0.6267738524870263
True;0.0003566813445914646;0.9574481928847812
True;0.00018425118935153816;0.9248692058885349
True;0.054664247499769426;0.06172854393284684
True;0.00010044516340096754;0.9114799952927299
True;3.890414501251064e-05;0.5131389318750231
True;0.0007929836474908866;0.4151238902193864
True;0.00011675599116241751;0.773616551554767
True;0.0005122294646773473;0.7843732615341676
True;0.0001192793531701118;0.7313215715845004
True;0.00022732905033445366;0.7218806799652018
True;0.00011242958799599859;0.4587932607616134
True;0.0006204478592722119;0.48001315402064315
True;0.0001792847749061228;0.48403663725046747
True;0.00019446253669141552;0.38941308185899287
True;0.0001707203526464464;0.6259099730424063
True;3.2802909163173886e-05;0.38307635662339784
True;0.0007245528859110874;0.7719529233627289
True;0.00045322196367830265;0.7607064438090454
True;0.0006165748688905395;0.5579804799875908
True;0.0006646043038809421;0.72454664238662
True;0.0005421836797300808;0.6764841085659673
True;0.0004844382045569611;0.7072584319089292
True;0.0002535832025508008;0.6432497881397912
True;0.0006259100949803584;0.6769418993810834
True;0.00031951599402423064;0.6328974041068254
True;0.0008325566721905635;0.9487965406580763
True;0.00025104226103316534;0.9408654142096051
True;0.00041327658468375765;0.4318801230235276
True;0.00030561599104028924;0.5764728925643448
True;0.0007232240664264344;0.5836663459177013
True;0.0005544001436234825;0.7735932743353267
True;7.876621005624342e-05;0.33451500371101217
True;0.0007924331572765648;0.9884417349835338
True;0.00010447973012678833;0.6530831475639368
True;0.0004266609135904447;0.7160825064336958
True;0.000770183215267769;0.7523917861022281
True;0.012939646829969228;0.1167761982844087
True;0.0007941829593960608;0.6549847892509404
True;0.00013761775579688505;0.7729868428347716
True;0.0006525366948124282;0.5522510207929388
True;0.000817940191226106;0.4030456778456322
True;0.0004258180049355288;0.7701899688993855
True;0.0005696617940308982;0.42507479442989704
True;0.0004012630974998946;0.371320193052375
True;0.00032268489038722256;0.8508687600441598
True;0.0005881382610919001;0.6948084223922943
True;0.0006447791468238954;0.8425674749773973
True;0.00016466133016057672;0.5530399750611198
True;0.00011932162186713238;0.3648239309388169
True;0.0004509386287731755;0.9307066134460492
True;0.0007247929149273586;0.6795449190026699
True;0.00032372440075120247;0.510550003188002
True;0.0007737217464564963;0.9380355639180938
True;0.0005168262824758463;0.9826088315562584
True;0.00012549976373421205;0.3470535462404352
True;0.0003523230792093142;0.5640682433529535
True;0.003168441774432903;0.276739828836956
True;0.0004984789914353331;0.6080197767756741
True;0.0002733314415417574;0.3542885243539859
True;0.000762595943127468;0.7854510388637894
True;0.0004322155033941602;0.7305223747108862
True;0.0003140326138641802;0.39531555816998365
True;0.0005689284027689649;0.4309685767800174
True;2.73423490890154e-05;0.4559662771657722
True;0.0002561057791417476;0.8650254145453021
True;0.0005485733431998042;0.3572961260762013
True;0.010061769919087983;0.13647278291257756
True;0.0006315533853048919;0.9041937713564352
True;2.960758506979426e-05;0.8706962288695016
True;0.0007245697330152634;0.9247302995388965
True;0.0006070448973051727;0.9761520159495877
True;0.000131132213006694;0.7035817525342235
True;0.0007465986078698442;0.766699345171111
True;0.0002947958144496615;0.3794485381945141
True;0.0007814091916223041;0.5783612697608318
True;0.0005183875389644976;0.929614354085462
True;0.00021485059078465613;0.4433591228720429
True;0.0006781283466392407;0.7918451785208294
True;2.656917042069062e-05;0.9022555699750169
True;0.0003357797565726531;0.8108378547983541
True;0.0007567212382121386;0.8067889094513081
True;0.0005872513057255308;0.6944833032013272
True;0.0006434411221861295;0.5605393723618335
True;0.0003008640325900981;0.865798852229885
True;4.083331615894684e-05;0.8391889873308859
True;8.49562828624247e-05;0.4030193809738364
True;0.00030722802087553214;0.9726209397203217
True;1.514935620549503e-05;0.857690180242834
True;0.0006797945353391683;0.4392083000732326
True;0.00015996208987931928;0.34107310678533725
True;0.0006006765371447271;0.3498419904464412
True;7.354213518055247e-05;0.9014853004366729
True;0.0006859103123739073;0.3698700055386561
True;0.0007055690696027381;0.8764172005403918
True;0.0006935653635842355;0.977383999180257
True;0.0005424333660044677;0.5820884090458793
True;0.0001158940685064362;0.5787622080264652
True;0.0001193304663112691;0.7065210362042214
True;3.886693977994218e-06;0.6132643883516098
True;0.008482959841304271;0.14079326165108486
True;0.0005192675028781102;0.9613374904676497
True;0.014187973136901878;0.1207849275916237
True;7.4524317873051e-05;0.6266527630420294
True;0.0005709439423406487;0.4592853474459979
True;2.9547561709907998e-05;0.6167069696405694
True;0.0007720435986178738;0.8732204703904977
True;0.01310698175132114;0.11510673583659774
True;0.00019348287397834713;0.6839753134486337
True;0.0004455070762353253;0.5192148208259646
True;0.008547275443722283;0.14858643432256396
True;0.0008127050231693306;0.5973315997960682
True;0.0007863022781570256;0.8983091670408402
True;0.0002652958521719733;0.3449345898384925
True;0.0006038328447350885;0.8280850473281305
True;0.0003157166571983726;0.5490386503711433
True;0.0006923175356164594;0.47547055514895253
True;0.0005019152666507143;0.3747003215465152
True;3.4246887636030566e-05;0.6894483872614815
True;0.000620156542823535;0.8491004505663816
True;0.0002907946335716242;0.7109495265162635
True;0.0006454379111881998;0.8354278096548959
True;0.0014971731767905502;0.2784974585688013
True;0.0005105162954657329;0.4945360837701189
True;0.0003793619524895726;0.8177850297918436
True;0.00044674497470736403;0.3311258302995055
True;0.0004711890155636381;0.6559312978821903
True;0.0004549974685804549;0.5865139096774877
True;0.000774615805238651;0.3338999553917009
True;0.0005520323061301763;0.5916559955026208
True;8.428562240925846e-05;0.40908913961491616
True;0.00047336803575857936;0.8898538191721392
True;0.0008216484049497133;0.6171972351172048
True;0.0006962947056585284;0.9633072542972335
True;0.00015303034841741804;0.7601625430361184
True;4.190116632505304e-05;0.6069823391755007
True;5.805289368755595e-05;0.8731435256606775
True;0.000562254150053568;0.8255284723174278
True;0.0002952215927068932;0.8652279903809647
True;0.000790372614415066;0.37869897350021264
True;0.0006664796234682213;0.672460395006756
True;0.008675484622561411;0.14749694924081247
True;0.00013025615941795936;0.3649729201070396
True;0.00046478724435600286;0.8427253770680493
True;0.0005654264049424975;0.8939293975299659
True;0.00945981667918532;0.13907725855663028
True;0.0006840246464419263;0.427043544839986
True;4.126054909501556e-05;0.43845358014485614
True;0.0008171908045808955;0.41330106403314004
True;0.0008054439622267176;0.8460715318648602
True;0.002256719244816511;0.2774810231785171
True;0.00040177826212882395;0.9481357377081964
True;0.0007404148426865989;0.6077155502102961
True;2.4454005116285586e-05;0.4054849054905884
True;0.0003698444983355551;0.5401448781052538
True;0.0007753396175185385;0.6173076781544165
True;0.00045222829434761816;0.40051533018025265
True;0.0002871060643723419;0.9141924523517041
True;0.00016384468794158934;0.526785555458968
True;0.00027494882233368363;0.7466435026603031
True;0.0005083485283436998;0.8110967643260416
True;0.0002815598112776328;0.9035398615674135
True;4.366154306079934e-05;0.33160462033722676
True;0.0001843969238736841;0.34991186050448336
True;0.00047294837949420066;0.9129409928502386
True;7.601069661335564e-05;0.8226019185557082
True;0.00033903220232347375;0.573355197532381
True;0.00013444809022327415;0.49161035914651996
True;0.00024160053205152422;0.6469361470044359
True;0.00015663765206417108;0.9649620841153561
True;0.00015029900721141005;0.8033168716611676
True;0.0004169696883649661;0.910771901585122
True;0.0006968878333469316;0.7976196408640089
True;0.0002663273869532875;0.5240052514900313
True;0.0004236829983203606;0.9761742162383591
True;0.0004755854408857295;0.578795900102232
True;0.00019229023400159324;0.5113366417104095
True;0.0005987671248868007;0.9107353492539361
True;0.0007221264727678916;0.987910585530412
True;4.860310921750535e-05;0.8326604926975302
True;0.0007370476811513433;0.47602158491299906
True;0.0005897094633763028;0.42094947424465434
True;0.0004908410222858576;0.8379365507173671
True;0.00042269827473819817;0.9229144112755916
True;0.0005591188310919586;0.6058344820246683
True;4.88015880981284e-05;0.9180042623191644
True;0.0002591614572521103;0.8433296779245809
True;0.0005959935383259298;0.40583048885737194
True;0.0003789664890451729;0.6131095624645846
True;0.0007825216609740767;0.6629241774076424
True;0.0007836409505638413;0.4497445715482977
True;7.043057262672063e-05;0.9479195533919805
True;0.00011372557453609495;0.9499542390406608
True;0.0004129474842914344;0.7484733482853664
True;0.0007546458715788636;0.4740425823142039
True;0.0005993291599810113;0.8259611460306968
True;0.00037147091755817586;0.6621030328953421
True;0.0001582996318427446;0.6572909085066294
True;0.0008167209460662486;0.5748720671172487
True;0.0008194629714740758;0.6563176151478771
True;0.0005835343585336136;0.43128435911405344
True;0.0004372278800956777;0.612385612785032
True;0.00026941441151346186;0.706900421922003
True;0.001709927929113485;0.27791352479344344
True;0.00015865072360818922;0.6110993545787535
True;0.0002666721870472486;0.7928115780278543
True;0.0006330842203655928;0.8663263246671579
True;0.0006409655174756615;0.7238015234015154
True;0.00023322613792691545;0.5967942671397017
True;0.00027617029665699173;0.6818290892938523
True;9.543906567623805e-05;0.38848606824992826
True;2.958323098106222e-05;0.625923732328106
True;0.008991359978821369;0.14077596911087853
True;0.00022333766358911722;0.43949158890472595
True;0.0002604798185910602;0.8786300189877958
True;9.194364398133833e-05;0.6782362161816964
True;0.00023008610268223707;0.7833597162337147
True;0.00017902324304398392;0.503235893707595
True;0.00026903010342349076;0.8385347021364918
True;0.000335226993543193;0.3905987529631345
True;0.0004210795964016701;0.6782845014636247
True;0.00019145024391523338;0.4931545406386355
True;0.00026869138214956177;0.761905811887815
True;0.0006431452371296778;0.4891487811534623
True;0.0003462220056124387;0.4200103412864639
True;0.0003608696687087002;0.3619006509693587
True;0.0006290155473042731;0.69403849897984
True;8.2259387114222e-05;0.6705815289008794
True;0.000826374590807777;0.6357550887440806
True;0.0004674834283100163;0.4979567985479723
True;0.00045981863921474816;0.692030870100452
True;0.00010556346236957827;0.8077128109045577
True;9.834715062534869e-05;0.8773500889115634
True;0.00014760994213807466;0.6889682049982526
True;0.0007133118821178785;0.607304464996365
True;0.00036921225523490586;0.5315320554384682
True;0.0001173789551412461;0.7159978533173559
True;3.219337908831068e-05;0.8864644893375148
True;0.0004398785001894006;0.38809526204700345
True;0.0003095010925845229;0.9695832188560457
True;0.00044271587493150034;0.7116150520936684
True;0.009319269879952052;0.14398217387118878
True;0.00028457544614950804;0.44234284994218254
True;0.012763690689177553;0.12090870449042666
True;0.00018678212187365166;0.41886318742336054
True;0.0004135556520613532;0.8539458740748276
True;0.0002940671970231753;0.6332658325752628
True;0.0004767822341792977;0.6356788424809768
True;0.012963888509339052;0.12382826821130144
True;0.00033526710375125345;0.9966792358619161
True;0.0003983363508879812;0.5343729688866248
True;0.00917954155729069;0.15520981053818683
True;0.0001616045287104473;0.5156211246607043
True;0.00010341239150912488;0.627036091990216
True;0.0004592153641500531;0.6571943552947268
True;0.0005711868204270351;0.7282110590558785
True;0.0008081547286591108;0.9442734059120516
True;0.0002935746841811034;0.6992471314928911
True;0.0007288374816554078;0.4420712945270208
True;0.0004152639541893346;0.3676071819983177
True;0.0005759090648339424;0.3409773102482332
True;0.0004598077647972584;0.6789485134736808
True;0.003053273852451552;0.2813417674407771
True;0.0002363822148278866;0.7584101163304173
True;0.00014508566715258197;0.872431577433657
True;0.0004057789985586549;0.9397363986197996
True;0.00015161584163194116;0.38252775927515065
True;0.0008239543348392868;0.9580067258186371
True;0.0003395747673506169;0.3535718514432967
True;0.0004824294022761705;0.8053809269309051
True;0.00024262488644798832;0.7901353689271774
True;0.0004323531927901181;0.7808688223975053
True;0.0003613742610326685;0.38640692025057766
True;0.0008130374747418317;0.40272055215533037
True;0.0006976181241185367;0.5705434414370961
True;0.0005767752929162634;0.6580238235680327
True;0.000681768358165229;0.6610232109762858
True;0.0007222143441098698;0.438941127483955
True;0.00044296709767324726;0.9700663153585305
True;0.0007384902736861343;0.8435810671821987
True;0.00048284548220919876;0.8842498788315921
True;0.009469907190349494;0.13642205136002736
True;0.0007491680113461081;0.5953562771215588
True;0.0007115771823381938;0.6051437057005602
True;0.0005241240416632828;0.3646243877101938
True;0.00944322985641632;0.13708675583047705
True;8.356036922428275e-05;0.7980790288759845
True;0.00044359981248941476;0.617243145524283
True;0.00038193841134640335;0.5922601654311905
True;0.0010627518264929173;0.2758468034873797
True;0.0005170674881067082;0.5000262432498073
True;0.0004782087501739057;0.5971470742405623
True;5.534383015345103e-05;0.9733839062409293
True;0.00023439516509280462;0.9341565338269944
True;4.5952271200141124e-05;0.8865302264346034
True;9.318048155720484e-06;0.8249378582879924
True;0.000624203797950749;0.7530965125267153
True;9.37527161288889e-05;0.567087494282003
True;0.00013249020957581794;0.5472181567113883
True;0.0006339596569444958;0.44374185358107016
True;0.0004516179654454591;0.7793890290686909
True;0.000506043853951118;0.7458371554940154
True;0.00018586483730937106;0.3735029418330782
True;0.0003755901573758306;0.6798580512337589
True;0.0005900486950619344;0.5817878606638708
True;0.00021020688716621785;0.7822353732786607
True;0.0007985284025771668;0.6982212060260602
True;0.0002954144356461958;0.3743231559078104
True;0.00019557891399414032;0.3666212790721277
True;5.751222501824452e-05;0.8113342096742424
True;0.00037990579050219483;0.4212562359479846
True;0.00044126946968104947;0.4395194600875937
True;0.0004909049023198475;0.6362779894694299
True;0.0006657806693224447;0.7431547290075269
True;4.7246723774260355e-05;0.9526800542844935
True;8.794581783579656e-06;0.9207514009343187
True;0.0003219760497910781;0.8565085958676215
True;0.0005389466782795239;0.7547438655517389
True;0.00023243474596355943;0.9826124962573255
True;0.0007887035936004225;0.9773311291132305
True;0.00064455630181123;0.35906587297913906
True;0.0004411420886982116;0.7541207676844845
True;4.5205296721263904e-05;0.9676036259792683
True;0.00021883712396418448;0.8235236797534868
True;0.00026423537711163454;0.3808007561833923
True;0.0006274680733772441;0.5702565154737325
True;0.0003219688498126931;0.45327191128135796
True;0.000470877273698771;0.998066569185597
True;0.0004267006020532926;0.40691996398257946
True;0.00043924234345580704;0.9615255140625909
True;0.00045719571688287644;0.8591382272140923
True;0.00033654970969974245;0.5241641958728945
True;0.00012811103494931016;0.7045171789272149
True;0.0007900884480318109;0.6730372238713614
True;0.0005403195042014318;0.9220168388006155
True;0.0006466005961380585;0.8878537363413365
True;0.000402532193261313;0.37342339863556206
True;0.0006367093939071101;0.36674127697690606
True;0.0006734975739464844;0.6133269824007455
True;0.0007978576208583496;0.4661068124918429
True;0.0001449124318014978;0.7040809945017337
True;0.00038358806301402827;0.6896333576598301
True;0.0006045207417130289;0.9017509414594133
True;0.0008147808166587271;0.6754777684090785
True;0.0007958726030952855;0.7922393731910333
True;0.00988011737857282;0.14737710065973925
True;0.00019717473083004686;0.7115301663054725
True;0.0004837314327280491;0.6238085553092589
True;0.0002929553164645689;0.6249330663414285
True;0.0007566521608860092;0.3600060984593661
True;0.0003958765883411138;0.8986832153732615
True;0.00036457451788990023;0.8517536366288241
True;0.0007840295732193547;0.9434885285800303
True;0.00021317582921894727;0.40011083786374935
True;0.0005378075821945496;0.7420743059176791
True;0.00040248261451540846;0.6094874130428154
True;0.0006562196318020114;0.5960090478151578
True;0.0002028486561090051;0.43302191781255545
True;7.781776774102763e-05;0.7517804495259223
True;5.5180331785819654e-05;0.38978411086700165
True;0.000569478607424741;0.35093237810317573
True;0.0006626409254951188;0.4430774550575177
True;0.0006850682308865657;0.823835757751455
True;0.0003167699507817044;0.5773107772674939
True;0.0003099136801573217;0.6123003731492771
True;0.0005054815868857399;0.4800776034005254
True;0.00035723395558543217;0.35073675023151885
True;0.00030075043640065706;0.9350235148264436
True;0.0003059895279876388;0.7354853101929419
True;0.0008190391516462581;0.86652212240807
True;0.00016978361676664593;0.5400728539997879
True;0.00952732532072751;0.13742318398657807
True;0.00010917431483125371;0.46796731403265107
True;0.013328666508986314;0.11819591771028802
True;0.00035100682520587353;0.4219090525217495
True;0.0007307052393637777;0.5227124244945275
True;0.0006660850657058549;0.8327597497464113
True;0.012554086322966156;0.12258646408750334
True;0.0006068033016688184;0.573557440275251
True;0.00043885173597673846;0.9174596624086028
True;0.010212262144607184;0.14919235360701666
True;0.00011591374773975576;0.36046487867764776
True;0.00013444917560492527;0.6087681580950446
True;7.176893587976372e-05;0.6770595545455709
True;0.00031604924855518153;0.562193092904395
True;5.681555685422425e-05;0.38191131419328683
True;0.000579796538630858;0.8031789200917658
True;0.0004634769017431773;0.9829297324236701
True;0.0005953028572642488;0.34403447030101486
True;0.00024134474979577356;0.861369708408578
True;0.000588075715128465;0.8426030218274551
True;0.0009512172305189911;0.2789289774049409
True;0.0004905394380856016;0.584307960065995
True;0.00013699758702749975;0.4486891525121939
True;0.000802977422435509;0.6069072667104322
True;0.0006376259365811125;0.4139632305412346
True;7.980073057050512e-07;0.3865147183216776
True;0.0005509573324247391;0.9415551554961464
True;0.00042867821506192654;0.9141842701937773
True;0.0005565571825914012;0.6415994710612462
True;0.0003684817219264426;0.4314698073500686
True;0.0006116186380847908;0.7928194411860696
True;0.0007968933926500182;0.869631935876789
True;5.404525908356654e-05;0.9718134000234016
True;0.000494792627904151;0.6945797975714796
True;0.0003303829032515424;0.987063491852438
True;0.00020468919859148492;0.7863668538962836
True;0.00021322323745332676;0.33501869912940146
True;0.0003984605709787656;0.9137980941828985
True;0.00029605338103037674;0.45970777830959175
True;0.01018193549228814;0.14948590809080592
True;0.00013140957757525095;0.433303283026674
True;0.0003274526689677266;0.4698495428520387
True;0.010714662632648829;0.14094686876622955
True;0.0007329241940640142;0.8863769077548026
True;2.5803895909477922e-05;0.9521775257808797
True;0.0003098524316366322;0.38174101615980044
True;0.002269132588951725;0.2805354441651849
True;0.00040373515730513854;0.4411458738604555
True;0.000437952080102043;0.3884825861320032
True;0.00026841049060487873;0.8524327486031092
True;0.0006682077068431463;0.559657610714067
True;0.00014484897286139043;0.46072495654433654
True;6.63520511950172e-05;0.6610982105353563
True;0.0002858392254972051;0.7434796580860631
True;0.00010873248604587511;0.9973380955209962
True;0.0006697139834215029;0.8368743565105623
True;2.1986050946337368e-05;0.8109844997596851
True;0.0003802970915772749;0.9653594544488153
True;0.0006251654167382964;0.8542535358966756
True;0.0007349759183925736;0.7551156274166718
True;0.0004511445846017104;0.8468975126593343
True;0.0002056258106867294;0.39441481036305837
True;0.00026833365595665184;0.6023016014146874
True;0.0006645339846229147;0.505716158882139
True;2.420798669573325e-06;0.8949529256402827
True;0.00028490017236556294;0.7248757225310745
True;0.0002916081852860602;0.7816874499427029
True;0.000798004385069805;0.6813801869387023
True;0.0007327681940985532;0.6356442636194417
True;0.0002721295109104934;0.5869641601766993
True;0.0002875933756839361;0.3938908895561586
True;0.00010190608387089817;0.7798783278341496
True;0.0003903619827297029;0.41516515215783134
True;0.0005961340607583828;0.769218917799747
True;8.606115760985696e-05;0.9162191545441386
True;0.0005649667624453642;0.5096000663750195
True;6.555304545317622e-06;0.49345961193151033
True;0.0007333373190280852;0.9139247574621585
True;0.0005001712337286468;0.7425139781309206
True;0.0004935778241999824;0.6112887791138186
True;0.00034967968612522254;0.4886567334857783
True;0.0007377253331256555;0.5878468015938796
True;8.050127878340442e-06;0.7027577271386424
True;0.00014061086261848906;0.7558139974869902
True;9.296693953740006e-05;0.3695908821827577
True;0.0003806997888579762;0.9756566306209802
True;3.303390107776897e-05;0.739661503814
True;0.0003884074100227329;0.39474542386221034
True;0.00043419236849364333;0.6076938980086615
True;1.1995294230660296e-05;0.8389105439652746
True;0.00043155611111353286;0.7905659705845236
True;0.00017455268430104502;0.45176519924562375
True;9.601006282443737e-05;0.5214958379182886
True;0.00022350674950692337;0.5076119683405272
True;0.0002258508650383572;0.41573509865292385
True;0.0003266326241041865;0.7264049374210765
True;0.00021600238972204166;0.46548881305223067
True;0.01030872620610724;0.1396091486312579
True;0.0005921575436390171;0.5183247961240709
True;5.20619258778438e-05;0.8690942116769358
True;0.0004606461539024995;0.922023580510368
True;0.0004265889930245355;0.5123691674310742
True;0.000246775655468688;0.6465943972500375
True;0.000560101834804023;0.4117156900673413
True;0.00013493089771417409;0.8166355504270167
True;0.0003225759340004379;0.9273971867738782
True;0.000705986513622846;0.6962551400410031
True;0.0007042068089288943;0.5523261841530105
True;0.000770410476930842;0.5717418778479073
True;0.0007552907686549285;0.5601421362773675
True;0.0001823850468736735;0.9318280581570478
True;0.0005012906582910829;0.9439640284065542
True;0.0003600502778526887;0.691260009455834
True;0.0008046983731627847;0.580829408192673
True;0.00019846585629458655;0.3751864913643473
True;0.00029342688767811147;0.6451107310511925
True;0.0007265414830076131;0.6116100099623051
True;0.0007942600082264729;0.9698881204134572
True;0.00016734186082874078;0.8789879120971953
True;0.01019289076007884;0.13958354618998717
True;0.00023718730811491548;0.389695575723596
True;0.014086947231806875;0.1246787112143984
True;0.0004922990775189759;0.7346339665211621
True;0.0005150803565194379;0.8384456301008008
True;0.012851391302164812;0.1204331445686367
True;0.00022874792929885226;0.8587950976306431
True;0.0001875158486585972;0.9849683889377971
True;0.010425040486751334;0.1409313276293835
True;0.00042457416943691886;0.8417451251736124
True;0.00020880043704403386;0.5825020368303284
True;0.00024283176206188839;0.7119771746440966
True;0.00012545043821243727;0.9534019924975334
True;0.0003417983868682364;0.9200583576809501
True;0.0005933152147612283;0.6532218727923562
True;0.0007738484964503989;0.9591200912456603
True;0.0001764511704456389;0.4356219129669925
True;0.0005884410777081509;0.5814385060025716
True;0.0003879498747898529;0.624893878799214
True;0.0005119433808256003;0.9513627926511186
True;0.00040365382397301825;0.5875337603740198
True;0.00028918686602108723;0.5960900594778927
True;0.0006952524296470769;0.7546859248910567
True;0.00018777466055409608;0.5840950358172892
True;0.0005773736631694664;0.5661403793449187
True;0.0002617219786753573;0.8198128167378143
True;5.695475469176515e-06;0.8348419084162774
True;0.00022236607810360824;0.7379269951971688
True;0.0005239584746046368;0.8114169590729885
True;0.0004584917484263264;0.40283312395920534
True;0.0003984687244564448;0.7530167789730977
True;0.00047705371176747733;0.879343980501628
True;0.010510813537621446;0.15166635894033
True;0.0004001295204295382;0.8915701457062524
True;0.0004966140752832182;0.9108911667555702
True;0.008385508868350128;0.14008121071878765
True;0.00037659082585297585;0.38672033754126445
True;0.0005078465511615786;0.8261228022105263
True;0.00031115178786560963;0.8744372109636125
True;0.00026841458085843727;0.5545223834896318
True;0.00020864521973652195;0.3846104366086843
True;0.000252358529864164;0.7780781656726943
True;7.043106420039705e-05;0.6489933066390287
True;3.9190673237539464e-05;0.48322285039665125
True;0.0004911029524105106;0.770204241720739
True;0.0008251190074229161;0.95026818667727
True;0.0006352449677789983;0.7113161349015651
True;0.0003403137635460051;0.6453685685204806
True;0.00021029047624364196;0.42549695681668476
True;6.360108407190387e-05;0.47511468004534363
True;0.0006507060894712113;0.6035622547003018
True;0.00014298912564789584;0.6643764706603725
True;0.000494956031357151;0.6403222915575311
True;0.0006651038080594659;0.6770611350653518
True;0.00066437423496847;0.6037557026865885
True;0.0003818761927588647;0.4867289564118875
True;0.0007344648845139231;0.37823745664159675
True;0.00046772812379894423;0.48876357488803523
True;0.000783062168508924;0.8842874821689793
True;9.748640358463588e-05;0.9873322775763533
True;2.293381413910439e-05;0.35192301838236545
True;0.0003115297850624196;0.455238195061583
True;6.934142994072178e-05;0.8334667341230512
True;6.81448210052307e-05;0.9887802207013621
True;0.0002244212476921297;0.9595839018217365
True;0.0003223331280881036;0.36668790816315455
True;0.00026172066224402097;0.4040105437252326
True;0.00024327968159872305;0.9780197829791416
True;0.00046463099800015404;0.5302383228935276
True;0.0005168475255232621;0.6020473960312183
True;0.0004384835490325394;0.36244618681633045
True;0.00022991110103917585;0.499510039494248
True;1.9936542137506742e-05;0.7768446965869598
True;0.0006679038639725627;0.5593647552022499
True;0.00011922743812586529;0.611551951431401
True;1.3868807362536294e-05;0.4808970298502866
True;9.35851422120544e-06;0.38287201161719703
True;0.00014011064373638273;0.639161682714673
True;0.00046271853399233086;0.4972715265433085
True;8.628310301521955e-05;0.9760863906577485
True;0.00028190506196183865;0.34022285610933506
True;0.00044588786872776237;0.49430050372409634
True;0.009923385712690505;0.1464632624844057
True;0.0001919318417511771;0.46112246664013024
True;0.0005982049380628082;0.8983838894478359
True;9.548052590518043e-05;0.41435885496789837
True;0.0007185041734568877;0.8873950564802786
True;6.971062256725053e-05;0.7835313050642727
True;0.0008195051296637505;0.9882002019443415
True;0.0008204446087730243;0.4686749452052795
True;0.00018266522472593267;0.5297623395079288
True;0.000601819689081686;0.7635989737986408
True;1.6728196534007695e-06;0.5331818816910691
True;0.00023119006270180516;0.45428714061928543
True;0.0005746157619320415;0.7056568120472673
True;0.0004545434665109833;0.9362851809221446
True;0.00024911894803339993;0.3490414985838208
True;0.000537960943557338;0.6524016941484954
True;7.572172038162821e-05;0.9422689047716991
True;0.00947638289398358;0.14205566211988535
True;0.0007447899822878314;0.9150927361042527
True;0.01277017767275387;0.11741072445959791
True;0.0001645404957353657;0.8317684120616712
True;0.00018572971672108668;0.42738296905023143
True;0.012688233648307106;0.11581191509578213
True;0.00047274859839888084;0.3382753335205201
True;0.00013155259739445796;0.6056017139234185
True;0.0008152082063801272;0.9307080825017928
True;0.0008122027388294628;0.7519960224797546
True;0.00043715215572365273;0.614664984693062
True;0.0003703407679945756;0.7875632160953927
True;0.0005570490520468017;0.7914732486977368
True;0.0003250248165905578;0.934478928639258
True;0.0006506545097899793;0.7043422127844005
True;0.0007168162831444138;0.5868709574780324
True;0.0008046182780443107;0.5086625946965363
True;0.000542068207774643;0.5407150429751686
True;4.7278151790298786e-05;0.4168541144351467
True;0.0003281008736730561;0.4897936948416588
True;0.0005114283831321256;0.4617775289678173
True;0.0002477679469177944;0.6154433069494127
True;0.0008138491984428819;0.6177152216972214
True;0.0005913234947877259;0.6988914609525398
True;0.0006620040718501643;0.38319479238843396
True;0.00018164732538169747;0.821056119478466
True;0.0003280246159239293;0.5202827471895962
True;0.0007382157589630144;0.9489329658661162
True;0.009382263861511028;0.13855685601487494
True;0.0003830907950482127;0.7466432145876454
True;2.0403900780739327e-05;0.6504587587865585
True;0.0002076619052653314;0.73534546708209
True;0.0007599590238362405;0.4090809738629462
True;0.0004331674034899115;0.44827361294198276
True;0.0007721635472232808;0.6371944873113111
True;0.0005419645043725831;0.5841098680122638
True;0.00042151660124699813;0.5769578294338267
True;0.0002971478160588252;0.9322919741575352
True;6.474648592290741e-05;0.3793588441447363
True;0.00018095441557344245;0.6216683530273699
True;8.115563127850772e-05;0.5436521478586793
True;0.0007138351434010441;0.6614576769336509
True;0.0003129625374787141;0.3335970294238098
True;0.000773692070983452;0.7061743298288281
True;5.637528991479069e-05;0.9421226085358838
True;0.0006397580040193513;0.4324293918404183
True;0.00013020564635843267;0.6782033973011428
True;4.934888703837971e-05;0.9464245198757331
True;0.0006934527436652372;0.7150311565878884
True;0.0005708537457115151;0.5526386807518744
True;0.0002489199554658291;0.43130013733252626
True;0.0002140049542091001;0.6984695870359371
True;0.0007134969615364416;0.451685289356077
True;0.00038841445924242177;0.6685592767440722
True;0.0004805478571142965;0.6290390296620887
True;0.0002591062079438613;0.5170030925505941
True;0.00012036509498753298;0.862315398301248
True;0.0002512603307894584;0.5496809640628767
True;0.0006359143735312964;0.9346376723434793
True;0.00018516585185213302;0.5252918400864635
True;0.0005151831767516009;0.38821698037055946
True;0.0006323612924100418;0.9483905711991554
True;0.0004121764352572025;0.8283686250325452
True;0.0006877481269702034;0.991376220840277
True;0.0003411717389182702;0.3360748642660345
True;0.0007881847124283709;0.8196720290516468
True;0.0007911823627065588;0.7054128874260751
True;0.0006256379866716972;0.6706562275409396
True;0.00018940292567279983;0.8568959201279026
True;0.00020787213411754745;0.9528224308777044
True;0.009997647894084388;0.13750492641499956
True;0.00011283637598446382;0.392695920139944
True;0.0008103745835085025;0.5365231241990271
True;0.000514940347702146;0.9217436513635583
True;0.0004459815539276052;0.8189350069923211
True;0.0006300144298263779;0.9557303448214484
True;0.00032256361494452206;0.3371564167553214
True;0.00012779786921676524;0.8525331408623357
True;4.597484980931669e-06;0.4557725011019167
True;0.0006604517715028598;0.8903049259276379
True;0.0005414698756127151;0.47422389359044104
True;1.17038340083922e-05;0.8347486354323381
True;0.0006440956813178373;0.4430186786805525
True;0.0007178496051821812;0.4624011144637213
True;0.0129981693265052;0.11573304570804334
True;0.000590225496460541;0.9170777252075514
True;0.014470585194495551;0.12005569612823921
True;0.00040687217953292473;0.7614212776424161
True;0.00024361401264401912;0.7234977145187819
True;0.00048225115191379995;0.6272198339941388
True;0.0007112891356341452;0.44963229567708635
True;0.00042372987112482193;0.4724290220922648
True;0.0004173716578651199;0.7730644007245544
True;4.599444573882537e-05;0.9287774937747313
True;0.000186442101362922;0.6305687026697626
True;0.0008316651879102584;0.9291313705453734
True;0.000796711939059167;0.9109363411716387
True;0.0005878149208588942;0.6640609693901897
True;0.0006234471692904644;0.6052115729082965
True;0.0007218618923730477;0.9359412865954935
True;0.0005833610094262592;0.6634012403470608
True;7.762529597773515e-05;0.6936007499607557
True;0.000679303125615548;0.47432640352322963
True;0.00021630326273131258;0.6069841475314973
True;0.0003618754371954704;0.5218410807383724
True;0.0002009305911988808;0.8981455320770324
True;0.009944760736827742;0.14717560447856953
True;0.000556791332054404;0.4350204483437955
True;3.211320652964933e-05;0.9877017132148808
True;0.00011817634111803192;0.603802586434695
True;0.0007613595127673062;0.772241199711478
True;1.76028184132775e-05;0.5422624518324484
True;0.000585825944567206;0.7303304787531838
True;0.0003455728205727745;0.4425040838875999
True;0.000492476032189601;0.8638830022592159
True;0.0004391037313365227;0.4119909027518571
True;0.0006856079266681575;0.9573465021536564
True;0.0006444715923295342;0.72396731665183
True;0.0007812503993600153;0.8168236077768967
True;0.0003801492064158689;0.3480381955941532
True;0.00034364277366916857;0.9875279915684213
True;0.00030783492291225833;0.6396412756766916
True;0.0007911660237709336;0.3439574463042673
True;0.0005505566471923471;0.3717277283215612
True;0.0006124596491148109;0.9085241890757006
True;0.0001630134955252938;0.6076415942705802
True;0.000486164972029561;0.4375343684378026
True;0.00020466755860580466;0.37291788716288604
True;0.0006618733135604309;0.9016384096548367
True;5.69356569482541e-05;0.9146240869396882
True;0.0005498109885537861;0.6562931532955765
True;4.5079697838632644e-05;0.8051626667454234
True;0.00038457834315209854;0.4379473840714704
True;8.708423887034274e-05;0.8938513828711845
True;0.0003102528258641526;0.6023804223782929
True;0.00014954826650674015;0.7591381131818834
True;0.00015143222219057037;0.7239045805236572
True;0.0006502752526195339;0.8837619562065278
True;0.00837951730906033;0.1394452507586213
True;0.0007126210154088925;0.5130907953657898
True;0.0006575186851129216;0.7056669229616095
True;0.0005439963062914302;0.9968810405458536
True;0.0006219080873689352;0.6976428258930945
True;0.0006709698899012285;0.9751347610165099
True;0.00039701911022416424;0.3781086757430919
True;0.0007384250032207738;0.7484657973657558
True;0.0003928748825778881;0.4098975682387019
True;0.0006150646820503768;0.8285192742243986
True;0.0007226955015298762;0.7718250008497483
True;0.0007815580500497543;0.38626224630888206
True;0.013769933158730142;0.12125826234627168
True;0.0007762420607980707;0.8198845507953265
True;0.013388914840421984;0.11820641899870428
True;0.0003854887168568585;0.6990145157958773
True;0.0004629369698028394;0.6562288473117214
True;9.549720306494902e-05;0.47867015962860915
True;0.0007645013630444893;0.7284348877218039
True;4.515806329748149e-05;0.7011713718938557
True;0.0005116460160073245;0.8487589625612987
True;0.0006945259932070749;0.4019547552276951
True;0.0008104344815153152;0.7039213939133125
True;0.00015403163321375628;0.646160954938457
True;0.0005907456249907889;0.4831649732756284
True;0.0004771297184470086;0.7893724912873561
True;0.0004535330182555243;0.3831401279246258
True;0.0007467829787878642;0.7153135025177527
True;0.00026699932974335217;0.7946979072319389
True;0.0006953845948881829;0.5211730889415688
True;0.008990881900401716;0.1537143207227
True;0.00019304148850375085;0.9388480404708778
True;0.0003559199152911091;0.8613959407211081
True;0.0008351610318046767;0.3660273903262378
True;0.00041696967911444285;0.9924685060476814
True;0.00034124140895085923;0.4456489040325182
True;0.00048507968217299785;0.4823062531693705
True;0.0002186729025622555;0.5924276041623814
True;9.430854903966438e-05;0.6898089970891759
True;0.0004312533968260667;0.6647843441630565
True;0.0006970401537983673;0.9082645187833773
True;0.0002102807695168173;0.43312329741461103
True;0.00024704349599699224;0.7184663720836761
True;0.0004739227835621737;0.7427565728319245
True;0.00026167854132603987;0.9870476394060809
True;0.00019323951435950505;0.8763517812149053
True;0.0003242534345585871;0.9428484719696284
True;0.000580795349247251;0.8448404151026123
True;0.0008053951922381661;0.4432969567841212
True;0.0006259016768061391;0.7749819713157104
True;0.00032848124711235585;0.4825203530602143
True;0.0003277897538969644;0.439080051216919
True;0.0007677134770325179;0.9468453304695508
True;0.0007146009363899462;0.9764617346987663
True;0.0002475648576050197;0.5964481552642399
True;0.0006588316567213925;0.9508285919310381
True;0.0006663784537714638;0.6525899384061202
True;0.0005036615964612893;0.47139626407145613
True;0.0004443840517042847;0.6874253794133371
True;0.00023909750527610952;0.3450177366895509
True;0.0007330797621041956;0.4177108169800941
True;0.0007027653108826603;0.45577382434197106
True;0.0004662899979202174;0.7198381771965808
True;0.00021461690363515796;0.8943724124762812
True;0.0005578197080296823;0.7195753686238268
True;0.013960679754263816;0.12305986759385842
True;0.0005808649912506694;0.6314472346862949
True;0.00041330208087562504;0.3970461086922379
True;0.0007674599706070249;0.9916500623875224
True;0.0005769622582190105;0.8021951036503552
True;0.0007730786544613484;0.8119474124798756
True;0.0007761298986769911;0.9484881298296307
True;0.00029668409049724167;0.4601667311142771
True;0.0008349305761451353;0.8408352107103741
True;0.00036208890575156787;0.44301130910758757
True;0.0008230087718813817;0.9764289976110779
True;0.0002372212294685991;0.35516313537423955
True;0.0007132019332218308;0.5429604268900126
True;0.0003625131662320244;0.7855078244144115
True;0.00020242310375351852;0.5945964684480975
True;0.0008258485444242105;0.5283609758462057
True;0.00014976871756524357;0.7552489731769296
True;0.0004412453792328922;0.9409253356541972
True;0.00012372746704061226;0.3891095683354679
True;0.0001052800360676584;0.3988310279415175
True;0.0006641176539730517;0.40442163437946826
True;0.0006194047541727786;0.3687646342093571
True;0.0006050204444150054;0.3359087076177583
True;0.0006166064465269874;0.7923555668775034
True;0.0004970464396426836;0.9227967993926589
True;0.00029728910877251737;0.36284713459151263
True;8.252098803726813e-05;0.8247540545368683
True;0.0008190718949925073;0.7035830422181184
True;0.000521353369962554;0.8976932153219236
True;0.00033115249876134026;0.8605691240402673
True;0.0008211705031941501;0.4773985065478292
True;0.0004666891813322952;0.4427063987044232
True;0.0007514998210858434;0.7421426661769966
True;0.0005373452202375187;0.3873854783582865
True;0.0003450809037345941;0.552432611463966
True;0.0006147533865382224;0.7031841515679274
True;0.000780831589977231;0.7576274847956117
True;0.0005420080935297873;0.42746341830819296
True;0.0004739848398745152;0.7608454773007164
True;0.0004934636534764246;0.43593409500124625
True;0.0007912458894281523;0.6857669487585066
True;0.00019505712409142577;0.3423748836197707
True;0.0006297948044361732;0.5495823585129425
True;2.1442871636683518e-05;0.61205393855503
True;0.0006863956253692744;0.7186335834020956
True;0.0007269871443573761;0.35925075981048477
True;0.0006806158527638384;0.6942076728897421
True;0.0002887201995920504;0.7336410353851559
True;0.000270763392035705;0.5784162099003067
True;0.000695038904221166;0.8727370758897753
True;0.00027604986920517767;0.873056477211634
True;0.0002190541928851917;0.549703997887834
True;0.0004583982445760565;0.6881526162992255
True;0.0007269080130500777;0.4433249551398825
True;0.00018910206556635271;0.4341934842781724
True;0.0003912183655583274;0.8216074219904447
True;0.00011234538789617304;0.6457886327106508
True;0.00037686354142608394;0.5820132218877083
True;0.00015608079845373058;0.9225726870227723
True;0.0005056863935191769;0.5586843327784337
True;0.00012282326648229412;0.9412309468949427
True;0.00011372962617186605;0.34099488739504163
True;0.000640306094619105;0.77831407434709
True;0.0006564795657490003;0.9571944725178994
True;0.0005114238415338478;0.4504884323006812
True;0.00046366398445059164;0.5193355237264289
True;0.0007137700696047845;0.45519130059994695
True;0.0007692927619913876;0.7662295624653009
True;0.0004763730614205334;0.712512075618464
True;0.0007435254072703333;0.5703978006861647
True;0.0002763562970171512;0.37755871520767353
True;0.0001629908497822707;0.9862556411610233
True;0.0006278647501817773;0.562513659784051
True;0.00046111943043756673;0.7045374118302967
True;0.0008288313934180192;0.4256447051080819
True;0.0005234899610218332;0.9392357030731208
True;0.0005252722701173105;0.8443266751222956
True;7.58884652039902e-05;0.8391533245593998
True;0.0002601030079496299;0.5935207179842903
True;0.0008010818075764208;0.6229708747571958
True;0.0006588955570653231;0.7420010944359794
True;7.888010943384236e-05;0.8241559674651073
True;0.0005979987909943568;0.5231990888396374
True;0.0007968425656839625;0.8628036427084428
True;0.00032357148753000615;0.5172804497081251
True;0.0002931315202666418;0.4536724489131752
True;3.217158277086365e-05;0.6835200412565101
True;0.0008188197825378665;0.6679703015373146
True;0.00030125132568651253;0.5365383460555784
True;0.0005306014212371026;0.9082991409805528
True;0.0003375459070447784;0.9585823884796757
True;5.755445273192059e-05;0.5726664577015657
True;0.0004125966079906279;0.922920516359926
True;0.000379693664589761;0.85451982309398
True;0.0007624727463715229;0.5952360539712594
True;3.523711232968269e-05;0.40795096718771723
True;0.0007068796528857197;0.46933607597953575
True;0.0005389750351528789;0.6284413488598928
True;0.0007277270489541543;0.6937038142358145
True;0.00015841230251801528;0.6250230886016583
True;0.000691378242485132;0.42016391238182293
True;0.0003026744220016635;0.824649964087063
True;0.0007140924252093535;0.7036353931529316
True;2.0013037862371566e-05;0.4693331668349434
True;0.0005627181810738444;0.74212676510074
True;0.0007479037250955071;0.5095437094692403
True;0.0005328694287926656;0.5421234790992867
True;0.0005688995153632769;0.34469978294967224
True;0.00031735236847824544;0.4911181715978207
True;0.0006888994140553215;0.4175205513040145
True;0.00028858480539263424;0.8939164453882036
True;0.00026343035925410486;0.6321370240888731
True;0.00026640081101012616;0.5814980968586533
True;0.0003343737543586576;0.6207289360914168
True;1.1838592965179122e-05;0.9524525100646265
True;0.00013272539382668027;0.3337092235616422
True;0.0005948062369494491;0.33470866084868633
True;0.0006507012976340623;0.7619265391295849
True;0.000399334956348913;0.5547494391742094
True;0.0004452768389584899;0.953897451604411
True;0.0006080316131780773;0.6323572497046179
True;0.0007707353695540187;0.861121116801014
True;0.00045010781974424773;0.39693165046504686
True;0.0008343660514403612;0.7864076352946474
True;0.00034183513988247195;0.513226325592025
True;0.0002970763743523023;0.5708852105073283
True;0.00015304765623976992;0.3554042267354801
True;0.0003145544349786589;0.8754348535506751
True;3.373094805827135e-06;0.7405679387779209
True;0.0002990730938020164;0.37458173545741885
True;0.0002447000783140725;0.9629834241304775
True;1.6547819203605138e-05;0.38269948815117405
True;0.0003207710983353453;0.37749432098218605
True;0.00032622029307492653;0.6538203350186371
True;0.00031493367836997466;0.7036314940820569
True;0.0007982083098153805;0.528526570468531
True;0.0008001500768759549;0.7238610099149156
True;0.00030118790253926567;0.702688406878567
True;0.00042553164999099174;0.36223787340604713
True;0.0006592728433440908;0.8584080704659722
True;0.00023151505198674085;0.4467019378522222
True;0.0007879581643100439;0.7855422406875097
True;0.0004999775853786235;0.39566174433965234
True;0.00032263223534877687;0.9702841466848698
True;9.690295293760535e-05;0.3392933124535429
True;0.000497515037680747;0.7245434033986574
True;0.0005226717773519385;0.8515672861716288
True;0.00014842406654222879;0.7410928116756279
True;0.00011140069378437969;0.8177670359595444
True;0.0006917451936575802;0.7506241273541543
True;0.0006141975800682257;0.8746940012142156
True;0.00026127541471015277;0.761759713257586
True;0.00026256976845128767;0.7919365202543225
True;0.0007956511113795618;0.8802170826264183
True;0.00017570913353435268;0.6933574125630956
True;0.00012891147337263834;0.5203272592588934
True;0.0008352002850965358;0.9646869074499277
True;0.00032123979587772496;0.7146412384062123
True;0.0001926674387478646;0.40134670594464683
True;0.0006653260242442141;0.772733662957708
True;0.00048765277565266074;0.4492555567656345
True;0.0007189626280836726;0.3721008209844851
True;0.000521757658136412;0.5934958502325549
True;0.0006902247154708021;0.4526237785546382
True;0.0006029602050314646;0.9198962453277946
True;0.0002538746678144466;0.3970484880365247
True;0.00021484155400132733;0.8603286754771188
True;0.0008221046233173074;0.7044082216844088
True;0.00032747960095157175;0.5511356018900968
True;0.00029537796939274065;0.5149941882679274
True;0.0005973977327966246;0.38508930403274727
True;0.0006317709200995495;0.7284704990053217
True;0.0003279533302072017;0.8950377739663518
True;0.0006731985716984809;0.6462202994096411
True;0.0002135954267188519;0.6378897191196912
True;0.00012137079267574745;0.34464522848579887
True;0.00032357198832323633;0.4901141818206022
True;0.0004245183659963447;0.6386058294336983
True;0.0007957767554682001;0.3800419683653413
True;0.000530510676374514;0.8380978213570712
True;0.0006684196588377614;0.5804873915466757
True;0.000436207836078118;0.8143157268843313
True;0.00045708945752898463;0.7073809400886397
True;0.00022528116861782166;0.7109541211420527
True;0.0007231175403509237;0.8708716879813305
True;0.0005427635694191905;0.9329588228901075
True;0.0006088602125654426;0.5693159592421402
True;0.0005006216952822476;0.8592577509195096
True;0.0005248736427872939;0.6639113544775945
True;0.0007194999267590129;0.639567041888864
True;0.000572360600069842;0.9743618922465922
True;0.00027320515519673453;0.9387737197929279
True;0.0002767633855313295;0.61882109979174
True;0.00012470335286538512;0.9505649052099318
True;2.574534133295432e-05;0.40127444241580473
True;2.4229178367660012e-05;0.4169601541977688
True;4.442776326189355e-05;0.6452273733247862
True;0.00021648091001453428;0.38922105285960223
True;0.0008146627406157372;0.9163207114213635
True;0.0006665721508661892;0.7765277547082132
True;0.0007428441675872736;0.48945531273610743
True;0.0007120679933741643;0.6704434492786373
True;0.00032595323799285554;0.4718474199893281
True;0.00020299391026373976;0.8802612921470918
True;0.0005671031376509592;0.7115190371989026
True;0.0008179260286275856;0.7737542983834664
True;0.0003080957477542372;0.90063721288498
True;0.000788975352564794;0.5972465958540855
True;0.0006710416716111708;0.6265876246111164
True;0.00024293475047791954;0.9513492807839857
True;0.0004640007559268742;0.6365186921742094
True;0.000827236493936847;0.9667347623740109
True;0.0007160418937820407;0.6126751725960573
True;0.0005875989239919777;0.7812422331117854
True;0.00022715073849934923;0.6618086764236398
True;0.00033107689649585046;0.7166777556195167
True;0.00044239499713816976;0.5383319167895623
True;0.0005946600592130728;0.8774481911555875
True;0.00010710317582929898;0.35032119558703845
True;0.00041169132722691456;0.8626802069320781
True;6.700171158742405e-05;0.38249350486607236
True;0.000599768599278629;0.7453772517049935
True;0.0006927059018327196;0.5604768467795713
True;0.0006635191979734261;0.6437766203212959
True;0.0001072456161950071;0.33594929933538314
True;0.0005395659731236392;0.7847739417716614
True;0.0003492503493038435;0.7824358105804387
True;0.00044481522394044674;0.3655133913815344
True;0.000257550547176146;0.5452153613480735
True;0.0006326337468481783;0.7056995229430406
True;0.0005077456135724094;0.5467171853080763
True;0.00036951646616157285;0.9468341599344056
True;0.00024599215270398666;0.522004297125183
True;0.00038958251927483605;0.5678259352798212
True;0.0007883685658051788;0.7308286772064068
True;3.057648556839588e-05;0.8388435439742132
True;0.0004680396946964648;0.6299022474156288
True;0.0002166600887459999;0.5951743892743855
True;0.0003313103848912252;0.7954711242348576
True;6.468824240728736e-05;0.5908301489880406
True;3.728759624650553e-07;0.9820618007952695
True;0.0007930863916066809;0.9015946314081573
True;0.0007556541459483382;0.6525597461628363
True;0.0007850013038492586;0.49344235605069875
True;6.907682641509508e-06;0.9070828800127063
True;0.0007824300909178111;0.486055102198559
True;0.000534065406180662;0.4504375946243607
True;0.000536961461208312;0.4057942498819846
True;0.0007978814633719833;0.744747676502036
True;0.00044606214527480184;0.3524828840729847
True;0.0007861260506787417;0.9493909396145821
True;0.0005355375817962451;0.44750596442656837
True;0.0004514997077044131;0.8432141207255217
True;0.0005156836483618557;0.9823496224230258
True;0.00012405354949335376;0.593649218949728
True;0.00029203411306005697;0.8777854058279663
True;0.0004887627526919202;0.6194278735004274
True;0.0004672958691710879;0.6861945370974138
True;0.0006680219904178216;0.7865253296543471
True;8.457028772984461e-05;0.454699267899288
True;7.639948730581903e-05;0.7595360476856351
True;0.00039116589761895807;0.9297019261435291
True;0.0005689304466292164;0.8570030466425524
True;0.0006622345056667386;0.5447550265805146
True;0.0003874327623755518;0.6819282288888825
True;0.0005133356336003001;0.8475126734474838
True;0.0005021938473283027;0.34092771597538274
True;0.0001101399817273836;0.7197614292854897
True;0.00015179921445864893;0.5692047333683654
True;0.0006439611887062285;0.6026965236548685
True;0.0006995073719381893;0.8372288690445899
True;0.0006454004491992006;0.8263665770554962
True;0.00014704610692870655;0.8538022062318682
True;0.0003717129231612122;0.4457042656587667
True;0.0003887019662674631;0.9834925591503566
True;0.000606856843853821;0.5703812214867741
True;4.606064561553027e-05;0.39578746052778313
True;3.556031134746566e-05;0.41133920529453066
True;0.0005421985081186608;0.9144024224405805
True;0.0005268858938532449;0.9044495127553248
True;3.927595950969349e-05;0.5119138024162954
True;3.3207417045095556e-05;0.899342035485378
True;0.0007472370297691153;0.6026871731084171
True;0.00020293443860456358;0.9635777769131039
True;0.0005650143576769841;0.9509413421017268
True;0.0005006759496528226;0.4153423046557675
True;0.0007155006485692942;0.4803962754255553
True;0.0005054965294617158;0.9852109646145336
True;0.0005455932943112445;0.4194069610819686
True;8.457202158658121e-05;0.6044990580746201
True;0.0003391602205292305;0.5565582842546697
True;0.0004995846478044103;0.6818719869503731
True;0.00041947695355699677;0.9004554357358846
True;0.000694713668727185;0.35047066835391516
True;0.0006303547460950899;0.5076542634866583
True;0.00035534021476113796;0.34599834512655386
True;0.0005677458344622401;0.902706098394792
True;0.0006012393474421876;0.658868395160593
True;0.0005715916182996959;0.5623380665683457
True;0.0007324915449902408;0.4965773124608006
True;0.00033661518077795306;0.8243999422835033
True;0.0005062894706733898;0.9257937389873311
True;0.0007551804032773032;0.6467067095903707
True;0.0003452227474385005;0.9602272794706266
True;0.0008314373934356636;0.4802322812071191
True;0.0002682259261763381;0.3531837078059039
True;0.00023483888287442907;0.5473154815227665
True;9.646193499212046e-06;0.4560175743618022
True;7.779664279318565e-05;0.773816827849601
True;0.0003966531966154755;0.5017291745121455
True;0.000640315168710935;0.9664327823863452
True;0.0006074578719917177;0.6647363991489862
True;0.0004293997169393935;0.649238960144676
True;0.00022702803295060822;0.839626147785662
True;0.00045702911999475997;0.7200210628533308
True;0.00044463375305314035;0.8096529023674001
True;0.0004740259245727054;0.3512977660734328
True;0.0006003792976223729;0.9612380985378791
True;0.00038293209114061296;0.5341384489418516
True;0.0008341365846541029;0.4552265064709365
True;0.00045798864395256406;0.48105503153133145
True;0.0005103355349163768;0.5303828760397236
True;0.0001055862657899565;0.8684496508404093
True;0.00033681802531394946;0.4050382314975434
True;0.0007385113978909456;0.6027339600906032
True;0.00028228093164757586;0.8921992008714816
True;0.0005254675508874414;0.6136607871488664
True;0.0008007379503809454;0.6473757587375168
True;0.0004907652355866044;0.9386539721521876
True;0.0008300174194291192;0.5428698144688626
True;0.0003414427814066247;0.4640644622651668
True;0.0004357793071960217;0.7351199416928469
True;0.00038381137440867476;0.9182704071269344
True;0.0007375877717795846;0.8068766223780671
True;0.00046754785056036006;0.5441040396191585
True;0.00020391265183493756;0.97619458638547
True;0.00028633062473579647;0.3856222682647523
True;0.0002414000859995791;0.46656027684873985
True;0.0007464929779444015;0.7688272493666091
True;0.0002946127071187609;0.4105631016268379
True;0.0007760291379035713;0.74165119451436
True;0.00021003116527962065;0.7706800979814159
True;0.0006482688392794232;0.986011185964921
True;0.00010650198501333946;0.7609289604145932
True;0.0006665649899224457;0.7750884143236774
True;0.00046654878859615746;0.808820980316651
True;0.0004402177438602744;0.7420538118605591
True;0.0004886592002318929;0.3926562522624412
True;0.00017437402921966137;0.8494973542138713
True;0.0007264797164877326;0.3841514597493075
True;0.0003541810318214146;0.3881851777581752
True;0.0004503282484236903;0.9119270116399624
True;0.00036108167346428176;0.8867611317178234
True;0.0007186821463284534;0.655586133234191
True;0.0004874135096965925;0.8608560747642091
True;0.00044835003415821996;0.49887749510169244
True;2.9342713750858565e-05;0.39046940561481513
True;0.0006969597727080243;0.7435321000102577
True;0.00017663979584825278;0.863472612379997
True;0.0006577596470058995;0.7280449226366388
True;0.00010390560812855324;0.3876171216760489
True;5.840008514864862e-05;0.9464603892330139
True;0.00030134557959608674;0.6902924106952701
True;0.0002660502813053233;0.9941578864581045
True;0.0007352174175187262;0.40184574403871176
True;0.0007508384808748251;0.8832066688698301
True;0.0006908628720669594;0.6391036364196452
True;0.00014151028707836926;0.3843540145650215
True;0.00046467633457154193;0.3946505745431396
True;0.00025554384591682026;0.6183875551203565
True;0.0006292763196833316;0.378021984361524
True;0.0008337527735184582;0.6771337472367198
True;0.0005780329153030448;0.9375726664222901
True;0.0005048625569633411;0.7291589419076965
True;6.980835639492874e-05;0.9630514141425285
True;5.287041806754706e-05;0.9960453558886959
True;0.0007798967943804799;0.9487411701116463
True;0.00017346602724548942;0.9406972100302896
True;0.00041246297863880324;0.47526352028950425
True;0.00073967575323645;0.6641107859729334
True;0.0002944340632014963;0.723608572031228
True;0.00015035296883051692;0.9184772752457002
True;0.0005093655821709158;0.5695715442959679
True;0.0007841112310519083;0.5341965039141859
True;0.0007266672823513045;0.7434093278533032
True;0.0005304654274742839;0.4856623349332646
True;0.00027973975053579523;0.46076190985878707
