true_labels;p_value_0;p_value_1
True;0.0004329803772539423;0.5873806896782654
False;0.22983208723067985;0.007924404543092846
False;0.19687185379237188;0.004310551890096827
False;0.20520149078177738;0.0056048624885626725
False;0.24665920062645214;0.008308120646097351
False;0.19189627449030072;0.004748123275832422
False;0.25572777800057184;0.006987727556476463
False;0.13312650931468617;0.011153120083420877
False;0.2923121691342291;0.0005004113077891071
False;0.09240218016483177;0.02568141720106046
False;0.16146993761719194;0.006700707592472639
False;0.2836038728674231;0.0006643760628728532
False;0.31225750881827796;0.0006719000100400127
False;0.21855466563063125;0.0031328533303247984
False;0.16068057744735018;0.005307228948932012
False;0.311408138162191;0.0007591362437463539
False;0.31786964185417876;0.0011743356053930147
False;0.2129045736507834;0.007773219266261438
False;0.3259562632268144;0.0012474359880518713
False;0.25733987678774783;0.00647215193849906
False;0.18549050313455157;0.007395468128277315
False;0.2990446812800533;0.0004646223466608024
False;0.24365103949818967;0.00623723090971602
False;0.18932142569249225;0.00840049252619325
True;0.15568486248327018;0.00388000935724736
False;0.189176752368191;0.0064677894092661165
False;0.2690045999898131;0.0030147616511428644
False;0.20373763469926218;0.006309486796051218
False;0.3220612236324505;0.0006777407196292299
False;0.2863010105345295;0.0011482318228786493
False;0.3226141498564236;0.0005908853669852766
False;0.19850211489562902;0.004928347335384469
False;0.2577439180135631;0.005964484948779387
False;0.2134573581492275;0.004562283457894927
False;0.13278735765314095;0.010925270146142899
False;0.1794222868749064;0.006291860413912579
False;0.28516197252069225;0.0010904073672261829
False;0.2843979949792081;0.0010259740761780483
False;0.24564913298641755;0.004175145317500199
False;0.2525931390230214;0.0060884405825288425
True;0.23607650899908686;0.007295364340709973
False;0.2849012964726171;0.0009768829681957726
False;0.1964417608611762;0.004005170507390986
False;0.1965227734091717;0.0043848386591854305
True;0.041667641749321194;0.06830927268524864
False;0.2490409666236547;0.007482213891920846
False;0.2938727778469097;0.0006128736372082994
False;0.3054577115239659;0.0007925595981820377
False;0.2897162410353247;0.0008993010413969242
False;0.31599648970373545;0.0006206508972522501
False;0.31140984424964513;0.0005904221637826148
False;0.17041330287112547;0.0030653267586378398
False;0.2859557317897477;0.0007923527992072185
False;0.17669450852788907;0.008712648246823346
True;0.08754302536098886;0.03033353029558545
False;0.26495066476336177;0.004759119955507702
False;0.21393266522171603;0.003992363584689516
False;0.22443612496470028;0.008756692063153498
False;0.23976659701896724;0.004073489962321247
False;0.27467690319443056;0.00872568794279623
False;0.32543455290591905;0.0011509813330813278
False;0.32692672514776183;0.0004375914452028804
False;0.2896568152069089;0.0011776220944369961
True;0.08785762004911006;0.02799545608546323
False;0.28655405562941877;0.0006217861051511431
False;0.13521347119404356;0.010774086098935435
False;0.17380356965902022;0.005995083560517784
False;0.25034616973890167;0.007447874149891625
False;0.1841324051041109;0.003314255264097506
False;0.2874372996548626;0.0005438671859959393
False;0.19058315834876072;0.006399095841913385
False;0.21487942083496808;0.0046267012426564665
False;0.3088374235877276;0.000839795713108629
False;0.1689055350705076;0.007649020587545206
False;0.2748343807398064;0.0033330371746972424
False;0.18489208946302613;0.004241050255900502
False;0.24478497249012393;0.008055371680523256
False;0.1578271489346026;0.00650332584550049
False;0.19520162330820134;0.007643098203833673
False;0.1280768373861181;0.010761899202632954
False;0.30384284147677965;0.0011750772665187494
True;0.00030231402082080095;0.37442335892178674
False;0.28398496202319806;0.0005443730687911772
False;0.1747504477249105;0.0034292357019692645
False;0.1840580901995161;0.008757143620418314
False;0.31947607022249475;0.0005344073406293198
False;0.30611411075467526;0.0006227091209397409
False;0.24046930710805886;0.005917532197333402
False;0.21030214381534384;0.0040478001384028715
False;0.2815888256478426;0.0008799821922010445
False;0.2704845865770396;0.0043228974649386345
False;0.2164208479607434;0.008323541727464221
False;0.322602510861708;0.0010080620017211244
False;0.2978516618718107;0.00045053935035782155
False;0.22797300809443155;0.007542571550496799
False;0.16506423649552657;0.004968069953640499
False;0.09609929460037198;0.025365783039796745
False;0.3204032495118314;0.0005459774475471994
False;0.3082162553863043;0.0007772666247188628
False;0.22691645130712834;0.008436920771344976
False;0.18341210980618738;0.004267514285100121
False;0.12601176991102894;0.011439647365605111
False;0.2901513887636665;0.0004563253807837081
False;0.22952193232642465;0.003979086144449327
False;0.214461717605177;0.004780906547662353
False;0.30794801228825963;0.0010860947324026792
False;0.24304467054764223;0.0058497326515198796
False;0.31755421362543;0.0009238437042524467
False;0.25428308459767685;0.003849455948553718
False;0.2597202804877243;0.008295761000849456
False;0.32128853977617877;0.0005214744652051989
False;0.31857505023438565;0.001092754161006083
False;0.17100040738103972;0.008135984245246503
False;0.15731411103002066;0.004688073825618677
False;0.31719073884064364;0.00047644690493422575
False;0.20797368850393858;0.008547247522928795
False;0.21988853241632392;0.007508852683060015
False;0.264629161865899;0.005429421628499241
False;0.09270959290872481;0.02587426007508096
False;0.29682716915846125;0.0008862869640318292
False;0.2641477755650758;0.005597036934118051
False;0.26262608676392474;0.0034485198510306875
False;0.2592401040238408;0.00676715965844902
False;0.19345191680760881;0.00631415556751487
False;0.24507703481111592;0.005087704226040073
False;0.26415095566892083;0.0036241323344606362
False;0.2525189027067371;0.005718020493008565
True;0.04595563594364338;0.07107718953895142
False;0.1291199521775682;0.011381525658343824
False;0.26457128067545654;0.007757980728211196
False;0.27379714762943164;0.004868835325265931
False;0.24578452854954666;0.005441985808662298
False;0.12929833880464525;0.012550129381198266
False;0.16529487162404016;0.003461111518512687
False;0.09549189679356596;0.02538973810789892
False;0.29007778328284106;0.0010309380871329499
False;0.25602474439736256;0.008410831313181315
False;0.2257370629987006;0.003010733746621429
False;0.09276091772353416;0.025816319346237515
False;0.3274786398217924;0.0006682641896266922
False;0.293763324478118;0.0011761624985651455
False;0.24909567365536978;0.0035672062720073804
False;0.2188037830336358;0.006874146646875627
False;0.3117340238338078;0.0007114830882246622
False;0.1867892056566286;0.006451883472283726
False;0.2693841369413196;0.003353941589051448
False;0.21984930556083904;0.008120846166125718
False;0.20863163055242817;0.0057173857532939075
False;0.16796259558667703;0.006251749072372955
False;0.27444899196862177;0.007641752005020843
False;0.2907766443140157;0.0005367473620487425
False;0.15735539770091395;0.008450324696912955
False;0.3192628558026442;0.0005870023311349321
False;0.17468913566989544;0.004883434692923828
False;0.20098974196142205;0.008732738297228869
False;0.25640308181913435;0.0065375258522111694
False;0.19937234697193323;0.0049782889865612225
False;0.32827937367843535;0.000718803209226354
False;0.28836472369655;0.0007014454875044933
False;0.2186116238688935;0.007430369229512478
False;0.3232957742790014;0.0009530511306400208
False;0.22162578213412726;0.0050495521893933575
False;0.21441895005890296;0.005989075529682339
False;0.2694807487160794;0.002932316701552691
False;0.23710004930005565;0.0037710651656059366
False;0.2423601999250663;0.008285807530453295
False;0.2841585158114631;0.0008351931114297328
False;0.31391864535431757;0.0006126614382047922
False;0.2660300473164181;0.005618072454276191
False;0.32806642655273777;0.0009384619013721954
False;0.29024246216145655;0.0006435193946887717
False;0.20008357660686976;0.008178955439712277
False;0.15590951096518027;0.0054288291768613915
False;0.2352885309299662;0.003572790318938608
False;0.18383895754731988;0.005098648007984073
False;0.12634281817475235;0.010893866364743935
False;0.17232803741324604;0.003931039058802753
False;0.27025776165599175;0.006464248822382631
False;0.24581285610484715;0.005299360391061634
False;0.30147047108118663;0.00044904738567063887
False;0.21657594159767718;0.008465275372430902
False;0.22394523309554965;0.0070823654751302045
False;0.30693468347165925;0.0008553618536461611
False;0.18336601336478317;0.007984746912623724
False;0.23799877111179316;0.0079841439750982
False;0.17628507660347617;0.005253992706636835
False;0.21054211981255344;0.004311733896288303
False;0.19991307692986318;0.008267135712725339
False;0.30428026809052466;0.0009810010088628157
False;0.32384852182664126;0.0008995934504727718
False;0.22806216052592126;0.004061307396780252
False;0.3076064231354785;0.000902826310827731
False;0.18999319827044833;0.004131701275412037
False;0.2088697158902545;0.0030966377622215946
False;0.1580136771184874;0.005268776983245285
False;0.20108298787113774;0.003893716154851674
False;0.21578211166419145;0.006566987088335518
False;0.18080110360577473;0.006747770500814586
False;0.1662977738155917;0.005633514685436648
False;0.29602983417143225;0.0012152869828625944
False;0.2117119173048846;0.006393212421679708
False;0.1749905497267371;0.003450533168033097
False;0.1592727596728921;0.004474733464315465
False;0.3148552280019677;0.0008559054723040443
False;0.3229469579421748;0.00107743122916762
False;0.30204032935233766;0.0008119309663319084
False;0.16898694341973278;0.006900774997921083
False;0.1727929148908454;0.0036486180239812815
False;0.3238697391538392;0.0009930171822403518
True;0.04192834379508519;0.061933926127938854
True;0.24433767745813836;0.006458960676257091
False;0.1877992580725442;0.0036785386170375516
False;0.17163868463701507;0.008298638983327949
False;0.21012615449048544;0.005292002355250434
False;0.1896142357837418;0.003902630648816699
False;0.16532557459475394;0.003511648961107969
False;0.1602680223419552;0.007995947714596887
True;0.12630533360464805;0.011431144818185024
False;0.3071198391968122;0.0011868326165859226
False;0.09322082747113372;0.025399521429212174
False;0.19531416143690516;0.004792584802391699
False;0.3242090107327315;0.0011416800495253504
False;0.29478352004289105;0.0011538485506053218
False;0.2294038530268111;0.004786604165161002
False;0.2554440055393111;0.00831666683690979
False;0.3160995276817286;0.0006543914904414746
False;0.3267716377911501;0.0010914740709872125
False;0.24530416045507702;0.0052966744681358455
False;0.28777806704869086;0.0007095772978830677
False;0.2618081329504514;0.0039079542987755286
False;0.2627170726322163;0.00809727232401114
False;0.3012402693955105;0.001193661872238855
False;0.18939443389505997;0.006273976543066705
False;0.25259967976289677;0.0039282337462616425
True;0.2431406638014415;0.008393709819123739
True;0.042636598436593835;0.07228594069023336
False;0.25026705829029045;0.005553460273158268
False;0.22817641636546582;0.007582237613222187
False;0.32601889331205003;0.0005456392728872355
False;0.2958733112335957;0.0006245113213317328
False;0.3004331197396262;0.0008156788410154225
False;0.24602135742827042;0.007011231393180299
False;0.18823835955540894;0.005535627060783534
False;0.2385959468495742;0.005662891560616619
False;0.13643742565905945;0.012472659784197919
True;0.0006298131619022543;0.8880605042704719
False;0.315356950372752;0.0012458250713392376
False;0.2936030062117696;0.00046006519157603954
False;0.25816751774743063;0.007588119113015509
True;0.0006911869204231681;0.866522753644678
True;0.04822343734687771;0.06307625369838052
False;0.3194109365253314;0.0005306772641289829
False;0.1645650679435917;0.004982020971026308
False;0.224219257205438;0.003840875922047052
True;0.05095290056542305;0.06841964596102486
False;0.19813737589237074;0.00847260999883532
False;0.31399843950807566;0.001058706116082251
False;0.2972544734817114;0.001209816662496996
False;0.3162697671485137;0.0008682419037179402
False;0.2822997690749412;0.00048576557431703716
False;0.3112598422918525;0.0006289289662117195
False;0.2318463775834995;0.0037223161241841628
False;0.30340800884149566;0.0006479272969226011
False;0.2357649641619174;0.005478377309027463
True;0.08713487901847031;0.03281112893059256
True;0.09084420844891276;0.03254326226926383
False;0.1655780320116782;0.003395838282643813
False;0.2229054102319259;0.003487589998500292
False;0.2713741948214475;0.0033803509305437066
False;0.2620576081671723;0.004821901191754241
False;0.285715815943159;0.0008799995907876898
False;0.30156248667917335;0.0012067209344201128
False;0.32179669437139125;0.0010676278962674867
True;0.010728676423942938;0.15462014164282453
False;0.31659249347286567;0.0005464404635105764
False;0.1329558324559327;0.01228501927841026
False;0.2275600644930832;0.004944922229072078
False;0.18767766239058653;0.004208311394002585
False;0.16575495356284078;0.006980597022345722
False;0.29665710842745807;0.001062678384514177
False;0.26307275779121553;0.007612411337177341
False;0.20297798122908392;0.005827141975352619
False;0.2977375877212821;0.000873618379048421
False;0.21736211674823136;0.0037689160347355397
False;0.21350942237390372;0.008455282549927686
False;0.2247235736559218;0.005124217601250258
False;0.17114806868461077;0.005634106002600486
False;0.18946383304327796;0.006487641067651288
False;0.23617954554310955;0.00458487799811841
False;0.12751463149096143;0.011166629091687391
False;0.3292638784217721;0.0004265743608864623
True;0.16794759409551574;0.0030297962615492917
False;0.31008687615985386;0.0010262918760468131
False;0.22641213149793094;0.0047694076224195315
False;0.27417603057131895;0.008128074444900588
False;0.31439438316559654;0.001179394560055657
False;0.2845865736619519;0.0007184481572502324
False;0.2565148946952106;0.008514171321239588
False;0.26939904645626583;0.003747802362560074
False;0.3122862070605996;0.0011963849160416197
False;0.2128457444342805;0.0037602460403580976
False;0.23892064916769568;0.005901150375870634
False;0.2824454520007147;0.0006174923924118868
False;0.3233029899027308;0.0005415892998751261
False;0.17410586156089203;0.0076075123289654194
False;0.21447178840401337;0.0034410593237577257
False;0.09338918385114384;0.025893277734327848
False;0.300670329848409;0.0012444673426617347
False;0.313013921310878;0.0006835485589650071
False;0.2691839218371622;0.004224540928115223
False;0.21167919536160426;0.0036295608171951245
False;0.127311456789686;0.01092554788604384
False;0.30034674964887487;0.0005617095686234685
False;0.24460307990741764;0.007960036409397487
False;0.2442362629599879;0.007941725404719782
False;0.2862317058634105;0.0011114584092343483
False;0.1953777592720538;0.008602037705852376
False;0.31394012136665056;0.0006583037766488669
False;0.27011078588137694;0.007097278537116034
False;0.1892230776532441;0.0068486691160886525
False;0.28635491132277263;0.000786555829899843
False;0.301974578602598;0.0006121580201011458
False;0.17497881697706566;0.005570032247504374
False;0.1806081670391168;0.007263524968657998
False;0.31613644024530113;0.0005403078588142173
False;0.19746805586417265;0.00529847728341745
False;0.27152640629901426;0.0075210839333532155
False;0.1722654259246694;0.0084489970046557
False;0.0924958006568155;0.02565998324073262
False;0.2916564736732019;0.0008928890888840662
False;0.22502276813539146;0.006825172943564502
False;0.21414662306756;0.004651596904178873
False;0.2037889314768363;0.006349208889063676
False;0.2657157750827577;0.007127586223207178
False;0.20437921467067693;0.007357495772213401
False;0.18016550937630657;0.006839981032964737
False;0.19723676743672164;0.006082705512779401
True;0.010173388834668493;0.13997971926078182
True;2.687598631099314e-05;0.6750754830722576
False;0.22697613265327043;0.0032544224141141166
False;0.1822308193281488;0.005821738202234691
False;0.26376168594528254;0.006301074379410863
False;0.13326167095634073;0.012888115123731475
False;0.17175271465120345;0.0060336860009878
False;0.09516069738082346;0.025207404425451673
True;0.11464534234860946;0.01644924102949316
False;0.25411853762836445;0.004912555453304138
False;0.18067630451898922;0.0037035250184857516
False;0.09594321877690032;0.02560483312251955
False;0.3087247069190806;0.0008725891035119063
False;0.3278973849697507;0.0006899761097388434
False;0.21139340661087783;0.0037669193540827953
True;0.04906226279226962;0.06898602544360455
False;0.3281443764676633;0.0007089128358654297
False;0.22141339453819536;0.0051424202628361695
False;0.18485445238679182;0.004733342714849731
False;0.24816464601642763;0.007146123251612105
False;0.2550953150598597;0.005535188272089885
False;0.26396328267596614;0.003796728388841405
False;0.19709314703458652;0.0071123902852506075
True;0.00044940157610251784;0.853362958612807
False;0.27055552174676323;0.006132816795933286
False;0.3215987721004768;0.001162749257830145
True;0.037945941395028375;0.07948014763719721
False;0.19066292462406204;0.005690293411265514
False;0.23752134474935227;0.006341266371801041
False;0.1987003521607696;0.0036913282227319967
False;0.28860523600170424;0.0011197644061808803
False;0.30759200703448436;0.0006693309571256515
False;0.18332246294882248;0.008034495683137948
True;0.30737217075761997;0.0009135758888091294
False;0.23168544631783233;0.008713613248166231
False;0.26633778115884915;0.0045854668087445885
False;0.24934614663128685;0.0036206513831303177
False;0.22461092098860513;0.0030518768852109152
False;0.20692734620673964;0.0047295037728010535
False;0.32537551220831434;0.0008019043394869537
False;0.3087802660786712;0.0008417153054503889
False;0.1727564324209292;0.0058028367064419375
False;0.3022291222682351;0.0005724824823956068
True;0.09178286465313396;0.03294082772901995
False;0.24198452541188992;0.005232607374721587
False;0.23064509330009117;0.003859421916553215
False;0.17370465038554173;0.0050772586139540155
False;0.2121111467813364;0.006282220350782726
False;0.12809759929218267;0.012010585601274309
False;0.25689379334037615;0.007238054488892679
False;0.2509715982884681;0.007488046951538978
False;0.25500753114911423;0.008107402513140752
False;0.32821932996850933;0.0011872286215700082
False;0.22661784575209026;0.006325060739885098
False;0.2606665814860739;0.0046160456951383376
False;0.28818793380033664;0.0009763157503110836
False;0.169870604511901;0.0042605402230780605
False;0.15790840287895763;0.008381322530827061
False;0.22447035607311216;0.005313188717667391
False;0.17885532964258238;0.006305724364282687
False;0.1715945995436143;0.008554320023520641
False;0.3017863998326563;0.00042772561727575455
False;0.3158049658663417;0.0008004960625404651
False;0.24011061882123014;0.007726081514964128
False;0.304953686722399;0.0009770513941156026
False;0.20754464426955502;0.003920253414473182
False;0.26968826984067484;0.008332458745143323
False;0.2291206020371867;0.008762039821527423
False;0.19278030623859305;0.0037826551711963264
False;0.16790992677678734;0.005522438683536296
False;0.2535099383056454;0.005657533322215648
False;0.1852275170459413;0.006857427112741022
False;0.2974420059444381;0.0012174904218917068
False;0.20297662138783276;0.0043670776100603395
False;0.2033842958283657;0.005107524249806823
False;0.2536949415016919;0.006931357921418692
False;0.3253761043497305;0.0008918870383599606
False;0.29601638053588375;0.0005776434642163208
False;0.29312654283659806;0.0005319669280937461
True;0.000710521073865914;0.5348623189869879
False;0.20466795084005043;0.00594642568916209
False;0.29935151982127683;0.0007408952286777478
True;0.010407654900127631;0.14595533297801955
True;0.22151147053936615;0.006725624135532855
True;5.188112844777035e-05;0.8220878585359963
False;0.22005507292501786;0.004038404815965905
False;0.23276979813796944;0.0066234670111884894
False;0.15538198063951777;0.0072104060718793765
True;0.000274171212448477;0.8017897880814842
False;0.1690307283498809;0.005696319302604778
True;0.12970320323389883;0.011131110235591733
False;0.3050655904059627;0.0005842668032301227
False;0.09452575567951223;0.025214989294909125
True;0.00018192995826875788;0.6164403216801196
False;0.3299597771783036;0.0009705684647579253
False;0.2857719534533618;0.0012313784339667505
False;0.198268029880919;0.005079691278489516
False;0.22174768792017258;0.007971653918733262
False;0.3241770914619979;0.0012058906798452789
False;0.28524797035817445;0.0008905798416439057
False;0.18365922390964812;0.00366994877171752
False;0.3234888214819628;0.0005780140641974603
False;0.25661212669981787;0.008053382565320835
False;0.2582555512372116;0.003284073821789081
False;0.2989047820707531;0.0005370117908173697
False;0.23445626949489834;0.006698424344169417
False;0.19971146554994293;0.007046324781618207
True;0.2065088283890905;0.0071905332161513805
True;0.0008368307712277106;0.2755837596207977
False;0.27232825213504624;0.004849318276291674
False;0.23586999858395583;0.006827013439207495
False;0.30763495569633714;0.0008654397151660079
True;0.0006771584207536255;0.4990462022225127
False;0.32659808238159604;0.0009833511485524773
False;0.27389480819259227;0.007036550507560947
False;0.2639971441375317;0.005993149089998636
False;0.24677342833824567;0.007810149092028932
False;0.12646625467568098;0.011344878844911572
True;0.0005349533930640629;0.8142401148320602
False;0.2908779636474107;0.0005443419904152648
False;0.32036403886151027;0.0011653572088771785
False;0.21715409038008385;0.007580651601109252
True;0.15759568678227673;0.007238609688177472
True;0.010113472202503453;0.14916286472579082
False;0.32175932534439;0.0009452559239337566
False;0.2632658026036646;0.004466491183165482
False;0.26511634890956115;0.002926197612670226
True;0.04399182179182474;0.06551960156019385
False;0.20930415764690813;0.005016717979022943
False;0.28835592213740524;0.0005297769568936461
False;0.30742793265105534;0.001219750049940296
True;0.08868217324128563;0.029144872746451805
False;0.31095435584586223;0.0007495005706322578
False;0.3173068742428576;0.0007459372578360227
False;0.25761983177085523;0.00449884506015348
True;0.0006940323509324932;0.49231854464439606
False;0.24491201937655116;0.006317869779681764
True;0.08811884919677451;0.026337677993026585
True;0.0008113734788457718;0.9831155164980117
False;0.16246428552988532;0.00818512250722531
False;0.19512530612916526;0.004919958228794174
False;0.2277656902346908;0.008745940978851577
False;0.20688625232490515;0.007211004622015082
False;0.30909421271287035;0.0005131415971516836
False;0.3003369531036309;0.0007493269764015144
False;0.28643564745101363;0.000942594572974809
True;0.012598299504904611;0.11954867876581789
False;0.3196716649969871;0.0010936978785254837
False;0.13286647302252597;0.012872291545703332
False;0.19927073291037758;0.003149420400188188
False;0.2535674184608585;0.004286785935149057
False;0.15752603162875903;0.008771912977044268
False;0.29218367176024107;0.0007981206148237137
False;0.18670364781314175;0.004293732819225069
False;0.193230643713572;0.006129750845084063
False;0.29399434774679356;0.0011554980411440739
False;0.2634034739495267;0.007393627239235546
False;0.2144889510549134;0.006016660988518521
False;0.2199964957189619;0.005979471761017929
False;0.23680653093861614;0.0032220515749279673
False;0.2553838065652733;0.004089643241189915
False;0.26787200881767775;0.005938554842619074
False;0.13294950421806417;0.012194372423474664
False;0.2902672604961041;0.0008739071341808675
True;0.2679002918032937;0.007872451205952532
False;0.31015169501792755;0.001042238771951576
False;0.2053601388670876;0.0029924009076015973
True;0.05136814154995414;0.06160172518349969
False;0.32404813324462;0.0009272434345116059
False;0.30995697658707133;0.0012092598306515997
False;0.2601143677961899;0.003934756794320864
False;0.2622582583286014;0.003372578240682446
False;0.28583113193359966;0.0007885739654934499
False;0.20652935226627375;0.005905473651262511
False;0.2162841512592679;0.008222837544877225
False;0.30871923759456643;0.001196723751456494
False;0.32881000814918837;0.0005110168798260054
True;0.042407073771659004;0.06404746262535196
True;0.034232660468668026;0.08441053301478627
False;0.09521608249356829;0.025434576331356887
False;0.3054374283003588;0.0004205747584463442
True;0.08985258731721868;0.02666176104669441
False;0.18014496318437695;0.006545529056339608
False;0.21355873084435084;0.004143312568890126
True;0.045095481399799395;0.06514856666896582
False;0.32977612987901733;0.0008307422080299799
False;0.22666402138252395;0.006005071776941449
False;0.2345620621724655;0.004601293667970651
False;0.3160123718242217;0.0006871977085181539
False;0.2517244486339605;0.006393352898417357
False;0.30909166898971635;0.0008829663793330075
False;0.19678464937617218;0.007420583049220296
True;0.05269903000350018;0.06714441329805453
True;0.11437761464246315;0.01509085632039718
False;0.28246993716046515;0.0004453410688269484
False;0.2654003477888935;0.006348264673218973
False;0.25540700455681736;0.0040545154522518695
False;0.2906707657937758;0.0011189699647422375
False;0.17230792193966404;0.005219201785341087
False;0.25721680566490923;0.004888433339933018
True;0.03926655910298684;0.07934424667386149
False;0.09412839779320786;0.0257340009400901
False;0.31433450390863493;0.0012012660426817762
False;0.21481649214993226;0.005925009566376104
True;0.0334373622717493;0.08428650326710321
False;0.24619966846520824;0.0036720793711401307
True;0.00015004287743189442;0.8631221359301653
False;0.24489237190109975;0.007611318441778222
False;0.24267146508342935;0.008495701271485762
False;0.22925881637061346;0.006043277734004991
True;0.020551560658300036;0.1055161052490152
True;0.13360045060262582;0.011502661281782386
False;0.21054741840279184;0.006301820705210279
False;0.16096670549370068;0.005051220050807526
False;0.1751582459096944;0.003948503160697484
True;0.03976991523261061;0.08090855274736769
False;0.19905464318012142;0.004433512244693841
False;0.09556722347760534;0.025118551345219817
True;0.11330020784640608;0.01639047505650665
False;0.2437313187783927;0.00870976592212913
True;0.039194144009069495;0.08247922581793402
False;0.09240421653184065;0.025569107054134205
False;0.28332336666185776;0.0010593698878376384
True;0.0005866934258591592;0.9802602822664592
False;0.1680881448907457;0.0064481915416491195
True;0.0006311420098591721;0.6114047130707061
True;0.11490018594186222;0.016505865952508712
False;0.270587249021516;0.008747551576805034
False;0.24462099773711865;0.006645658148792873
False;0.2729507892763039;0.00311693564190533
False;0.1647214689762133;0.004979912388626441
False;0.2440947803239193;0.007022756930745829
False;0.24575968119146196;0.006987836249617773
True;0.3034192100197296;0.0007008899011425888
True;0.08683311604496237;0.032838199642627734
False;0.28894227929089583;0.0005177390964647072
True;9.842386381617276e-05;0.9678928614178745
False;0.25604686500379453;0.003547438011441069
False;0.20635717337426623;0.004312958942375412
False;0.1573536430425452;0.005757410923888885
False;0.311387314429352;0.0008172132186084062
False;0.28511346875709936;0.001007022408920132
False;0.22589782666189506;0.0036441447123489825
True;0.3265023783269827;0.0007555236941911602
False;0.2627148075320074;0.0044352345335707385
False;0.19644535979617075;0.006695192790620807
True;0.04171364141368911;0.0737333973806166
False;0.2606122546975237;0.005009191338819132
False;0.21055017024253436;0.0049695642425182564
False;0.28407880459810786;0.0007802028170127651
True;0.11465984098051683;0.014539450091218022
False;0.19339747206422644;0.003930246454185349
False;0.286734012468118;0.00044026175097335333
True;0.0006562702306083889;0.5370933493598783
True;0.0443294775371359;0.0655015187430711
False;0.16249787789642448;0.0083325815569456
False;0.21478615083596625;0.007438304535119117
False;0.18390149995228458;0.007940601378162371
False;0.13596720133109194;0.012428116526448284
False;0.2400039523419439;0.008325010791604736
False;0.15539736495386375;0.007435537994878828
False;0.2649098045236691;0.008176293666176403
False;0.32163729463484886;0.001130038332167953
False;0.23312708875543992;0.0066480512873316275
False;0.265962192490282;0.0062782399598590825
False;0.3037271389967542;0.0011421660073543099
False;0.2073176191619082;0.008019071581718152
True;0.00043894958143648636;0.7349356352538234
False;0.25309447657190437;0.005686848129572449
False;0.18212784302307555;0.007401589462500198
False;0.18072107855186242;0.006550032992468328
False;0.2901683860621661;0.0007008042286747581
False;0.3074483164016143;0.0005773900526502384
False;0.17623818736081887;0.006011876823811352
False;0.30062335865135303;0.000656706651410897
False;0.2539558095829055;0.005349986533157842
False;0.2278568194316041;0.003695444741682802
False;0.25071591330499476;0.006763217304294172
False;0.24876275570843637;0.0032829324627847555
False;0.24151737417477673;0.005577645077847852
False;0.23903450450217342;0.004229696598340298
False;0.26998590619841956;0.0042256664258837895
False;0.31867433336460727;0.0009691616980729242
False;0.2718740955644553;0.007581737768373519
False;0.1614731700851085;0.008574453890658742
False;0.23249205263266842;0.006638151383870051
False;0.28242644062669786;0.0010244755279647606
False;0.3290793058560112;0.000791287130931037
False;0.31211521808502785;0.001162043858098969
True;0.26028095281240654;0.008295454491552218
False;0.23544652162935903;0.00334271213223627
False;0.30663531632117946;0.0009208040777175595
True;0.010534996614854965;0.1538941777595112
True;0.26686374297736976;0.006602522918909354
True;0.00019665900435671425;0.5525141126564239
True;0.0005706403950679018;0.49701258169052165
True;0.00041169155440583146;0.7038163373674322
False;0.03473318996628297;0.07964631906778136
True;0.0007826481111867515;0.7175996850316999
False;0.049485045466982715;0.0633410738574019
True;0.035565939959200606;0.08029091453054164
False;0.08572657268100702;0.03072440810968819
False;0.04349535085295333;0.06396390130196634
True;0.0003042791072298521;0.6187435688695535
False;0.09267561058892244;0.026209516443644325
False;0.11454546577237606;0.014262634081214158
False;0.03699818493459535;0.08327832791176838
False;0.037314989510042806;0.07978501273805234
False;0.09018942064995239;0.027069068244302778
True;3.219097142563848e-05;0.4290453134807579
False;0.09189661984272417;0.032222021471455246
False;0.08448781771200896;0.026773586441335956
False;0.042838542815266355;0.06657293937677844
False;0.038186607102763795;0.08410522581318379
True;0.0003365650791861338;0.4163197358351201
True;0.033444292337184;0.08094713292792138
True;0.00037186415101776385;0.39516622561143766
False;0.04604278308105246;0.07178647995437011
True;0.0007686187595624034;0.6181001617084909
False;0.08430266644072627;0.027038145547564132
True;0.00020848015637969908;0.7767829203342018
False;0.08663055669562403;0.028685360588458875
True;0.0007796256380366222;0.3915408406129332
False;0.03334850921545004;0.0781504175769991
False;0.04322535296445908;0.07103899645593227
True;0.00025762339753763715;0.4505297248500059
True;0.00042315779389939204;0.696332386236959
False;0.08938637553118205;0.026638993128059247
False;0.0852163476174474;0.02957344705859278
False;0.05202669032828884;0.0626135589824686
True;0.17532426925858835;0.003964927514107932
True;0.0001603489371671271;0.7064670933271244
True;0.0007551880772127177;0.420782836384538
True;0.0001473305554806139;0.6786109466778671
True;0.03999506401425269;0.06661480814449014
True;0.00030435472265317965;0.5120223373264373
False;0.1146947704363912;0.016528852644851693
True;0.08412360683787369;0.026707672116314505
False;0.0877382981551209;0.03266033188875462
False;0.09214345929385974;0.02627802397046894
False;0.0391613918518179;0.08205082786368838
True;0.00016649396262797994;0.7676753402540193
False;0.04861951382727188;0.07192131094629604
True;0.09182725852703925;0.02979330264831942
True;0.00032446506316207026;0.583721356411276
True;0.0001583638681468215;0.4117094426583555
True;0.000635563909510209;0.6208945086457607
False;0.08841174276035955;0.03205726303173571
True;2.9307180302404045e-05;0.47495404124008356
False;0.09256943067548005;0.02619403574463093
False;0.08822283282094634;0.02797653957354233
False;0.11349367193101977;0.016496450802183496
True;0.013002086667672549;0.12453931839066802
True;4.9999581473295424e-05;0.5488252729156575
False;0.0398366855705044;0.06505203784213806
True;0.00050344568711417;0.6763508788411217
False;0.08616269619714104;0.031243368944971452
False;0.03611834177780674;0.07710193574610806
True;0.0006519167817268335;0.5960683540162894
True;0.0004388691346697286;0.5515870857395677
False;0.03522146697854361;0.07377035727755563
False;0.08851118611818339;0.028599668439945596
True;0.0006643394315629337;0.7963486663419034
True;0.00046015339693512646;0.7125440249952902
False;0.09090041060329704;0.026437862800931838
False;0.04000542530833243;0.0761991700539242
True;0.0001691763436018965;0.4570166046839028
True;0.0005394308693500864;0.6202842315201889
False;0.037789394951985;0.07766225313408098
False;0.0866128762022181;0.030412437016051622
True;0.21560751290027733;0.005421097457616072
True;0.0006082854836544611;0.3394737005287264
False;0.03768085532957222;0.07591062179701344
True;0.01884179672587164;0.11327374303894834
False;0.11441566804311959;0.0152459644739494
False;0.1143390838214798;0.015541846739504454
True;0.0005083321138733351;0.5553626302610233
False;0.09713788002435544;0.02444711528225994
True;0.00047824965306080816;0.6527966676046342
False;0.05290127342674393;0.07107021225902733
True;0.0008296585540311679;0.7118536051706142
False;0.09148969167841714;0.027453011153702595
True;0.013494239874785634;0.11581957575433982
True;0.00036334828100512443;0.6967535390566277
True;0.00035842367118636833;0.6232194253689681
True;0.055463367232439345;0.05874364108940398
False;0.03477988053229111;0.07570683872276072
True;9.918343367561948e-05;0.4431587440455637
True;0.023200080795867863;0.10490108246668214
True;1.9379289607732593e-05;0.8246284409097961
False;0.08918332759648671;0.029919165546480157
False;0.04485112653644145;0.06839312853863513
False;0.03325811102605687;0.07602585287647821
False;0.03899252253468761;0.07571150832685686
False;0.08524534264465652;0.02766454859501274
True;0.000658590706460846;0.6741336865769072
True;0.018511812749638052;0.11138547889537687
True;0.054480280032967135;0.06177585336269098
True;0.0007539088699932942;0.805041922754433
False;0.03491652429750816;0.07857239259254498
True;0.00032699745839371083;0.5718044205019149
False;0.04376894925503683;0.06967246486306125
True;2.5579783290304492e-05;0.6428760722370286
True;0.01909957824516888;0.10677720196755305
False;0.08948591241381994;0.02916612565920709
True;0.00012444652538331444;0.6363951056948068
True;0.00024538071302357086;0.44668506263215724
True;9.729443160579625e-05;0.9830963846826432
True;0.00016339749145573274;0.3305656621663078
False;0.0456681097727156;0.07196941977087352
True;0.0003641432723549267;0.44806800032237404
False;0.039718493762131095;0.08409435706428106
True;0.02217881829729817;0.10762280734608556
True;0.12715862571963632;0.011487680289081474
True;0.00037215468261910943;0.5863973336773102
True;0.00042973884090757685;0.6937015570645257
False;0.03739927600144455;0.07788457988908494
True;0.0214732431971323;0.11071212592901289
False;0.09593326848357289;0.024186913798109163
False;0.08650806724005732;0.027463772733240265
True;0.0006660165684479396;0.37424392481256036
False;0.04893517821628274;0.06732836677065292
True;0.0004738337774170043;0.9301870789495466
True;0.0004850829685437528;0.5487988080936396
False;0.09151254561662496;0.03239533038967669
True;0.0006725060055756439;0.8485619175032663
False;0.08858669765680509;0.028181084573621378
True;0.0005691007649921674;0.6442058908824099
True;0.08692922063798039;0.027154599824539126
True;8.956212274734924e-05;0.5938893060576211
False;0.05350943475284848;0.07336113970386346
False;0.03299113428828197;0.08095943700313354
False;0.051510931997615035;0.07173556424261113
True;0.00016892460889751835;0.37103404553559016
True;0.0003611758058598541;0.5245028166421898
True;0.29100969032194707;0.0010752260337150495
True;0.010329618731846013;0.15068194535989782
True;0.0002794383482652453;0.9599255278423109
True;0.0005826656459545855;0.4860863093741896
False;0.05253650648748934;0.06674145543998614
True;0.0004058479265687353;0.8949911241190044
False;0.039254631230275804;0.07466883192075446
False;0.09008635316151029;0.03149804232970593
True;0.00010161729141752568;0.9238382213821554
True;0.0007667689660131341;0.8250391466836346
True;0.09195539186710716;0.02663026649629131
False;0.09590674335158982;0.025292589860831112
True;0.00020133690533204984;0.8669157321387824
True;0.02334403581493458;0.1077788897610497
False;0.0867547593267944;0.028407489827513302
True;0.00038161367129451536;0.7820602239356282
True;0.09146061732852008;0.026439319740558746
False;0.0853404575689354;0.029559161529438306
False;0.08573254166401445;0.0265047483879962
True;0.0007053215538902555;0.7618834472297117
True;2.8339796767893654e-05;0.9205164276845264
True;0.0007179189682793761;0.9457136420466383
True;0.00041813429083092766;0.70082688816459
True;0.00019741760569015173;0.4008099152740417
False;0.03980722555422908;0.07235554382278775
False;0.0358432235898434;0.07472941266955223
False;0.0519649174433746;0.06992910380809178
False;0.035543463500036905;0.08385989379525109
False;0.09099694903949518;0.03124166296998721
False;0.03607247013737064;0.08248558629552893
True;4.877437122080132e-05;0.934687759298111
True;0.09611766496385866;0.025091215872433206
False;0.046088989343401485;0.07040777614557753
True;0.2544329802883769;0.005615130934442374
False;0.04731729565379171;0.06375484822986183
True;0.00030831833743134103;0.9439813096095415
False;0.05356484159192411;0.06858783877476864
True;0.000345933922194477;0.8693793950947211
True;0.00037844744309648373;0.3873515220502092
True;0.0006251617194354956;0.9717250271302953
False;0.08513710735127908;0.029173253037069267
False;0.03796318987918735;0.07612704670716171
False;0.03917960364719972;0.08307863540623178
False;0.048970519367928504;0.0678929002370524
True;0.0003513076001219023;0.6635850297918087
True;0.00037822872182104584;0.5670396541585911
False;0.04551279627940623;0.07336435608004226
False;0.05196093666594126;0.0670492918223526
False;0.090337254997291;0.028619904466232856
False;0.03973280728617594;0.07634875582462138
False;0.04224893103216505;0.06677030503764281
True;0.00047394943562356856;0.5443043507417654
True;0.00030571641350024374;0.4318130455563508
False;0.11383257747171097;0.016603000644415066
False;0.08811450959077968;0.026650189128406755
True;0.17105665470596318;0.0049924074212478005
True;0.000783517470353918;0.429596031074184
True;0.0002492223245130489;0.7883187372924755
True;0.0100588297231238;0.1406743813377661
True;0.0007002005922031639;0.7251510490715396
True;0.0003478175885799316;0.627246047410535
True;0.03867401703950806;0.08116683015769685
True;0.00024324602232015814;0.34273715015794054
False;0.0021641953298313934;0.2766085880456195
True;0.0001543685355485484;0.9163213745846545
False;0.018885440115746013;0.10311951164129853
True;0.020759422524613505;0.10860956731078839
False;0.054469234861126994;0.060230060632804526
False;0.014103429416350385;0.12294936612484335
True;0.000668269418946218;0.8789405934984509
True;0.00021661616247501796;0.859570463089644
False;0.08958655852633693;0.02848326089054897
False;0.01810313171500928;0.10278990230871539
False;0.020892026008175107;0.11243702567396589
False;0.05571164986188376;0.057919459494424494
True;3.189180458148073e-05;0.507555784637298
False;0.05514041572681419;0.059132179351131305
True;7.353080082375079e-05;0.38528155212297516
False;0.02342179738809406;0.10433683698201485
True;0.0005909211078835861;0.7054967250987242
True;0.0004958005298862986;0.9453319863676806
True;0.014342649228002683;0.11483749248152489
True;0.0007530136143535852;0.4319983428883948
True;0.00028773313241045253;0.6835107929578689
True;0.0008208626295892616;0.6850868487822448
True;0.0004653110514900773;0.886364444235381
True;0.0002170096329214437;0.787595333969491
False;0.055153381131384946;0.05836947681799654
True;0.0003639110264554596;0.4106275971144117
True;0.0003881637052701912;0.8464844903235818
False;0.021237741332137534;0.10215046323295236
True;0.00040505049520403756;0.9783485312810696
True;0.00033617388516573086;0.68366421112936
False;0.056629288798030655;0.05647864184160175
False;0.08549409203485273;0.027250239326309898
True;0.00016839160680360085;0.5373647713512821
True;5.969794944631257e-05;0.7593791705434703
True;0.0004799830321985374;0.8946713278908647
True;0.0005479378595271422;0.730886109104007
True;0.00047308429207895605;0.6102961717652611
True;0.04368669110056722;0.0720927788246257
True;0.00025704513200718255;0.3607880613944531
False;0.09040101702255282;0.03281653234895279
True;0.09128914350653534;0.027881857397133964
False;0.08467884461399053;0.028268944461096204
True;7.176188708532084e-05;0.659048483009081
True;7.846024470819906e-05;0.5812142004200618
True;1.1171633295241066e-05;0.5082001208314375
True;0.0006540455417479306;0.5154573313995015
True;0.08400612388450594;0.027338230814787798
True;0.00017991491221808851;0.6884543236471172
True;0.03693851244484912;0.08382114024305783
True;0.00034911886609965314;0.5798434557419982
False;0.01376805315470881;0.12275415141464742
True;0.04109800242676717;0.07048758055391995
False;0.05349982324020642;0.060844470243288554
False;0.08542349689594535;0.02807390223507614
False;0.1134899546328574;0.017330110240105633
True;0.013935322104610369;0.12018093133007293
True;0.0007065622195118303;0.6699106795391336
False;0.023989933219205728;0.10183918688850431
True;0.00018673189077202506;0.8365392952478367
False;0.0014133281819285145;0.28129646012495113
True;0.00034870386518329335;0.7655845192074241
True;0.00017239771340856816;0.4595444769168926
True;0.00020020562013789856;0.5524480881032418
False;0.02253453190290232;0.10339817229915738
False;0.05614154223626172;0.05688494279496338
True;0.04127303904209269;0.0723400884290909
True;0.0965069429214863;0.024837378479619435
False;0.05467288081030483;0.0564715601852006
False;0.0019640772060811307;0.2799958154195925
True;0.0002834513376340825;0.7347198673086666
True;0.00021659499682780592;0.8033761900531171
False;0.02267198023537334;0.10391499702931635
False;0.05609806801214684;0.057966456384156234
True;0.0004776193204261634;0.9454774139047248
True;0.00011127193346684797;0.9275516083671974
True;0.0002594169736890823;0.811748633418131
True;0.00045175180482743676;0.4699607327183367
False;0.11346896160012276;0.017129522813715443
False;0.08904912193670897;0.028460794535234264
True;0.04248178747700055;0.07138374722517847
False;0.0090177606314457;0.1551499765288082
True;0.0007607754647250047;0.495328260469026
False;0.022250368277462452;0.10227858480280638
True;0.00015015960532685973;0.7112800797727941
True;0.0007809676837918798;0.5840877481113826
True;0.00011889787746779547;0.8616869050161503
True;5.6589546270305984e-05;0.5943076467507693
True;0.00038270064454963787;0.8897935294015099
True;0.0003250696862266016;0.909247198278691
True;0.00046065370966996233;0.8526521148534523
True;0.0006750935628417621;0.46649639205588966
True;0.000519747050959117;0.3344526553985291
True;0.0005797768585226163;0.9061477100166341
True;0.00028447195028674204;0.7740445374014634
False;0.00859888957981992;0.1458166516853705
True;5.5152132585527636e-05;0.5539933637314258
True;0.0007067008468359475;0.9306973246941013
False;0.05631132012908906;0.060396159413777864
True;0.0006081899519071915;0.6596607004482564
True;0.000680499383724423;0.964309259282872
True;0.0003907623282735684;0.710790144229735
True;0.0006025171271828321;0.8913773283840949
True;0.00035313890468327173;0.5214169707078866
True;0.0006944410153262382;0.6965044741233077
False;0.019867946752418222;0.11154737026626854
True;0.0004859216185989199;0.8838735310075556
True;0.0002624175792873112;0.34026509215299167
False;0.05457404846212671;0.05665887489934065
True;0.00033062209269925423;0.5290075481729437
True;8.280268487917815e-05;0.6760065128327208
True;0.0518008388239695;0.07301119527247302
True;8.397135375171942e-05;0.42720400508924095
False;0.014194070446388216;0.1160566794741545
True;0.09132711834508032;0.03153222004624078
False;0.053660814850045736;0.060485174773382
True;0.02129155663009464;0.10728840248365512
True;0.00026932592383283017;0.9190750844576862
True;0.00037787470798689453;0.6840725683891133
True;0.0007066750101064251;0.7175695530747228
True;0.0006770736362711085;0.647843684220068
True;0.0003336678805624976;0.44552601311927614
False;0.053869470831866405;0.06083603916900904
False;0.013469760351065549;0.12335966999573042
True;7.465098275664306e-05;0.669170264030458
False;0.018920182234892387;0.10057564378965062
True;0.00012602984456756147;0.37580651329416653
True;0.08771949755952947;0.031205079215958845
True;0.0006716926092053657;0.8423142797653596
True;0.0006476445281767676;0.8405142640375909
True;0.0003378359697382924;0.3484286286263843
True;0.0005171086080623308;0.9870421884927787
True;0.0871591095996865;0.03125745602710792
True;0.0003244633947461571;0.9357926549443647
False;0.009959419932212336;0.14836394783069423
False;0.02124028945338824;0.10893362105252223
False;0.014461356684705766;0.1237141530357361
True;8.306313915203491e-05;0.9157528406559569
True;0.050903020651595854;0.06444890246396295
True;0.000154622768227446;0.7092468909555147
True;0.009580199145945795;0.14879677312228384
True;0.00032465707783724506;0.5471542742215186
True;0.0004989032789293551;0.7022791920754234
False;0.013989736618011792;0.11732515671123557
True;0.000724197958316617;0.45395494087776833
True;0.0007625779598533313;0.6052664474299039
False;0.08842558752694771;0.02912288806784863
True;0.1134790576738036;0.014892930471374138
True;0.00036108562208670255;0.38417531858922305
True;0.11339421419498945;0.016479259937321324
False;0.014431963883787008;0.11817531419205887
True;0.03396740897858305;0.08180777822479672
True;0.0005974399017202984;0.8181833430006453
False;0.009268669692131448;0.15118855727091549
True;0.042487720909957005;0.07028895689230562
True;0.08808671750183672;0.03122836899262756
False;0.013301875847520852;0.12256105908687229
False;0.05473247313873771;0.05942132614988135
True;0.00048356301197649874;0.585478657236438
True;0.0007700931412849966;0.8478327411877334
True;0.00011694170872005629;0.3694387818371741
True;0.03498601402536423;0.08176317373042682
True;0.0004041279763554351;0.4116887999459175
False;0.019306046847027497;0.10627402587282928
True;0.0006356021285091089;0.37178104098901793
False;0.02286143411583091;0.10098169950046433
False;0.014519248973434226;0.11706678714510743
False;0.05597175347621019;0.060371674254504515
False;0.001481258240132541;0.2784409182669832
True;0.0439039085824379;0.07018016711147614
True;0.0970855995769104;0.024854482320152967
True;0.0003523675023831916;0.7192446473078442
True;0.035691563037094455;0.08140176257663233
False;0.022248938672261652;0.10002504811383589
True;0.0002700499343430433;0.3411304488444108
True;0.0006135066583101472;0.5926019462549205
True;0.11420121692280684;0.014316191493596038
True;0.0007815227907493668;0.8183071056698688
True;0.0006642297505117102;0.6881387320764559
False;0.05495150083380527;0.05957626451080973
True;0.0006754072389673388;0.7171821697118788
True;0.00014278145675987835;0.7495634188045845
False;0.010414312723062846;0.1535426588888143
True;0.08450973719576647;0.027824057409533497
True;0.03989109587345613;0.0633363212628402
False;0.021506545234399925;0.10468205779064323
False;0.012778194597795204;0.12409417422614505
False;0.055862455445781334;0.056719138535524675
True;0.0006951953068782422;0.527588833604529
False;0.009110442644145336;0.14485112034385655
True;0.04564304972276787;0.0697971269531012
True;0.0003731899149257888;0.6571590802666716
False;0.11325153031726004;0.016748005869375603
False;0.054756691592148805;0.05716065804906734
True;0.00021087508615631867;0.5395430569883319
True;5.888994095517641e-05;0.8600520837343352
True;0.11370067101359026;0.01515286701486844
True;0.01077966479986755;0.14287445990553269
True;0.03907614311525486;0.07644108720517184
True;0.0005533275152093918;0.6837862565514632
True;0.05408137310043544;0.060957505918606776
True;0.0002974522921665817;0.6674013471691316
True;0.0029166711135790255;0.2757534049851508
True;0.0003093207023097379;0.6687310197306204
True;0.0007184057972458315;0.6448750560751069
True;0.0007268132418467924;0.7809127387956213
True;0.05467290086855886;0.059113101322778375
True;9.665633837766573e-06;0.688999400949744
True;0.00027596183870524677;0.7840222441379786
True;8.690983976466345e-06;0.5668820610699188
True;0.0005311934546774869;0.8954625335078698
True;0.0005264183439016296;0.9601692327168165
True;0.0005202618246012545;0.733719135588822
True;0.00028753548944181775;0.6066745603684437
True;0.000746041018024619;0.7871800883684572
True;0.0006058652794981739;0.699923751159575
True;5.797441512017505e-05;0.3355561974640939
True;0.0007869084791385982;0.8004779587915075
True;0.04282397343195038;0.07316051841239415
True;0.0004043225387402225;0.516290902152363
True;0.00023938741431307186;0.3642269787626037
True;0.0004022889087186948;0.996080603291234
True;0.0008307138494488665;0.44406465110346827
True;0.0004945729025773952;0.5074138748642957
True;0.00014675176508727788;0.48693952497171455
True;0.0006147806263991351;0.6968670895038402
True;0.0006411612769227368;0.7029392063980944
True;0.0006085345568305757;0.5144267581713687
True;0.022005965287051746;0.10435202530531469
True;0.05386090201908441;0.07086847383920805
True;0.00024119684681210262;0.5508428249569295
True;0.0004226953270641831;0.5565651803058456
True;0.0006293082119441051;0.8503182130133697
True;0.0006090465719830356;0.5356579389868119
True;0.0005733125083111175;0.4557116026615511
True;0.0001674155350975761;0.4526702555319745
True;0.0007386046189451241;0.6826908660005612
True;0.0007301951322418823;0.876014290144523
True;0.04845477834083015;0.06206568190373838
True;0.0004247453071911522;0.6031110746768107
True;0.00030997846662641153;0.3851929551382206
True;0.00039139311772555773;0.9538881819481775
True;5.783618844305047e-06;0.5550549986910461
True;0.00027049017254967227;0.8528249262086267
True;0.08621484129568664;0.028278770669222908
True;3.32956551477654e-05;0.9210649233998564
True;0.014474452386898306;0.12329950490787916
True;0.0004184436542607607;0.3388429085183831
True;0.014358951562023511;0.12103042257269454
True;0.01979627919530235;0.10067194127567047
True;0.014583409410175654;0.11842149718537849
True;0.00020358790137871936;0.7866227112881419
True;0.0005960155561722096;0.33790729314614887
True;0.0007831157790761955;0.3758462678188174
True;0.0001687678950685146;0.7099455313793579
True;0.00037702073999870835;0.9377896065477774
True;0.00026739095205474895;0.7734135760996477
True;0.03483625360221963;0.07559533782861301
True;0.0003855114475484619;0.6343523338976758
True;0.0005741096099920618;0.5629438862509475
True;0.020798708206289894;0.11086925848336085
True;0.0007325414357252075;0.8426316164487674
True;0.00011343120089714766;0.7643981429096242
True;0.0003700236060592958;0.9689257042836963
True;0.0007010338288545981;0.7414152293277986
True;0.08783334277474289;0.03224732469886165
True;0.000496984009720947;0.7736872156464143
True;5.539178271063353e-05;0.5122819247851349
True;0.0004581505478150431;0.6859951920714573
True;1.9370462003362487e-05;0.7991458312235477
True;0.0003241632751427718;0.6400511963158034
True;0.0005884416099899661;0.6722499382439537
True;0.0032245011496781213;0.28057007035811404
True;0.008883194425280915;0.15441075856226563
True;0.11354696757991033;0.01659223389839578
True;0.000659070841977668;0.7694474251664365
True;0.04278388230552362;0.07219943765299705
True;0.0005501161537240881;0.9627387383966921
True;0.0002429031104881702;0.7410128748044326
True;0.00014647757797100455;0.5600241582186102
True;0.0005460385176569133;0.4262444304040142
True;1.1280148229337622e-05;0.689854268794655
True;0.042476909301209356;0.068959900518885
True;0.0006281370792455365;0.7147744865690774
True;0.0005204370238443436;0.7063332942234425
True;0.0003634454767598088;0.4119008709478893
True;0.009315287003573387;0.1448471987639037
True;7.379326829974222e-05;0.6748548341842002
True;9.461131347845136e-05;0.881683021900272
True;0.0001400458963373638;0.8028948882950224
True;0.0002461939048661701;0.5580269919014105
True;1.4406843363378188e-05;0.9629925661141333
True;0.0007410707811840274;0.7974279516081486
True;0.0002703259370955104;0.393946747158758
True;0.0006904511727596695;0.39397722912611016
True;0.000599963564535861;0.7063210334920358
True;0.000737076500377823;0.40518492642070214
True;0.0006169804747390793;0.4105546818061727
True;1.6650319056939202e-05;0.33153165356601044
True;1.721978546259395e-05;0.958288290770959
True;0.0007876600648356043;0.6428187177794993
True;0.0003718362995452885;0.4600611290207991
True;0.04747318701762806;0.07338133052196395
True;0.00018896355288526817;0.7603823247642417
True;0.00041907652422485645;0.583825398922002
True;0.00015363315490294485;0.8384254025868224
True;0.0001250459886758606;0.7373390517588481
True;0.020104237612365655;0.10564855583564671
True;0.0002077902263480535;0.34622000614128695
True;3.4893661216842245e-05;0.8511854484309294
True;0.0008132811260001381;0.6268804527683869
True;0.0007026083020839763;0.39059022135925425
True;0.0002743611253184821;0.8065775092556011
True;0.00042013638674789905;0.6040028064961066
True;0.0002517856907905018;0.8743088322597603
True;0.00013228323717706992;0.38050223919278436
True;0.0005790035996324455;0.35259130484184603
True;0.0003573593243648213;0.34401604710185496
True;0.0007299764786394297;0.8189895448705751
True;0.0005235334682904861;0.49829988171375705
True;0.0008029797950162465;0.890925116952573
True;0.00018110198551873975;0.40720030606138413
True;0.00018956511431399812;0.4915821213747941
True;0.0006516880786874274;0.9650274043537908
True;0.009463227007017261;0.15499715369996572
True;0.0005494660567549161;0.4958739540565711
True;8.111256282510372e-05;0.5122868561627928
True;0.00041159387459939207;0.7584237766484389
True;0.01839810492930949;0.10401486469087227
True;0.00015012235062932937;0.451061595552817
True;0.008803499224571033;0.13989095773163202
True;0.000540982129054609;0.5781485429284388
True;0.0005410569686430484;0.7182735979326451
True;0.013316874536580625;0.1205803225363548
True;0.045023211027683405;0.06454622555051732
True;0.0005709800737308312;0.5995459496746915
True;0.11340295140948661;0.016484532198398405
True;0.0001887324563363609;0.8731666230241708
True;0.00044806052308225976;0.46309796973790335
True;0.01356678876139238;0.11814225582271257
True;7.414243684162343e-05;0.4845704662830276
True;0.00021472395068190448;0.8275759484432268
True;0.010706701107593752;0.14216722125348596
True;0.022360973644117904;0.1052453626862414
True;9.57956822457597e-05;0.8584125898195816
True;0.00042049135083997594;0.6617815948590586
True;0.0007791685646644478;0.5361841714784572
True;0.0005365963326033616;0.41434336241796643
True;0.0001485495602287099;0.6747850643488114
True;0.00024249637020037256;0.34959061304617445
True;6.758982458244465e-05;0.5990028665475995
True;0.0005957473192529698;0.8973937166212705
True;0.00011907006501789348;0.42981994699791387
True;0.0005946718660207807;0.41339969205802807
True;0.00042559702492574934;0.8883960857614921
True;0.0001485486336231628;0.4933087392150336
True;0.0017884803814988389;0.2747506301095696
True;0.017172634806900997;0.1123606785697748
True;0.08484898951926872;0.027524188576644907
True;0.0002651367049874855;0.38456824738375256
True;0.00018393323625169288;0.6328877418333891
True;0.00078504238198207;0.8113572410753332
True;0.00015118830225383138;0.46356665124167196
True;9.413794540690169e-05;0.8126635195757197
True;0.05469762908753788;0.060344015113702985
True;0.00016126452429955334;0.4336002120497744
True;0.0004412691475947884;0.7651679880952185
True;0.0006270309530396503;0.8869165235403188
True;0.0006134000466361135;0.7170171660392336
True;0.008679263790068498;0.13876664870945568
True;0.00029679434897918053;0.6184445095355307
True;0.01801022363369397;0.10040719563627434
True;2.1163539762115948e-05;0.6006646158551125
True;0.00033497188683674433;0.6645984356883357
True;0.00036045295068052235;0.8143541397385785
True;0.0008107872476854067;0.4836702811213429
True;0.008386171558688177;0.14774311352862698
True;0.02148924279713345;0.10550229373259853
True;0.0004120335563773491;0.6300440196218215
True;0.0005019966807372854;0.522610101472857
True;0.0005061293878680311;0.8730440544962549
True;0.03754731380436988;0.07863534500404759
True;0.0007418882038546589;0.9708051743266868
True;0.008567287710592052;0.14923201138510353
True;0.014152191772363865;0.11831231416526604
True;0.0006300954529602228;0.37185704044421247
True;0.0005191463814929785;0.7693208549003734
True;0.0006284630223633573;0.9004836137663623
True;0.0011746858356127265;0.2758492493048754
True;0.00016669436283994987;0.7630870722870107
True;0.0007299828302544441;0.7580917499621393
True;0.0008063242392629648;0.7892790500039284
True;0.0560982197035457;0.05938242067130087
True;4.9030020406914195e-06;0.548621850577484
True;0.0006338164983634447;0.5733745329525988
True;0.000616642064316403;0.3493037363490565
True;0.0007172960645884817;0.8167258801096305
True;0.0008023465210641328;0.4056430421284283
True;0.00028684707275479054;0.7116324943443715
True;0.0008020066105046023;0.42815565095963615
True;0.00025108209081552835;0.931065239710864
True;0.00027378909298133;0.5378645250326171
True;0.023845330837788753;0.10615363732912333
True;0.0005680376451768633;0.5166508756239828
True;0.0001811039133737833;0.36404281491322216
True;0.0007385837099044743;0.5266471602654517
True;0.00023802561139269266;0.7543487497209553
True;7.354223337877733e-05;0.416551833693774
True;0.00024672083891936244;0.8676547773302182
True;8.639909526481623e-05;0.5988156546152843
True;0.0006256741497092235;0.9140028297692574
True;0.017283616909294242;0.10829277163812812
True;0.020818619413586835;0.09811869062531303
True;0.0005822343521003825;0.7412408121603791
True;0.00046849120260175566;0.9642052986366002
True;0.0005861076443864462;0.6343774526387054
True;0.000465424841062023;0.754012838472041
True;0.0007015593203703298;0.7322906200346391
True;0.0005362888834506136;0.43223703711793426
True;0.0002130125646618862;0.8841233525830288
True;0.0002376169769410238;0.6137030774537842
True;0.00026689931207118066;0.7725518047795636
True;0.0002927673778797209;0.45353505205828365
True;0.00042841509706790175;0.865816917729739
True;0.0007188430116174934;0.5435266695228835
True;0.0007974079650419799;0.5076594800525662
True;0.05547056468136139;0.06021042536575558
True;0.0004209047469369503;0.40768397343476087
True;2.6774731824971626e-05;0.5598136876207876
True;0.0006402223281805055;0.5525308428265472
True;0.013297919493458606;0.11759508924312026
True;0.0006651890523457915;0.7406676239110621
True;0.0005114087691329604;0.9246195705805038
True;0.0004917411515344549;0.8708457004498777
True;0.0007361587684850503;0.7948831579931102
True;0.0005779058171315318;0.36819653025937715
True;0.0006073403770956782;0.341379835385021
True;0.0007949148660802729;0.45239610613261316
True;0.0015850239506408712;0.2806185893501617
True;0.00016023984584560003;0.8150380870585603
True;6.43649558728438e-05;0.8964376388307042
True;0.00039338262042615886;0.44210751487561833
True;2.5602592173135055e-05;0.6009317498370506
True;0.00046890621684509554;0.7229852977800846
True;0.00048520566745003697;0.3807555927495892
True;0.000450132089708433;0.4737152778226298
True;0.05678384767502043;0.057080352674828666
True;0.0004862361052985358;0.5664771663284622
True;7.083009113420157e-05;0.6633157270029797
True;0.0006743923776447917;0.7493532299565777
True;0.0007255846565759464;0.8045808099426541
True;0.0004224375107492772;0.9897321828595486
True;0.0010312995578055976;0.2782396750676298
True;0.009735579241053024;0.15101028027122268
True;0.11362989882864238;0.016821073956765898
True;4.757140786029974e-05;0.4334671532964289
True;0.0007170090169571124;0.4295080369605899
True;0.0007338143983605245;0.7223560726562785
True;0.0003142303344828957;0.5553781090880168
True;0.000426007063628269;0.9899438062753871
True;0.00019793759338744787;0.9685839267948255
True;0.0006099023930246824;0.522523630275906
True;0.00023025046831814968;0.7243176790105774
True;0.00034199070269885947;0.7923097288071805
True;0.0004722197628645412;0.6428926797786223
True;0.000322133648488812;0.4562960301145187
True;0.008684479378727078;0.15392788452437214
True;0.0006159134465893907;0.9445684435810776
True;0.00013568060471331745;0.5601416615343607
True;0.00014289305561910579;0.8711526604757732
True;8.47942372877524e-05;0.7642020500476703
True;0.00028833937626656985;0.7525762503325868
True;0.00012537883572735285;0.8394618308126581
True;2.0106466967457276e-06;0.4583387678495672
True;6.628158389629417e-05;0.9887601264793526
True;0.0006266144769337894;0.8887939981228278
True;0.0004067406180405937;0.3315686547058766
True;0.0006420139319060609;0.9080919072209523
True;0.0005639937598006103;0.448652420368093
True;0.0005248465819267178;0.6842731770538197
True;0.0005992582606171062;0.4947320062665677
True;2.2319291097747748e-05;0.6897704415099063
True;0.00041140356616553526;0.5001054495685853
True;2.8186115240332475e-05;0.6943041548004164
True;0.00044868449002576327;0.7697849156160668
True;0.0006499883442578755;0.4319923940241811
True;0.00045197400711515683;0.6133086936463498
True;0.0006406265843744997;0.4258413722322466
True;0.0005178284093991993;0.8164209108658023
True;0.0006296712332118149;0.5718571647283044
True;0.0004502321341137988;0.616335773332815
True;0.0002808548325321252;0.35229734737250984
True;0.00024998493649614184;0.44073018444749784
True;0.000597241838783645;0.6999196522735193
True;0.00020271276597444259;0.963671009978236
True;0.0005285967165592132;0.7409950071940122
True;0.00041332142257466506;0.5103741158336115
True;0.00011700449441469138;0.9755958180098323
True;0.0006717060913274616;0.9356060166915813
True;0.0006763023813461358;0.9855756291602988
True;0.00019555889656333594;0.9070272637868382
True;0.0006530579083851569;0.5513771311359774
True;0.0005648379485600609;0.7309970525627913
True;0.009708821404707867;0.13765100229484484
True;0.0005794350377905126;0.9375100611760261
True;0.0004208936680062789;0.4771799784656024
True;0.0003664487804796616;0.5060598542476791
True;0.0007726328940713285;0.8241006378105014
True;0.0003379272635524968;0.892942273864263
True;0.009061570337776876;0.13686072204825098
True;0.0004344413443682591;0.9253830060472985
True;0.013320217977745984;0.12443962559505051
True;0.0006128100971036593;0.9517895259446126
True;0.0007000322676007181;0.5397658074812354
True;0.0005139294413200057;0.9597741165754013
True;0.000702855419240625;0.36455940608210907
True;0.0005214346468542086;0.46878042503664585
True;0.013521372910173602;0.12234604207619319
True;0.0005404994042264624;0.49933148916629777
True;0.0006154091809319298;0.3975367050139613
True;0.010069372329177661;0.14934213426066606
True;0.00031494426132772167;0.869473108987414
True;0.0006037087604338272;0.7406610486273766
True;0.0005270198236621004;0.8639073369651097
True;0.00023374109176960703;0.510731426100994
True;0.0007345027881279497;0.6032475022466168
True;0.00019721386983475778;0.6066021370890987
True;0.0004229763064361383;0.85497856275508
True;0.0006674980735298394;0.8730705791334694
True;0.00040466760611041673;0.9461244814009506
True;0.0005950111253413769;0.7563069003539624
True;0.000152495550578872;0.7167703286985945
True;0.0004317134530289852;0.3757331785590493
True;0.0013759739264836061;0.2781420300876506
True;0.0008019612411776634;0.7119081303659828
True;0.05567517480915692;0.05918139769066156
True;0.00038155670236762507;0.8771125088398076
True;0.00018294479654624082;0.49833863825888614
True;0.0005205943890341855;0.981362869253852
True;9.427429858464137e-05;0.8752204486728773
True;0.00022003661482795936;0.7942520784650414
True;0.00010357148693340205;0.6605594980345574
True;9.285174675749624e-05;0.5706472666871407
True;0.0002923033725391852;0.4286304008616942
True;9.907204394436048e-05;0.43859435783237904
True;4.7744752851400994e-05;0.6023868171652902
True;0.009763242973288924;0.14400515537448316
True;0.0004217270106053495;0.8446614097884003
True;7.371966003285917e-05;0.6191666963188813
True;0.0005387302110238016;0.5081649059133572
True;0.00014072816731477853;0.4254541326296389
True;0.0008264861206706543;0.6392352093683233
True;0.0008233048502958285;0.5994402152254293
True;0.01053719063046568;0.13836962349861756
True;0.0006943070272257925;0.9532662482139203
True;0.000582832874152679;0.8703272710110116
True;7.383808585435293e-05;0.35026082169182093
True;0.019212500607221558;0.10389591013009365
True;0.00027780481619237555;0.5044560303791839
True;0.010155388818216564;0.1429404569489218
True;0.0006511442859932296;0.3485219242135209
True;0.0005536708847609951;0.550808854907402
True;0.0007857960072834166;0.7664502984060607
True;0.0006166410002711596;0.5056658591505301
True;0.0024056577372826497;0.2761316435738742
True;0.0006615851198476749;0.6730709933981642
True;0.00021287080971194903;0.6983122769387604
True;0.0002249032592802912;0.9305862370565696
True;0.05426793537448817;0.06063085193556744
True;0.00012381025882900813;0.5156262406371692
True;8.806748289964594e-05;0.8694556710034503
True;0.0001825245554585263;0.4062525946888568
True;0.0007185275341703464;0.7092297223322994
True;0.0003383537359912318;0.7891785043180939
True;0.0003260053280670364;0.6426634822383782
True;0.0003256544160931567;0.4639791554335527
True;0.00034514801073811123;0.9871180394992756
True;0.0006079791416157294;0.6343344018688268
True;0.0004132832468374943;0.6701702798704108
True;0.0003906842949374086;0.6468807064395886
True;0.0004462618478971196;0.9305556396406974
True;5.627444373738199e-06;0.35197220585304906
True;0.00030568790281639225;0.38825820184871146
True;0.0006708676075457364;0.9753934429954079
True;0.0007093866067396665;0.9405750881009733
True;0.00045590329210901717;0.7995313589110277
True;0.00030306097855656235;0.917387625807372
True;0.0004240417542809766;0.6019205749200804
True;0.0001309892526454485;0.8284133849801263
True;0.00044627047735930825;0.796206821521349
True;0.0006292113464682717;0.5562191010133315
True;0.0008325355458388373;0.8978735198958513
True;0.000671027884699079;0.8199505655751947
True;0.0006070125280600232;0.6362789443650034
True;0.0005043698004962907;0.7622597537833957
True;0.000616785530125222;0.5100161179036419
True;0.0002572515006012823;0.8237058108358607
True;0.0004496691961483669;0.6771816162080839
True;0.0004130036415301826;0.7213669691209756
True;0.00028464305575323027;0.903898327530918
True;0.0007486279030439154;0.9749180472939508
True;0.00039935105397511175;0.9990428796028097
True;0.00032677501449974495;0.4835161695244099
True;0.00048106508426221984;0.35053692911350487
True;2.957741082127466e-05;0.7197279769544249
True;0.0008010420231766789;0.5279509927298148
True;0.014204492789553292;0.12352511182628818
True;0.0002954159840723793;0.348853022722312
True;0.0007847245873569346;0.3458435558570468
True;0.00016638139968323888;0.6752266814640564
True;0.0001494989674636662;0.8889068719642708
True;0.00024028700605060045;0.8785715261236422
True;0.000727840306275698;0.3897783953735918
True;0.0006439115570871971;0.6751975812435954
True;0.000755520947627529;0.6765028441590739
True;0.0006571844738649487;0.8516502037058828
True;0.0003005339538733599;0.3798665016423759
True;0.0005920003707015914;0.9466504502399089
True;0.0006382277745543622;0.8204995821955214
True;0.00022101702779946195;0.40123568298048523
True;0.00020598679220350206;0.779450624152573
True;0.0002101058375805818;0.9419737620872727
True;0.0007620719393891376;0.49830516272523717
True;0.00019954261067751467;0.7638656769156232
True;0.00015050859694961508;0.7933740508726347
True;5.648428851144815e-05;0.9436603291940325
True;0.0007195900331648859;0.5527699190255845
True;0.0005098071235845973;0.5258274127391744
True;0.0020009615945267623;0.2757544702961353
True;0.00844405803264864;0.15269901447160034
True;0.0007813792851335192;0.35710401631040173
True;0.00027123334468341973;0.6120045938731795
True;0.0004606699421326623;0.7202783343466055
True;0.0007542662817238414;0.5405839138544212
True;0.0006795893754364769;0.925562897713224
True;0.0003197086663913891;0.33248109630583367
True;0.00037182628805574285;0.7443333641417128
True;0.00016921084190971866;0.6737082294736008
True;0.0005720765222670857;0.5877230205985262
True;6.324965696734521e-05;0.7546931090879878
True;0.0004714023489272352;0.867228844344604
True;0.0007466510632627689;0.45339654941104385
True;0.008773892055851119;0.1541514579633125
True;0.00019587369194830242;0.48489525394056787
True;0.000259926627330374;0.8292773823496782
True;0.0005797425406668182;0.5974648149080881
True;0.00030040380972618116;0.7593503933903871
True;0.0002745306900139108;0.813158279547142
True;0.0006378587556693426;0.6971127271111506
True;0.0007245959416544472;0.36022689834780836
True;0.0004922785330204545;0.5683227079937726
True;0.0008102362239551857;0.6011444575118206
True;0.00019371369195149361;0.3344237519582964
True;0.00021306669679641154;0.4370873763762842
True;0.0003550863687640063;0.9724486163746892
True;0.0001960807749664852;0.39141073061087917
True;1.4710009345788047e-05;0.6466873816129743
True;0.0005714227656695784;0.3315055643762892
True;0.00040564897230749953;0.352192766182988
True;0.0005524495607813312;0.874135928571369
True;0.000525418486565372;0.7805993766323862
True;0.00048788861006309435;0.34655056956760816
True;0.0006070798572761185;0.5028482375613227
True;9.444099960594604e-05;0.6203177837181475
True;0.0007447940705071286;0.9279608004639059
True;0.0008169464307408257;0.7857040520796249
True;0.000532801322221472;0.5047837318109826
True;0.0007997437771725563;0.8084232558230584
True;0.0008028815639440038;0.4097120138972719
True;0.00040298528764035014;0.5680121126746811
True;0.00034910857527093553;0.9689214240633648
True;0.0008201791249723104;0.8148082025421102
True;0.0003556202875233249;0.7905236545659599
True;0.00044472194915545624;0.5044012008651627
True;1.600202128663674e-05;0.6243524743315827
True;0.00019318122362316613;0.833232443468634
True;0.0002257693327626412;0.8191485994160435
True;0.00010963276431860894;0.9519567696196292
True;0.00043357302277179246;0.5078677316170934
True;0.010322091105308984;0.15517459259099123
True;0.0003146367969150314;0.7415602082945183
True;0.0006384693324483729;0.47229433479762395
True;0.0006949631514965619;0.41345460071314755
True;0.00010929286688097904;0.7500107916517751
True;0.0006750396373407981;0.5052839351373424
True;0.010040127007294931;0.14932185619568916
True;0.0001361536202964637;0.6515761671965241
True;0.01365695515448743;0.12229827011040885
True;0.0002494055174247854;0.6850062444492415
True;0.00034957714670188496;0.9697614114656317
True;0.00026335766231502436;0.5354776344391593
True;0.00025687548813317195;0.7061402306047229
True;0.00023460296933845647;0.5060884943034907
True;0.012627584659253902;0.11886004867559226
True;7.933564145351056e-05;0.39557184349858066
True;0.0002922119018128507;0.4510463564572062
True;0.00876149457055753;0.1488646978728345
True;0.000711103433928928;0.8747589533470168
True;0.0007182493287043457;0.9464352739466784
True;0.000774528034253554;0.4330660190733664
True;0.0006612256180580461;0.4940223552053742
True;4.225269629303994e-05;0.946078566388995
True;0.00033235264136970025;0.8562532361235857
True;1.9968913801926786e-05;0.6425246954058627
True;0.0007157490789733857;0.5244077351319489
True;0.0006715459760401399;0.9449510506647596
True;6.67610265486449e-05;0.9916640200444453
True;0.0005571829454417868;0.38469382500319954
True;0.0005684094552075332;0.5123752069902703
True;0.0010850594759723138;0.2792698773078619
True;0.0006875267467512724;0.7511753885303591
True;0.0005837184632685525;0.9762670678573963
True;0.0005395752885016866;0.7223831978276991
True;0.0002606653495980367;0.650368332429666
True;0.0001391960541800789;0.8343990551864525
True;0.0006643178532223745;0.7872707822457186
True;0.0006221427724513841;0.40038780366712123
True;0.0007553645964967666;0.35242192474569417
True;3.1652692385858304e-05;0.5085328075308411
True;0.0003853008288026863;0.9974584955651379
True;0.0006680488699232566;0.45936120922650314
True;3.304240672911209e-05;0.83050974893107
True;0.009478741018667747;0.13798437493755047
True;0.0004030462585558637;0.5663076446780692
True;0.0008209610095198889;0.6098281306756661
True;0.0006143288935131397;0.6473823058033934
True;0.00029298659738690087;0.8026787357833518
True;5.503749540650044e-05;0.41814002906621134
True;0.0003525767172754373;0.6542374841996896
True;0.008409792055919749;0.14578676559503084
True;0.0005930441499965119;0.6497493843867106
True;0.0006738135857756498;0.8912686035881469
True;0.0001305839380939529;0.7262088950581393
True;0.0005644019347625648;0.35020830708369
True;0.009459536235181943;0.1428009070518205
True;0.0007128481580063325;0.5838247306406503
True;8.787748636952358e-05;0.5563017641840785
True;0.0006246214437677486;0.4915741311722867
True;0.0007446917210182623;0.5762444246614625
True;0.002655831635553667;0.2750206873850537
True;0.0003462675796646091;0.93229569177124
True;0.00037838626352097385;0.38117598426397403
True;0.0003990421738173154;0.6496170240131711
True;0.055578772341876546;0.059083521306934145
True;0.00046024387273160486;0.36798557057081316
True;0.00038280977510273375;0.46931823555365915
True;0.000663065683204271;0.6953485042523969
True;6.386977374294405e-05;0.6049094273408977
True;0.0007049913499354608;0.3932045516280756
True;0.000574159192028045;0.7067208094848385
True;0.0003016785915696171;0.9693055061542118
True;0.0006390243872126772;0.5341440307615053
True;0.0008096242127025158;0.8517883226068808
True;0.0004039480263391907;0.7547491984261454
True;1.486390688783639e-05;0.40382721902523827
True;0.0006801374164883408;0.836186053216148
True;2.4476475299848884e-05;0.42300527455759945
True;0.00017341315786328318;0.8385576701988404
True;0.0003229461183810115;0.7964301778358891
True;0.0005823784672757753;0.986654714886027
True;0.0002958534552000296;0.4003921608646403
True;0.0003735445008975313;0.5919291116391043
True;0.0001915011363069853;0.35619418063921343
True;0.0004384006417421115;0.9161093826865995
True;0.0007937722591802467;0.3668960179148296
True;0.00048693816104287166;0.8765860874976042
True;0.0002542083462700973;0.4467895901952827
True;0.0004104946655017959;0.8610183924096795
True;0.0001323623932414827;0.9850585020518241
True;2.171777325921485e-05;0.8818550269355694
True;0.0001703574058518025;0.5305211430990733
True;0.0007426206667994798;0.9585767415933812
True;0.0007995726782832272;0.9209363847110641
True;0.0003172786647517713;0.8129568403069616
True;0.0003361807845067687;0.6630926325822347
True;0.00023895800575562785;0.6375224086255027
True;3.215482886542372e-05;0.6702474916385819
True;0.014021885565324391;0.12310359711083814
True;0.0006542923430091831;0.9004517884760994
True;0.0005875039167530845;0.9622396096286089
True;0.00030156581798365054;0.8662309308445549
True;0.0005477932804782552;0.3516027421625165
True;0.0005036043992335908;0.7124440302775752
True;0.0006955587551524243;0.5674480644084507
True;0.0003567537720500692;0.9191805839502131
True;0.0002106216630057311;0.8180413020179818
True;0.0004939178732935277;0.6279414484002986
True;0.0003328013457955724;0.6780706190417486
True;0.0001407583009965261;0.4656399969231844
True;0.00040148565060821746;0.8533915565070374
True;0.00040831940144855813;0.39474682686296536
True;0.0006719631513156883;0.8810148184513755
True;0.00047776719887883374;0.5930893224033083
True;5.6878769982861264e-05;0.6330288344484566
True;0.0005993295227480336;0.8444405244644858
True;0.0005625339143837467;0.5233234904378217
True;8.506613535819042e-05;0.5433828464164585
True;0.0008291647276023427;0.7547899932997714
True;0.0003057896547386182;0.8684416606607563
True;0.0015909687432600272;0.27682268234470453
True;0.010228658577019848;0.14616614564446326
True;0.00014992790377723852;0.7205957630177401
True;0.0007686870651188188;0.8898617688197367
True;0.00012856059462935368;0.7987934404593808
True;6.886245058799306e-05;0.7000947251237493
True;0.00011361237805963833;0.9252591726539992
True;0.00047594324200100294;0.36669412282885094
True;0.00017551745125869597;0.45901047576623044
True;0.0007369206164544606;0.8720076147092455
True;0.00028974946341761115;0.7817898811404044
True;8.292905436077725e-06;0.7262815623231909
True;0.009792359693403902;0.15047108473711854
True;0.0005212025776594509;0.892188012555098
True;0.00022756334442607616;0.588402957933336
True;0.0003329616947495264;0.9573713666141933
True;0.0007295459410984941;0.3578099122598895
True;0.0006570933776988712;0.5885735607880059
True;0.00024382819004946027;0.8075957960775264
True;0.0007717063711068138;0.7094258229471431
True;0.0005247896150141545;0.7402501477844987
True;0.0003035928848253178;0.8141807152736
True;0.00037434046190107443;0.4082678320851503
True;0.0006129339933349854;0.44998819954020286
True;4.5618949211132244e-05;0.6052368322103512
True;0.00010820668680627812;0.5597729740938036
True;0.000658025569442794;0.7240955601472691
True;0.00019772627339671505;0.8860744475300529
True;0.000688615595144019;0.4771148715313948
True;0.0001646581130867731;0.3390090749675794
True;0.0002900462815133183;0.8570043111654713
True;0.00010263394955381977;0.7762608069452461
True;0.0005850744642508581;0.8743706258168046
True;0.00047699286189564196;0.6855229857938796
True;0.0001853364636330178;0.7659166183631023
True;0.0004588326496665758;0.4431041489461085
True;7.132510465932229e-05;0.706861817816311
True;0.00025836216979612957;0.8393774299449376
True;0.00033636895480190386;0.9004116882826613
True;0.00029269156365044964;0.8807639130292285
True;0.0006293760950588375;0.7352463849571396
True;0.0002995077620785745;0.8746574815358145
True;4.9949895695449124e-05;0.3825517721225379
True;9.005326363203736e-06;0.67487893798022
True;0.0007488367486898653;0.4138575221630489
True;0.0004618515304458156;0.8078008219456488
True;0.000712032714764091;0.5625190361298644
True;0.0007775531613552324;0.6656116769360956
True;0.009361114323400529;0.14368463352988275
True;0.000319585697959039;0.481091169356308
True;0.013973787685659282;0.12272931531827116
True;0.00022317204452919072;0.9645605372533428
True;0.0006863502858065974;0.9819813415945445
True;0.0005924225319236191;0.758501038301855
True;6.4991903986662275e-06;0.712923880303552
True;0.01420172687786214;0.12311694468819168
True;0.000690890019691795;0.9762785601398497
True;0.00044898942731759034;0.8589105124686249
True;0.008931129040777714;0.15005048957387884
True;9.91573498717103e-05;0.7233044918935425
True;0.0007787755345913918;0.6662768446030668
True;0.0005799505607041338;0.5949714202939377
True;5.48223462502913e-05;0.6379053679096667
True;0.0005750966890643978;0.37997893138833183
True;0.0004059892432341582;0.4880423535749272
True;0.00030556484741247616;0.39418824042437245
True;0.000198542721567009;0.3709200059308594
True;9.971133029853786e-05;0.9758975496625448
True;0.0004156909188896906;0.3433381106076779
True;0.0004543520589987544;0.4147583813560498
True;0.0010524527334384614;0.2813943482721454
True;0.0007667427835509181;0.44364946481892825
True;0.0008181942134688296;0.34990497775770235
True;0.0006697959696306289;0.8787816345237127
True;0.00017878327190932086;0.6667988537928671
True;0.00020116505869474205;0.769889654256305
True;0.0004725639856774618;0.3704820255579959
True;0.0007118329601542566;0.8534083300949288
True;0.00036375505632214384;0.4607993615190171
True;0.0001836404397923968;0.746164566812233
True;0.00015449147561890953;0.9130291997884709
True;0.0004500170169803296;0.5127088399411965
True;0.00021064802489397736;0.5883969950737777
True;0.0004372489874034155;0.4884884653604086
True;0.0002694843156210092;0.6495934829365271
True;0.0005211000841544423;0.91444334958466
True;0.000575994074021852;0.40604667935515615
True;0.000398365804689278;0.6579333784953907
True;0.0002656611430565185;0.981961273865354
True;0.00048247514341489075;0.7663051404497165
True;0.010355606684199506;0.1382044615950581
True;0.00044572599083468725;0.6845217197929344
True;0.000825554726210768;0.8180780545952091
True;0.00047923349306941117;0.6022691839342904
True;0.010746873163580573;0.13893421229965133
True;0.00027034713904398536;0.5849245965790948
True;0.0002507421959171212;0.41633053291760647
True;0.00010448866012891413;0.8089447316859404
True;0.0003804562325160387;0.3354538845038264
True;0.0022078753795144275;0.27585336933039256
True;0.00040669445239476865;0.9254298127485867
True;0.0006044596262536736;0.9752712030486838
True;0.00029119544279246963;0.6081658694811876
True;0.05469648354465006;0.060968472048135096
True;0.00038506077065325687;0.6087928169729966
True;0.0007418769544020775;0.8873354484719367
True;0.0003676082606743916;0.8328937249857206
True;0.000781402587536086;0.8506513970610043
True;0.0007527969998046526;0.3758593085589077
True;0.0006736040339691312;0.9480113750556421
True;7.597883279673812e-05;0.39484518459569784
True;0.000687630148044202;0.9887533639245529
True;0.00046490965240512147;0.3571385959788814
True;0.0001813324303256246;0.5196860201940504
True;0.000474214263696089;0.466685537976831
True;0.0006331890114706878;0.5661610392120714
True;0.0001908023102631625;0.6549728802926811
True;0.00047382010163729343;0.7768753263193214
True;0.00022618604518099956;0.8310996843134734
True;0.0006266590321998335;0.3878269996452439
True;0.000541171794889915;0.7876574149794715
True;0.0005276778897913886;0.8031881057985669
True;0.0007669770418258772;0.4027449126303697
True;0.00044895848945466723;0.9276022766976577
True;0.00011180781624585417;0.49484242305008663
True;0.0004580677805550877;0.6888852194178133
True;2.6676394080145337e-05;0.9406110986804324
True;0.00013567267361714577;0.7582060011780845
True;0.00023520187000027667;0.6084146901784954
True;6.826600755172367e-06;0.4290771983899517
True;0.000733198411071103;0.8222523601249243
True;0.0005861335290974621;0.7979833739038256
True;0.0007739129956887913;0.7083929860038238
True;0.0006444139910218534;0.6282707955525422
True;6.828462827782285e-05;0.5278404538572289
True;0.0005187874537632007;0.7791019036130926
True;4.656721589631284e-06;0.9009293217802552
True;0.013544153290125984;0.11538833345997271
True;1.5481642277214364e-05;0.36771244624812466
True;0.00052883135042505;0.7183136138152526
True;0.00040121662361561404;0.9041258178177096
True;0.000664919224942916;0.8971654680634971
True;2.5999314855251198e-05;0.989337181495499
True;0.0005057549381371142;0.5270943203521974
True;0.0007051078836467103;0.3500719698065204
True;0.0002862062324351694;0.6733276091120304
True;0.0004686488848264461;0.752518310318776
True;0.0008344014763579739;0.40849242440262945
True;0.00021311387129635979;0.82470803405466
True;0.000709787562826724;0.545796951741323
True;0.00040578230370024224;0.7725821086895018
True;0.0001757318510395026;0.36677091786804056
True;0.00047531160227692166;0.9587461479641001
True;0.0005043665260113315;0.7298213678269063
True;0.0008121374319624783;0.9549250580803704
True;0.0005186588457109147;0.8601897833711157
True;0.0003753251034168436;0.8374118692449795
True;0.0017200845485819854;0.27920550497319824
True;0.0001719195047662735;0.847078188651489
True;0.00010698773823046482;0.9719385634904171
True;7.734725527896106e-05;0.8025008004078185
True;7.943577686544539e-05;0.568321833662859
True;0.00016767763450661392;0.9505607751757683
True;0.00037585148741563673;0.8674257789768243
True;0.0002409002755264046;0.47174963341775017
True;0.0007246797797748351;0.9951956898887138
True;0.0007339142933658959;0.9593984255120617
True;0.009168027629980873;0.1476141595992756
True;0.0005713045815175903;0.9349767615629564
True;0.00035420388259606924;0.6191434860950875
True;0.0001272399961255457;0.6428894732991361
True;0.0006475246698864262;0.3486482441902226
True;5.070639582025228e-05;0.7519339546415627
True;4.320061384644786e-05;0.8451303514571264
True;0.00011524187938245808;0.9572976045214229
True;0.00028577531512672094;0.3522781970649493
True;0.0007375383552982323;0.620452238997578
True;0.0007907250883042224;0.6001110772572833
True;8.123751359534047e-05;0.6203099476195245
True;0.00035491034886394945;0.5460498080861403
True;0.0007497180881112269;0.6910012703008914
True;1.4295603307620219e-05;0.8215149185935744
True;0.0007317809220296928;0.86642214120652
True;0.00043818152803954443;0.8754142805082774
True;0.00064315269575574;0.43685155260789715
True;0.00015684007640980396;0.40320870533836584
True;6.967393562636243e-05;0.46939794558997094
True;0.0007259135963128865;0.8608849389963317
True;4.005450924561007e-05;0.517376136560759
True;0.0001462128489557586;0.8110749778816226
True;0.00036712461081930776;0.7284835271313836
True;0.0001480017657021011;0.3821964278935567
True;0.00040977932085891846;0.7203196801499792
True;0.0005317052916877774;0.8508054049829771
True;0.00019733552773144815;0.5772959155665011
True;0.00048130444922886634;0.9020570829972464
True;0.0005829850544118413;0.48972772599913744
True;0.0006282572755337293;0.6887567538549187
True;0.00024981171856941226;0.5541707425604275
True;9.823763694748839e-05;0.6343974156686243
True;0.010180565614301878;0.1405365690911741
True;0.00039660818073857987;0.4892096104719684
True;0.014601404213031908;0.1260136236839462
True;0.00042202006407639957;0.49693383914803435
True;0.0007605087514143697;0.7497106413568524
True;1.9272584071169357e-05;0.5491845796217444
True;0.00035779619431883366;0.7652087046454639
True;0.014106346508461957;0.1257505403185627
True;0.0005427771617492042;0.3480137576681927
True;0.00036519366534328333;0.46302220177274933
True;0.010746058863292239;0.1368329997827099
True;0.0002620688195978342;0.8184401364904477
True;0.00010905695452283764;0.4671154599377024
True;0.00020820612749176536;0.7653896129679184
True;7.79759635397833e-05;0.34737217025749423
True;0.0005954230686321361;0.49174744256336655
True;0.0004398024432977412;0.954594142066954
True;0.000601089703306565;0.6415672601842229
True;0.0008080737028618696;0.9219176624116246
True;0.0007454516771988542;0.48077338332538233
True;0.0007365685473959907;0.8072365908694616
True;0.0005554968981858707;0.7920498750624303
True;0.00309666266854381;0.2787406865075609
True;0.00023980149698562468;0.5135015881597202
True;0.0006920490193201273;0.5163660703129781
True;0.0005635272468185203;0.5100285700895474
True;6.0953988855796946e-05;0.7115104548492088
True;8.204617509768491e-05;0.6522482882001706
True;0.00026980614176895203;0.43434916466094303
True;0.00019293369486580585;0.3996706703126882
True;0.000394028775516036;0.4013976730042704
True;0.0007322114154205627;0.45919449688289316
True;0.000692010118014865;0.7787265079289696
True;0.0002386785415207704;0.5919016284741718
True;0.0003489349922183393;0.63149584484153
True;0.0007755856881196905;0.503806628810257
True;2.5950222004173817e-05;0.3931689092011193
True;0.0008351610108189482;0.3557009765795244
True;0.00025624951062330824;0.713660796934342
True;0.0006140400391708358;0.6900195744451239
True;0.00021898740169627417;0.35444282071137245
True;0.008893788493633528;0.1542544810428237
True;0.0002423789420344173;0.8567650425992156
True;0.0001893101438392504;0.7221958737060221
True;0.0004534977455982354;0.6423010574250749
True;0.008804836208344886;0.14684913756145934
True;0.00017058006342437787;0.7732833202021733
True;0.0004921129482497718;0.5423248812649256
True;0.0007622903657258424;0.715224010061924
True;0.00040332834264494643;0.5462741505404405
True;0.0016705137785294568;0.281525570814403
True;0.00022784258626409098;0.47993101707700037
True;0.0005606078749477345;0.4326879997624236
True;0.0001311999830741924;0.4363649548643588
True;0.0005893489578328244;0.5647158175131891
True;0.0005939413181418305;0.35394133042383147
True;8.603774439604832e-05;0.45602117544542575
True;5.6034770044347405e-05;0.7303637447844711
True;2.9610617802009593e-05;0.46209783051919995
True;0.00066336608754552;0.7608019180010033
True;0.00021607313510638393;0.9125278259700507
True;9.426867414870465e-05;0.6627706556761921
True;0.00013767078442622523;0.9104633104430118
True;0.00048011805992138597;0.9605660861487724
True;0.00036086959355300426;0.9237722638485302
True;6.674552530145492e-05;0.6874796602069619
True;0.0005118080124753968;0.3771730253218277
True;0.0002711103109265796;0.5885254486898719
True;0.0005269868280445591;0.9208299640768236
True;0.0006332220193742725;0.683746645065773
True;0.0005806697794561754;0.7974470415116721
True;0.000538646190216936;0.8212320773968678
True;0.0006026109983455403;0.5328339649863997
True;0.00043067490126784836;0.6569330489673821
True;3.150260692081236e-05;0.8415529718709933
True;0.0006709593088924872;0.7899992162754171
True;0.000673968537530367;0.6672656380233541
True;0.0006486916849479715;0.4019683064533298
True;0.0006197571236022196;0.5296427571205136
True;0.0003202802504371772;0.6736065882863824
True;0.00076200236849881;0.7924188466818948
True;0.0006844878761969177;0.9677950049294914
True;0.0006974913086440557;0.6853847050828441
True;0.0006396987013433478;0.6767334525645956
True;0.0006703886687445597;0.8151362297668342
True;0.0005307213069099512;0.5751990418761533
True;4.732870343708129e-05;0.8988728671238744
True;0.0004246081726380913;0.7859682679856503
True;0.00032285391562602363;0.9129476955602435
True;0.00026436254769585744;0.7621234321597588
True;6.024057254559377e-05;0.7972438564972744
True;0.0007142013408539011;0.9255524636300291
True;0.00021708637848602961;0.5829073590035844
True;0.000670203778270645;0.8037719533695424
True;0.0001292780875424241;0.7587409712216207
True;0.0006342081779862338;0.8320555162265832
True;0.0007214095198676575;0.4920925880452246
True;6.430153594312497e-05;0.7783873939221898
True;0.0001484670663661313;0.6048502937564069
True;1.9926777540109662e-05;0.40924601081067913
True;4.9375762027937815e-05;0.9374941378598943
True;0.000763004185556378;0.7895619313781728
True;0.0005911917216907576;0.7899533623037214
True;0.0014514155267775061;0.28132196028734213
True;0.0002010070991431541;0.3708453560249349
True;0.0006919808237706235;0.9220833635101098
True;0.00046646371142702484;0.8715232685708726
True;0.00022039924169424673;0.48062450908698534
True;0.00037751821834512076;0.8219803898824609
True;0.0005699041951127057;0.4991902307278722
True;0.0002731332569088436;0.5516324601992543
True;0.00045946084980724787;0.5761117539493138
True;0.010287504412935406;0.149157039460006
True;0.00023536511773391874;0.5759552231036378
True;0.00029472744806078346;0.5073315996212714
True;0.00011897939003707644;0.9705778929946042
True;0.00032208966490321475;0.7769993652869254
True;0.0008341977046738004;0.9008700098373194
True;0.0007133186854963989;0.7375167546594492
True;0.0007718203941003048;0.35819128805190964
True;0.0002360584181980936;0.765020917109024
True;0.0006672731353007575;0.38559449113177846
True;0.0004817110165004762;0.44874664911355416
True;0.0004681619992412751;0.3900081415005001
True;0.00022426114584641842;0.77963463217085
True;0.0004140305602491315;0.4365025863853575
True;0.0007624801373661607;0.513789326291545
True;0.000350367363020012;0.9101652405088074
True;0.00024112038425844152;0.6432225865251422
True;0.0003540587366742155;0.8000258314018056
True;0.0003009557201567498;0.4332326561023307
True;0.0002393917443454809;0.33577074272939267
True;0.0005334541965432524;0.6660455693654642
True;0.0006271719058318875;0.8787122222908783
True;0.0003458732111616528;0.4941766177509427
True;0.0001294754060023239;0.3929755336121759
True;0.0006806160532593526;0.4277231630336684
True;0.0001925267109543671;0.7417852862113335
True;0.00070310482771713;0.8801752360011893
True;0.00013515489278151483;0.6146992413480741
True;0.0005391484560384191;0.7727095985467287
True;0.010827300023987725;0.14392795403334124
True;0.0005116787831565011;0.733915691179654
True;0.013284764267049033;0.11665241639172218
True;0.0006431397935525882;0.6863884398248092
True;8.660068169618681e-05;0.6406754764815306
True;0.0005402355875438117;0.7454485414189372
True;0.0005842999243376384;0.7155681820862272
True;0.01296915589591799;0.11962264906866646
True;0.00013251760150417778;0.7564994993278219
True;0.0007781952794141059;0.35872816625488113
True;0.010550518377257755;0.14581194519005525
True;0.0007195864573294849;0.6686488369880084
True;9.775931802666914e-05;0.6235306378889947
True;0.0005274536849127694;0.41795673176989595
True;0.0004428240129805085;0.6869920976966702
True;9.803789116486262e-05;0.7460852094358392
True;4.114618431477082e-05;0.7306397574808934
True;0.0004793260407260355;0.3608393481871119
True;0.0006759174658873735;0.8068988657125492
True;0.0002457042608019331;0.6836005611963204
True;0.0008035169846456696;0.7933924064560655
True;0.0010832400826664046;0.2804138041434849
True;0.0003199816649295595;0.9896793543651198
True;0.0006180866234200888;0.5654730419460109
True;0.0007824838109088674;0.9229046915515132
True;5.902017113961563e-05;0.5787114759733819
True;0.0002855590245184135;0.9132033132607957
True;5.7440269173553115e-05;0.4746424767801657
True;0.00015905172220879543;0.4279067811561609
True;0.0004758094511515134;0.5646365430009962
True;0.0007912631544877192;0.42573653701335823
True;0.0003505499642519796;0.7680668363549314
True;0.0007740077374827373;0.8554726330477246
True;0.0008074663999339687;0.38889257535994914
True;0.0005311706493436498;0.7991855450030471
True;9.54215560184761e-05;0.9065358158849843
True;0.00037830023419812404;0.830149155345855
True;0.0003749760522030193;0.7820194065155124
True;1.2270794436157986e-05;0.3700845818831631
True;5.138153447974515e-05;0.8330117020445097
True;0.010453137909696587;0.13900353138050167
True;0.0006242733197192705;0.6215226117837378
True;0.0004309756840386262;0.6845518077979778
True;1.8722221519846287e-05;0.8289319260472723
True;0.010098261855094897;0.1486358698953662
True;0.0007348378328982053;0.895295894757556
True;0.00046135543307291216;0.8889221080793845
True;0.0002548395611882676;0.6984727245792022
True;0.002499723993219414;0.27902985548225046
True;0.0006467078450173263;0.6631858826797827
True;6.169169724416731e-07;0.5191448056394725
True;0.0003572960970154504;0.5369087188821147
True;0.0007565316675876029;0.33419638820669556
True;0.0003255222900350182;0.8831343876196311
True;0.0003847540249836728;0.506938686639234
True;0.0001377618208238806;0.4189643879480643
True;0.00023106444917021945;0.7007982806540346
True;0.00039332823440540505;0.4175424128462105
True;0.0006941735072316878;0.7834194123259299
True;0.000711825780606879;0.694504979382913
True;5.954888755244902e-05;0.8685744335967012
True;0.0005933179188185193;0.39132239451991513
True;0.0003931134837512039;0.6179704449062673
True;0.0003752838572134143;0.8308077762023629
True;0.0008245326183848687;0.7403751773366408
True;0.00032776398337508314;0.886735787398958
True;0.0002183891000840667;0.5719487681184129
True;0.0005415582060455009;0.9402411615630508
True;0.0006707003913364053;0.8718284236933334
True;0.0003361246031866819;0.42585991388367284
True;0.0003558333833206343;0.5864442282392521
True;0.0002935787768667585;0.6403051399216997
True;0.00026360889616128865;0.7319001252058692
True;2.6760621971783573e-05;0.42235999986871703
True;0.00016789260222095266;0.5984599456431572
True;0.00020051556031291473;0.9537041696065262
True;0.0006362279909711304;0.370211537483474
True;0.00025491805695665486;0.6126207331627636
True;0.0002269621138820848;0.621826016695111
True;0.000607027349285497;0.8979862197510793
True;0.000801924796974781;0.8791586350164153
True;0.0007085796085050397;0.9380554445767723
True;0.0008354201790912557;0.5882940081096488
True;8.033046432812539e-05;0.49105308793752
True;4.066995951010512e-05;0.641399645900957
True;0.0003364783846419596;0.5569424799058685
True;0.0005536164232616429;0.8898591738565768
True;0.0004638072879014359;0.6237837950596623
True;0.0004283906554659515;0.40044708637812704
True;0.00017672925731641084;0.7689918769521316
True;0.00014799874174408243;0.5399400178397518
True;0.0003025664249206884;0.3365819990844286
True;0.00030321285211949646;0.7155717702770505
True;0.0005011005461331666;0.34982862014703875
True;0.0006285183730931069;0.8649491025256705
True;0.0003857945226233715;0.8628168304493912
True;0.00015443488650099138;0.9167351474286352
True;0.00038585130772351235;0.9304669511295364
True;0.0004570173344115508;0.42584107742646893
True;0.0005471141631304518;0.5006220312994286
True;0.0005719375546636179;0.6754685691501452
True;0.000206339934158656;0.935947690920274
True;0.0008260978173650777;0.631735127983382
True;0.00037443117499911356;0.6414171029264302
True;0.010660329624392968;0.15125095998460614
True;0.0002965222218342796;0.7249000958403038
True;0.000796205308112307;0.7745944043107333
True;0.0006807606690376574;0.6172435627125334
True;0.0007882678084626275;0.3532572878864753
True;0.00017712402054164366;0.8111245955062788
True;0.0006101579140862932;0.5599316797765368
True;0.0002555366947123048;0.7612168551400723
True;0.0007092401246969488;0.6771378159373063
True;0.00040074458411963707;0.5232114176084063
True;3.502948970512276e-05;0.825177921129469
True;0.00010528843877022279;0.6867801253499504
True;0.0005291957438313641;0.9826996466708555
True;4.438663553697846e-05;0.5686091088865717
True;0.0006493185301642575;0.7724192989373243
True;0.0005981826596067208;0.6870274676839587
True;0.0002768580716967079;0.7667509043668259
True;0.0006139646250742719;0.48941279300215135
True;0.0003728579864008888;0.6818488582857547
True;0.0003614139244172486;0.6300315998507506
True;0.0007390068927721856;0.9068789587549667
True;0.0004875029570170295;0.5807526203260167
True;0.0002501340942340892;0.8060916577448467
True;0.0006763660310968586;0.6703271597571223
True;0.00012226140442658893;0.8179905849736127
True;0.00024835814681241385;0.8220262611638741
True;0.009422120636873917;0.14625196996072115
True;0.0005748237311188821;0.7103108649623064
True;0.01353952226107298;0.11766307650957133
True;0.0003243881934287246;0.5576827657656255
True;0.0007540046304342849;0.885510826878324
True;0.0005700412651634219;0.8659590837521709
True;0.014535075129994291;0.12418227285748125
True;0.00023248356716223617;0.4588788255077426
True;0.0005506099720788288;0.9483180050241665
True;0.010651353589409477;0.14149486482932855
True;0.0007248186428575076;0.9794416956531239
True;0.000749554510299447;0.788320534737994
True;0.0006956307489532278;0.5027257643860981
True;5.326538179186195e-05;0.6312932651601748
True;0.00037509506672406636;0.558221075462045
True;0.0002189780012235115;0.337063470967563
True;0.0005165157270768283;0.3526923971595938
True;0.0008155521952922866;0.6275148067685057
True;0.0005009750223795357;0.9376782129821845
True;0.0005576448249066257;0.5357382534740608
True;0.0012870124861454194;0.2759925048291693
True;0.0005610574748539156;0.49501053086437014
True;0.00013612440341565404;0.4609698122068791
True;0.0007026697223926574;0.9643846286345975
True;0.0006701573292728984;0.7230319697905931
True;1.448545749714091e-05;0.8640745843653433
True;1.4163685298065231e-05;0.9969080352588252
True;0.0005032179401507918;0.8935691157164751
True;0.0007175052770326951;0.9458628711255673
True;0.0006120743376875296;0.3410228257840475
True;0.0006990973648934096;0.9255297217909555
True;0.000713479226349022;0.47941562794801806
True;0.0006704534338817725;0.6307043637812699
True;0.000498194744585708;0.5110592394919254
True;0.00022118994261423097;0.7798725076935096
True;0.0004559994765823773;0.33577693262958686
True;0.000787212209732218;0.5695418087463894
True;0.0005456436153803472;0.6063462902881321
True;0.0007746768419251972;0.9559853179677863
True;0.010394439981356852;0.14309389587342314
True;0.00047184750297435554;0.4514002193776635
True;0.0006902802111675296;0.4396913134740758
True;0.009131681819668305;0.15448791589013688
True;0.0006729334402186271;0.9087871294113173
True;0.000818898774641794;0.6583264822251582
True;0.0002073958892813915;0.5760370727913552
True;0.0018125925533218363;0.27986484444196746
True;0.00021571977551183572;0.6782091666033712
True;0.00028789031987153406;0.9494503653696366
True;0.0002475880985854329;0.9587195680789055
True;0.0007186999003977057;0.9031309315579855
True;0.0002032249913114665;0.5789219804432003
True;0.0005077009098213307;0.8456307007618986
True;0.00047082587188618604;0.7316307998420785
True;0.0007124749663278893;0.36834610372129206
True;9.913838101326643e-05;0.5349406886495867
True;0.00013372781444933893;0.3961238773563246
True;0.0006800103092333192;0.5832876366129145
True;0.0007759731448082074;0.43126844446586693
True;0.00018808268963050345;0.71688614192003
True;8.867741618773432e-05;0.8172835833297345
True;0.0005933780666860366;0.8375740066731775
True;0.0005009081589397003;0.5672655532489116
True;0.0005232344638006716;0.7404515545795268
True;0.0007717098856081454;0.36920175379564646
True;0.00015858412036622068;0.6251881258915468
True;0.0002840679448810435;0.40767785705513737
True;0.0007462551556003896;0.8070312531595246
True;0.0006302349554907245;0.3712469248436766
True;0.0006491677207669733;0.414003368597436
True;2.541604874927237e-05;0.982005322898374
True;0.00015391958514113666;0.8659974252400645
True;0.000824131065665099;0.8610240991660828
True;0.00039012974374254007;0.8597727357504428
True;0.0006565602499052016;0.7744722889016866
True;0.0006521478949705627;0.4486646961914672
True;0.0008059848868729101;0.4834751899832169
True;0.00027881481107464636;0.6855092040577461
True;0.00045138312815814395;0.555129909044868
True;0.0004328140258185258;0.4465730340411904
True;0.000623256163960719;0.5164890195588362
True;0.0005948144779948509;0.6260132049185483
True;0.00030582083569630263;0.5980549018121448
True;0.00016770068750112136;0.8335988927470975
True;0.0003254367545449632;0.8932647442948931
True;0.00023973109904936338;0.8019619712517914
True;0.0002533318104415749;0.7471912121245166
True;0.0005187821190352908;0.4317959397285974
True;0.00013572045773312133;0.9878808135501383
True;0.00044605811704455;0.8545485909830206
True;0.0005953817468361325;0.3410453064256631
True;0.0004453087260398327;0.9473656179156733
True;1.5637972340261004e-05;0.8491420682444353
True;0.0005694264745888807;0.6149745975053416
True;0.000501822295091029;0.6532358071130109
True;0.00012792433617329565;0.46342584071135606
True;0.000317929114147275;0.7866490535287384
True;0.008723615804028645;0.15381769619666152
True;0.0004901000663645161;0.5118400729441503
True;0.00014739544056546254;0.579391613524021
True;8.12643177730748e-05;0.724059056227971
True;0.0006187310438157324;0.8351441163325508
True;0.0004334620263546769;0.6667102485011642
True;5.629057475572969e-05;0.7146241553730472
True;0.00016424640505540843;0.5706585061151918
True;0.0002481462612718445;0.7991381687733836
True;0.0003605070656208564;0.6119708518135063
True;0.00012320799870814094;0.637804672795085
True;0.00015101798810529177;0.5109069619753911
True;0.000630285736794673;0.3425030730390144
True;9.114432423398087e-05;0.4284832485634035
True;0.0004082721920132761;0.9028334964119967
True;0.000315205842315483;0.6987559238389298
True;0.0006431658532393091;0.7417592579340466
True;0.0008069407522161231;0.9062841214462134
True;0.0007231325337175118;0.646947234220786
True;0.0006006798285035083;0.3561827719041499
True;0.00047233988102714995;0.7886870454857033
True;5.110890364850147e-05;0.659129799468648
True;0.010059164203600384;0.14606773859043073
True;0.0007610981106510018;0.365719655328237
True;0.012553150887886671;0.11987612193880846
True;9.109697100834455e-05;0.4949348586076953
True;0.0005804901547876218;0.8861836456471216
True;0.013336484083904344;0.12014944317380238
True;0.0006452375868426176;0.43848593445706846
True;0.0002990948167026962;0.6482467646877448
True;0.010817989941664947;0.14480688624073432
True;0.00038158797058832235;0.513158827661178
True;0.0006638935168282675;0.7612874220409038
True;0.0005476804732279985;0.6461725111178076
True;0.0003185537869636197;0.6793831673799926
True;0.0008306502198212131;0.4805421103812151
True;0.0008070062765095112;0.829589221803786
True;0.0005478349034268841;0.8536018884791186
True;0.00047764110443448385;0.4342811915926197
True;0.00014441760067350322;0.5716647211487081
True;0.0008153654833788087;0.7570748567586583
True;0.00024589264083597185;0.8818164179674584
True;0.00027523742936846196;0.9009372253911827
True;0.0006950132373996362;0.7089475574009826
True;6.0461925332826106e-05;0.9303249183262304
True;0.0006560450226878481;0.4352176162014413
True;0.0008285020974578645;0.8118973816501693
True;0.00019594735020467418;0.46140851133620087
True;0.0007537341357851703;0.5267509364252365
True;0.00039748299507547157;0.3437356371987557
True;4.196564762493936e-05;0.39039124462126695
True;4.5720780981704236e-05;0.9960822578401051
True;0.00017866105694291015;0.6508432561703527
True;0.0007567942200699733;0.3847788603291031
True;0.0103391081853495;0.13946644706625486
True;0.0005597242762454983;0.4381166162847046
True;0.0003745781866848397;0.5925879980736143
True;0.00900878752413525;0.1489946513470558
True;0.00014743983049194745;0.7668604587205086
True;0.0007873039910003885;0.5544039100597217
True;0.0007221011923945336;0.5357259455008212
True;0.0007490382633087454;0.388472965162206
True;0.0001647145661020683;0.36522302417171537
True;0.0007797852295179043;0.5599197780413432
True;0.0007727969161000708;0.7566198270733742
True;0.0003125679078794666;0.6971820431288278
True;0.0004701160526238682;0.38065643292498513
True;0.00039030354582452327;0.7825758330975945
True;0.00045170490090856973;0.7269987017691402
True;0.0004422178707520674;0.7578724476709757
True;1.1773620205186776e-05;0.6090192734582629
True;0.0004878743703774648;0.7596720785875495
True;0.0006978359126311076;0.8954000090357517
True;0.00017755543857122513;0.49884092041990846
True;0.0007056492800539001;0.5192115545837908
True;0.0008184606254340079;0.9567694829641953
True;0.0007287479633537191;0.833573800945772
True;0.00016507639711264187;0.46248835777327235
True;6.225475427187952e-05;0.4242494523192265
True;0.0002773361886247905;0.5925326555287542
True;0.000659214609290929;0.7769017129140978
True;4.753660251277519e-05;0.47694566902771457
True;7.89758290997593e-06;0.9874962708356751
True;0.0003372045100705275;0.996090306053601
True;0.00025312944972240666;0.8402950591160306
True;0.00025636997953128995;0.6302367162560434
True;6.504238343343828e-05;0.3430191688725797
True;0.00048139624062451514;0.4722970578292016
True;0.0007372565580249557;0.4742678089705467
True;0.0005130223228351487;0.33350410553976656
True;0.000491889503022058;0.9925251791057292
True;0.00010080324812943837;0.5690775774348751
True;0.00016607539938459426;0.5347159979628445
True;6.890594617546792e-05;0.40484005848400306
True;0.0006949961593751913;0.5037270349082288
True;0.0006445771635769743;0.958435648156378
True;0.0007356971691356107;0.6462335628508784
True;0.000830166873471461;0.6939902444793471
True;8.879248056213917e-05;0.7021832893989577
True;0.00015624448707155794;0.8577090258357609
True;0.00028191277625948637;0.4176529041940151
True;0.0006897032156209794;0.7923161469632222
True;0.00019746739411375584;0.5158275517730235
True;0.0007588755056026693;0.8490923560761325
True;0.009680739359375252;0.14973118203035138
True;0.00026546598061083265;0.6841104754556596
True;0.0003669608509741868;0.34389651137256927
True;0.0002698686691837725;0.7988953768055873
True;0.00040351480669963374;0.45519062378156294
True;8.364078445140498e-05;0.9309282409015565
True;0.00021749383815652452;0.3479653633641002
True;0.0008346507350527722;0.8534900468101514
True;0.0002098448551997875;0.6996416847098801
True;0.0007191257369126784;0.43130910010500245
True;0.0001492468939926033;0.7183305388670929
True;0.0004843894386268022;0.775688894611634
True;0.0007337974407672767;0.4249794648149994
True;0.0005399188250746849;0.6941375306610449
True;0.0002895131683782579;0.8640519150697925
True;0.0004063533461152599;0.35566683565887386
True;0.0007818618597562462;0.8176805457717717
True;0.009681295863611812;0.14086431342666172
True;7.669103684306785e-06;0.7929075686573044
True;0.014430349044336061;0.11910297376114004
True;0.0008241253552907582;0.855249358893622
True;3.716152328702777e-05;0.4396497704092649
True;0.013370701984870626;0.12583929820353457
True;0.0005548176202298454;0.8749264403988
True;0.0002843213510624805;0.8630369984412952
True;1.5099077466517817e-05;0.9902137586114934
True;0.00013742166821970086;0.3298692194049817
True;2.161030817130794e-07;0.4213441004307904
True;0.00019481424194093178;0.5808557109652329
True;0.000314756423811352;0.8772814631904415
True;5.962447071944356e-05;0.453957119774547
True;0.00018233316155067303;0.5597590925063869
True;0.00018749040779679002;0.6415464345596853
True;0.00017040793207870556;0.7041067478306523
True;0.00047198300065971646;0.6332187848140498
True;0.00012226427278107447;0.8514868279263303
True;0.0006500049373400896;0.5390051587991117
True;0.0007012670349879835;0.33559645407399386
True;0.0002549320305557689;0.5909019444575834
True;2.148376802621798e-05;0.652843015386546
True;0.0005363549996522612;0.8649324410521395
True;0.00046169749640722496;0.6260416467361605
True;0.0002687126914124475;0.8051497957837448
True;0.00026788008885634277;0.926071241810385
True;0.0007349809138080559;0.350288508415668
True;0.009295467212021456;0.14119844952779223
True;0.0008131265849806582;0.912168608611921
True;0.0008143785919139794;0.5395041161428122
True;0.00016890633650081625;0.9062058767177452
True;0.0007173354262694464;0.7169778161332636
True;0.0008029787430244425;0.5858058409766281
True;0.00010511005177547387;0.5161037947128626
True;0.0008144468822744896;0.6872611044678542
True;0.00023168599214303516;0.5633918480568538
True;0.0003666313078112057;0.9322270714791396
True;0.0003757330174344297;0.9151979383840334
True;0.0005546976116847367;0.8644158987212103
True;9.92779274431016e-06;0.688228648982887
True;0.0004937454125151029;0.4823643146642944
True;0.0003699486671828273;0.4553026213899035
True;0.00024016771200574414;0.5153281648124157
True;0.00035055841973197384;0.5985910893135193
True;0.000447557943040001;0.5087234952002535
True;0.0003886431560020314;0.5890951836760396
True;0.0007218392939485022;0.358750047096406
True;0.0002528753353510322;0.4588255520513803
True;0.0007727393246821723;0.5068037317127447
True;6.202436436564736e-05;0.5036321658657446
True;7.220036235027371e-05;0.57530126977267
True;0.0004519910393720581;0.44720484525740706
True;0.00024979303750703247;0.6568325096812797
True;0.0007213538435641428;0.6251349042310461
True;0.00033317614198763093;0.5102333497029548
True;0.00032416630859857635;0.54832928122415
True;0.0005810336717431627;0.4736179436353928
True;0.0005122490737523767;0.42834078920518476
True;0.0007138204610527759;0.5651543825384974
True;0.00014879801850352904;0.5620087595515137
True;0.0004257692373550241;0.9266804452667157
True;8.65948602366085e-05;0.5912419500661338
True;0.00039380619159563136;0.8549098064365612
True;0.0007467318393626557;0.8248666323882898
True;0.00022629896077668664;0.5155097281234815
True;1.8732187776676633e-05;0.4132129597549132
True;0.00043447321460452295;0.9921491425911135
True;0.00021306912934848933;0.5541856320200569
True;0.0004146881379534352;0.3595633925995691
True;0.00944229744918518;0.14645309891112263
True;0.0005771552140241537;0.616016357127741
True;0.00015130697941038803;0.702084597430153
True;0.0005783848533268131;0.6007394501797074
True;0.0005727684178403867;0.5826787693774176
True;0.0005606131574648281;0.6719808815217372
True;0.00031817701047778585;0.5567517553974312
True;0.0005919257071583619;0.8816572755287658
True;0.0005024938232282147;0.5287496671154349
True;0.0004734902849714473;0.5602868813895109
True;0.0005195052875140118;0.7323106351774692
True;0.0008230623148305828;0.3742044671402842
True;0.000618318066472377;0.56252128893524
True;0.0007044324861615434;0.7485123820667389
True;0.014374881068286596;0.1147368082770545
True;0.000539463615825362;0.7383408239886082
True;0.013826093792334187;0.11728905267371623
True;0.0006524200325800928;0.669422574520662
True;2.498113258154362e-05;0.5296716095454277
True;0.0002116861733011447;0.4954377984554894
True;0.0002188829117368005;0.6519531115938573
True;0.0007389057939946234;0.45369109096593935
True;0.0003545979799265473;0.43812648124991693
True;0.0001242889951391616;0.7721655553097173
True;0.0006365685967568299;0.3484167528079299
True;0.0008149191266259174;0.8412884591492251
True;1.0643295130898378e-05;0.6052234123630686
True;0.0003400480699677733;0.531493524153023
True;0.0006164088150347192;0.8636691026673471
True;0.0002883059125841977;0.6206361295616825
True;0.00020724224657148082;0.5526618625239653
True;0.0001258410160055393;0.7228148429237037
True;0.000704052270314719;0.9381456707519759
True;0.0004782001947985469;0.7894852918945772
True;0.0007887569345207837;0.45942125980318804
True;0.0005206778832741404;0.9389464217108725
True;0.010534924217731069;0.15538207988201594
True;0.00014824060159112498;0.6364492924677674
True;0.0006941925483274575;0.6076479066418258
True;3.325657453220165e-05;0.6996763223373351
True;0.0003087515948596286;0.7492016787036762
True;0.00028313531237169606;0.6915728619371488
True;0.00082434529089411;0.37180351622911495
True;0.0007615967148376324;0.5304488562414761
True;0.0006278260900237276;0.8712930207987751
True;0.0008050652231151299;0.5867284442183188
True;0.00016980474880139734;0.33763604641679207
True;0.00043580132513490715;0.3654359074956015
True;0.0007214933488934747;0.9070760692469946
True;0.0005548779364907546;0.36573381675276817
True;0.0003952284951903967;0.45678691856626685
True;0.0008311154267304162;0.7559277860772051
True;0.0007724906931510404;0.81335322438228
True;4.5437963809609554e-05;0.48984873806541557
True;0.0002650879497990453;0.7759677291288545
True;0.0005460818924373568;0.7254876263388267
True;0.0001100926253871919;0.9398163710229752
True;0.0005986802242077724;0.8997106855540509
True;0.0004263715103274021;0.8773602892683543
True;0.0005337759002462548;0.3511223188084393
True;0.00015750067290530147;0.3890231044824947
True;0.0002964601694348777;0.7364895547312287
True;0.0008161299722261605;0.36010270604758426
True;0.0003310370967001224;0.7705948544359551
True;0.0007763713352066014;0.4580672890479328
True;0.00031854134684184755;0.9778167061170052
True;0.00016608299243373045;0.62152408411173
True;0.0001710548997071438;0.7406609362884815
True;0.009155928243677267;0.1446189375389274
True;0.0005432519414321069;0.4000774658908187
True;0.0007658502731522314;0.9312036796689649
True;0.00038225090017550396;0.7936983991473119
True;0.0005829380817823543;0.9708558590620477
True;5.7759590940105145e-05;0.9341887312434047
True;0.00047093240540011086;0.8960071817842928
True;0.00046680676795414787;0.7205029163158869
True;9.036669009229053e-05;0.8857998797292538
True;0.0002607764252986762;0.8459247315449452
True;6.9841874499131935e-06;0.4040561516489148
True;0.00016389451266169512;0.9755305663553197
True;0.013295549300166257;0.12145449934789738
True;0.00045135368234036166;0.7289813189295756
True;0.012693949079624647;0.11811541759214259
True;0.0007124877269395268;0.58625618411403
True;0.0005540621170165185;0.6370871816286743
True;0.0005108919365921107;0.649125068982985
True;0.00015060091624538376;0.44544614985867104
True;0.0007803974676675075;0.3309745137193523
True;0.00048308771822939777;0.3629063832969119
True;0.0004940260190064289;0.5767828551278931
True;0.00013920233102532778;0.9160623686088283
True;0.0007333678770016636;0.38507238258809506
True;0.0005752366650668895;0.7242841908977586
True;0.00020115331802689668;0.49724043974621335
True;0.0003043980164314275;0.6930865566194839
True;0.0006771102595118254;0.5915678432045113
True;0.000549083376758173;0.6793991826343633
True;0.0006210418960624832;0.6237379158972349
True;0.008680111438964985;0.15080567018032104
True;0.00010851649858695627;0.5906269896112077
True;0.00038443733626441595;0.7245736680742036
True;0.00014463532017984976;0.5780355743844361
True;0.0006831766148497159;0.43909518378462264
True;0.00034990208999966167;0.6124583195507809
True;0.00040921966225081804;0.638003625149373
True;0.0007181516268218162;0.9361684231966227
True;0.0004895847109722662;0.9384951855373754
True;0.0003666127874657744;0.7491831946029687
True;7.881664187922291e-05;0.45440536594514025
True;0.0006347924163557535;0.6217761800085885
True;0.00047397262020519506;0.44566053518234877
True;0.000518489315822891;0.4828263807977762
True;0.0004880057131949857;0.7567264296006735
True;7.479226907492866e-05;0.8915905414884764
True;0.000644271649112312;0.35250525103732017
True;0.0006886898804317053;0.42393847640464477
True;0.0001290006065369308;0.7888175686275736
True;0.0002581482180193021;0.46513529475434207
True;0.0005003546564224005;0.8123350524851072
True;0.0002987254573277557;0.6797804525227842
True;0.0005319541353518728;0.8395111566605411
True;7.219735231249661e-05;0.3577617826475694
True;9.831621695828228e-05;0.7653956734877067
True;0.000137982480353903;0.5539127686403909
True;5.6312050794410486e-05;0.6411814080972182
True;0.00012479685241611254;0.9977030424342309
True;0.000810249235635002;0.8580646033995025
True;0.00037048605123293955;0.9390503632514838
True;0.0006217543243592678;0.4292095553871118
True;0.00011651422089203984;0.6243792085440554
True;0.0007537764036599627;0.9253733966849034
True;0.0003690656489313798;0.7064610818495436
True;0.00015300842463004447;0.6763877726144871
True;0.014232369558898585;0.12382130529356285
True;0.0002972432160295803;0.9445753825287556
True;0.0006220177573311238;0.74730505290949
True;0.0006774148229685824;0.35430180948852624
True;0.00026536210589165444;0.4324373508318832
True;0.00042298038300655783;0.5164559913417595
True;1.843949433302264e-05;0.3363856115286248
True;0.0003773240781040785;0.790433475926874
True;0.0007463737974348311;0.9830771805015088
True;0.00016444332109465768;0.3548038293210163
True;0.0002963921549212287;0.6514445607541124
True;0.0006858796097946264;0.6695130772073623
True;0.0007329720139848991;0.9030369648011094
True;0.0004037485768465965;0.5208577690477503
True;0.0006738830825668132;0.9810335805221172
True;0.00014892288898888653;0.869024151743401
True;0.00044553372585415507;0.7279440982807248
True;0.0007271802440881128;0.36789539618462225
True;0.00014049762830015011;0.6651302689303832
True;0.0005685162460148515;0.9277228125002567
True;0.0003026638245505253;0.8234680440574718
True;0.000667252090145517;0.4450092310137205
True;0.0004314616157653808;0.34184655881749143
True;0.00019571838893295716;0.5686798205641865
True;0.000684953884669784;0.5726874825249852
True;0.00020592753148660322;0.815863936098029
True;7.740155475882816e-05;0.6358076077969383
True;2.8186964409018164e-05;0.7438655074882345
True;1.4544013290964629e-05;0.43068530928460325
True;0.0004549095203134108;0.6765729329761818
True;0.0006982655930272294;0.9435217221398782
True;5.697944430382679e-06;0.4203142825774109
True;0.0006492867507606069;0.43186814048271455
True;0.0006562119763483219;0.9551932507127788
True;0.0007545763154183416;0.9386569919904362
True;0.0003936045386523038;0.991304050583773
True;0.00010316295481411238;0.38860226764436656
True;5.685729258349864e-05;0.6121428848291385
True;0.0004917412820331415;0.8707056375551238
True;0.000255356062353837;0.9924689475927144
True;0.00017070740246624198;0.5616688346047212
True;0.0004398958699229198;0.4266271068244923
True;0.0001720346327600717;0.7368306569696723
True;0.0001483002090277299;0.5146432514174708
True;0.0007238801599183336;0.893261219996025
True;0.0006267697297592141;0.9112400368517813
True;0.0008015112970342623;0.33008403534814934
True;0.00022752743784708782;0.730576390282951
True;0.00025218361081213775;0.524000938661895
True;0.0006435819093373935;0.39925044835366263
True;0.0007135409888010155;0.3538530134470418
True;0.0004169133072703506;0.4553141490371384
True;0.0006605237798252495;0.5965637240208927
True;0.000491009679313624;0.47553023287532553
True;0.0006231345595227859;0.7895171306341013
True;0.000554331294942662;0.4006339935643447
True;0.0006908242323508838;0.46145232828389443
True;0.0006560519634939634;0.7906325969097199
True;9.80043426268613e-06;0.8366651896574944
True;0.0007602126220985432;0.4094880317360555
True;0.0007715587495172405;0.8814115504372102
True;0.0006205159699281298;0.9023581879527909
True;0.000379368928573767;0.33078839833125395
True;0.0007622653661649057;0.35282609895072437
True;0.0006573934480982967;0.4067153572787365
True;0.0004710478234021589;0.9257967579985971
True;0.0003841317763843167;0.39275491026683224
True;0.0007724009018627027;0.8085110302095921
True;0.00016781183679199244;0.753715035291365
True;0.00041690675550929947;0.9978610795538188
True;0.00010301645527697503;0.37881730396788316
True;0.0006113560495995021;0.7534344636255859
True;0.0006620355384203719;0.8094962616657257
True;0.0003812582096080368;0.8481530693441368
True;0.0002104018973920167;0.6745805313285888
True;0.0008312869529334523;0.8362286163731687
True;0.0006568866786434662;0.37650993869817795
True;0.0002574330279583088;0.985609938297104
True;7.329309789096425e-05;0.7448728615827562
True;0.00024695985818838694;0.6818947382754422
True;0.0007273493241193407;0.9260470493779906
True;0.0006642932109175759;0.39173500572872083
True;0.0006327599899834894;0.7184742100239712
True;0.00035873646960866485;0.7571503926512742
True;0.0008230319316589663;0.9055644506530177
True;0.00010204776800810872;0.9280085381105326
True;0.0006504802718430526;0.9999583327175894
True;0.00012005503279420168;0.4918927230831528
True;2.0311547638503287e-05;0.8010595953479018
True;0.0004004811038778964;0.8366570872330075
True;0.0006690337969341099;0.4827895171641373
True;0.0006200320209266097;0.7158805508255449
True;0.000817439051108068;0.35878579484698575
True;0.0003102048462305256;0.5748734782536123
True;0.0005879591509015487;0.7858322698155462
True;0.00021342091111909917;0.544120292947476
True;0.000490739478282766;0.6957277707501917
True;0.0004215835076663482;0.8677193541739859
True;0.00018643384457878664;0.9312112574237162
True;0.0008124684783045471;0.40427794790025917
True;0.00063709295047782;0.40137261968392357
True;0.00022296181697534993;0.5578976443287296
True;0.00028618260907195276;0.46723146935771476
True;0.0001709571567252451;0.42310866817366083
True;0.0007440566790276714;0.9733942017753527
True;0.0007051217525193051;0.45597517676303134
True;0.0006305226579111562;0.9500957443518061
True;0.0007428312971544871;0.5616525575599912
True;0.0002019713364069116;0.7477978693355262
True;0.0003594054495960136;0.3362571170311363
True;0.00011105730774719346;0.8737439599987518
True;0.0006697186520458082;0.8533851645365393
True;0.0005470462210197167;0.5999501849208366
True;0.00037636729775257104;0.6903682761435679
True;0.00015802339315433204;0.8569303212650965
True;0.0004449685774308986;0.956165492697551
True;0.00028830281776055366;0.8802513028456945
True;0.00020565417757955704;0.4516728329976887
True;0.00028942679432676806;0.6941664256378076
True;0.0004154073723899957;0.9904442552908117
True;0.00016105701604119752;0.636310810331522
True;0.000780378588063397;0.4258236109139238
True;0.0007443295964630102;0.9103775820616974
True;0.0004766879897777456;0.9534087659597342
True;0.00048477975402020404;0.9802655656251217
True;0.0003725327177879712;0.4951645410055868
True;0.00014826579528085513;0.6142085000044358
True;0.00016506543585361556;0.9503177803031164
True;0.000583079783938389;0.9469196534692658
True;0.00032228952937651335;0.503948687247379
True;0.00045019180270175236;0.4152515749642734
True;0.00044690508111602204;0.41940356042168314
True;0.0003427260277342436;0.43742125511959806
True;0.0005436113795432476;0.5930383168630728
True;0.0002927068182235658;0.3519004351483376
True;0.0005537240816860601;0.752498603215924
True;0.0003961452348638584;0.46735837362529387
True;0.0004824845274696194;0.7725768761412815
True;0.00011075172806676403;0.5879492324425687
True;7.453746954688566e-06;0.9752913014105776
True;0.00035251197553274536;0.9854918345803524
True;0.0008110958919585662;0.9505616007538441
True;0.0003851031161030387;0.6579534405881287
True;0.0006576439406949302;0.3913376475237151
True;0.0006061163101384003;0.8579300161358877
True;0.0007856330979586672;0.7801695910206592
True;0.0008154134677676322;0.8118935752009846
True;0.0003496403884124389;0.7331137299750778
True;0.00035598041875473704;0.9684501160538412
True;4.3639877109584406e-05;0.64819660876025
True;0.0005011535202018925;0.5578423829259347
True;8.24915884371879e-05;0.41181156243443157
True;0.0007282491930919183;0.6018237871990737
True;0.0004815030688649213;0.9245382487332274
True;0.0007019498564297907;0.7115271659561552
True;0.0006512331476986313;0.8200340151593974
True;0.0008210453221550045;0.7193773452266516
True;0.0007451258816482113;0.47366598541991445
True;0.0007654956383359787;0.7206264299510181
True;0.0003203380350691127;0.6957063268197116
True;0.00048594412173568765;0.705937040763041
True;0.0007273812646958837;0.7298158898180747
True;1.1579603581551561e-05;0.5887275711972579
True;2.842311555809663e-05;0.7826045209821064
True;0.0007864159685184523;0.5305014954466988
True;0.0003319994776771052;0.6801809569774354
True;0.00017974074814609676;0.7079714628764315
True;0.00012942577516225027;0.5216190224756256
True;0.00031547380396476697;0.6588021857777321
True;0.00025918565992116024;0.8962565507273221
True;0.0007799716354461997;0.8517327605423994
True;0.00045002064264113077;0.6121560842148974
True;2.3915047416495484e-05;0.36342888401489154
True;9.336043331023771e-05;0.4212985995532658
True;0.00032398257147206715;0.44481298407247954
True;0.0002669053277846892;0.6824182644053478
True;0.0007360871140456069;0.5517627825842656
True;0.00046226706781940155;0.9229374101643668
True;0.0001991734105365381;0.33261019658318747
True;0.0008123815852829633;0.9103453409681337
True;1.3979120039007466e-05;0.7982136247100191
True;0.00025499006360979985;0.8307046212727265
True;0.00017156832512634195;0.6015362716930467
True;0.0005048099971005582;0.34570135114344225
True;0.0004461600140062891;0.3662263506719217
True;0.0001748989781493637;0.656232186616194
True;0.00043687954830958013;0.6981722617617344
True;0.00041710001206543833;0.7381636556346087
True;0.0005809713526570774;0.5432176279108016
True;0.0004818746696185559;0.910900266564943
True;0.000309880351502792;0.3780224420848923
True;0.000811048708433582;0.9192549666471477
True;0.0004925812759179096;0.761539328913012
True;1.6440502860445164e-06;0.6063501000115393
True;0.00018747640486134896;0.7136303370675303
True;0.0004384800512105166;0.5372825294133976
True;0.0007455656096210364;0.34856351731387514
True;0.0005666051338020416;0.4194866542987523
True;0.00036991049618066344;0.4062418273317762
True;0.000351694265072565;0.8877011788112629
True;0.00014237910641836388;0.5725220207561775
True;0.00030997359737185837;0.7614848064257675
True;0.0001062017752726807;0.696198700536466
True;0.0003759537691557357;0.3781039289683716
True;0.0005575612110898571;0.5385739146049405
True;0.00021611181906063795;0.4581235233010719
True;0.00022172138754979553;0.9271950152805447
True;0.00045315427153784694;0.8847853903042471
True;0.0007028074315431162;0.607748832109593
True;0.0006282625145076391;0.5200873863788373
True;4.9455265179814807e-05;0.4371393549018381
True;0.0003396897897955895;0.7844565659564696
True;0.0006705197346558728;0.5956366297252478
True;0.0002552631541666652;0.762456253996268
True;0.0007790731726432859;0.8745644887702697
True;0.00016929679776393644;0.8311816138154904
True;0.0008074699824368669;0.39319507821183936
True;0.00026524161306657444;0.5061689898012742
True;0.0005620296340696241;0.7694737489266767
True;0.00011482236684914708;0.8566906230240947
True;3.6496320819244865e-05;0.46888138023255144
True;0.00047595887975524355;0.3666625415475576
True;0.0007159751492854726;0.35492246775607134
True;0.00031299589207940405;0.9703946510781152
True;0.0007964525370312273;0.4019320455634054
True;0.0003670271349307573;0.46946428609635954
True;0.00012002079544913818;0.9310121836867695
True;2.5267464304377237e-05;0.6515946955603198
True;0.0008232825462323048;0.5410471793765548
True;0.00017244996604895747;0.7555760270265099
True;0.00033634463676487464;0.6737249883938079
True;0.0007795484934420418;0.678806557157398
True;0.0005269912191949077;0.6039404385946417
True;0.0007144463547373066;0.41830373509678714
True;0.00011787564787124625;0.8808041491788612
True;0.0005119445258524568;0.8568012683629345
True;0.0003975283486568258;0.8252661600126812
True;0.0005510078220296734;0.804534706141785
True;0.0007622086798625832;0.6589451937121451
True;0.0007212681655063328;0.6492204531291608
True;0.0001089658096218631;0.716692005316414
True;0.0002859281361128291;0.6489399163405982
True;0.00029950451517867703;0.9207206208514569
True;0.0003087663322157852;0.9110423577975922
True;0.00016460524823987005;0.9824567274443521
True;0.0006968905935853632;0.9613353659460551
True;0.0004922628740854327;0.48519282773995676
True;0.0004839332100249987;0.8166672793806264
True;2.055096152975607e-05;0.7427333330933997
True;0.0003981405650417028;0.6471420577563727
True;0.00035936890784715525;0.6423646550834268
True;0.00046397847733205434;0.6588521806527919
True;0.0007169552213801804;0.46743085982965027
True;0.0006860429858111657;0.6038299404039534
True;0.000553078178215746;0.976344518419358
True;0.00040444987394845015;0.9530277660295714
True;0.00036863299787018566;0.8532471007927102
True;0.00013573366368444214;0.49814977042249065
True;0.00027362289808761356;0.780755741797069
True;0.0006942529776629606;0.7200694363231368
True;0.0005893007193132163;0.6305123736648545
True;0.00010425465494053217;0.6419988222204234
True;0.0007000213064110678;0.5932202372930394
True;0.0006956208561816591;0.4170178849892587
True;0.0003348033234004475;0.8997415535564358
True;0.00048739461914387364;0.7342238402053366
True;0.00037331837344040016;0.9594923439530412
True;7.337442205441493e-05;0.596072986886071
True;0.00016439653782925127;0.42640775641642986
True;0.0004315214688413105;0.9338237516593894
True;0.0007241253921597838;0.9515275866933963
True;0.000569628952339671;0.5392038366854565
True;0.0007671544362471128;0.6882014928334093
True;0.0007220767548041902;0.33108396855194266
True;0.0004860521520256593;0.4399234059716448
True;0.0002150386904511986;0.39581915789532873
True;0.0006796153170672429;0.9711997590183864
True;0.00033050684880472306;0.8831213158518046
True;7.4658724170184e-05;0.6330544253550551
True;0.0005100451175909468;0.9515205578549557
True;0.0002621716187249196;0.6515204536088547
True;0.0007610220955249867;0.8222927025375508
True;0.0007588686466010504;0.9095864259018319
True;0.0001669940865330582;0.9235097531244796
True;0.0006031351222634776;0.9233628146572758
True;0.0004390908637147453;0.9583586753348917
True;0.0007462367289861259;0.6588287452837382
True;0.0006521684337107299;0.6644182726673374
True;0.0002788252069306534;0.707839003956343
True;7.090849052769944e-05;0.5277809099819657
True;0.0002453213051756663;0.4303928128087159
True;0.00046877565619992876;0.4268468507603024
True;8.383558647098237e-05;0.8660174707741422
True;0.0004209083903304693;0.6125460636485958
True;0.00018595020326959893;0.4288034184112437
True;8.132052808673173e-05;0.5108434885723442
True;0.0006115799732670971;0.9160757596054031
True;0.0007250540953515561;0.6567435139383455
True;0.0006869240853925993;0.8481813604470311
True;0.0007551439105764226;0.439594430248666
True;0.0004594461387870213;0.7611160109686901
True;0.0007295223890932541;0.9623104037410496
True;0.00023916080564944766;0.38206391344728874
True;0.00018074085673589374;0.4531653633163766
True;0.00043924602943097184;0.9571635468771248
True;1.3050918898214459e-05;0.4937625287155559
True;0.0003248417276222523;0.4429339380523786
True;0.0007994436151766308;0.656147905136705
True;0.00030288710929149887;0.9689470481949618
True;0.00044760817357514655;0.4658751295372199
True;0.0006218890746080481;0.5846360427100166
True;0.00030098876060892423;0.7230253538684095
True;0.0007167126529223352;0.8084277327588436
True;0.0007384151333709316;0.40750616373020315
True;0.0008321779939774888;0.9857931122334934
True;0.00030296189103188947;0.4876716925239141
True;0.000471857984829586;0.3466833412722938
True;5.152365126893403e-05;0.9652269271927234
True;0.00028961156407975003;0.40796903870342
True;0.0003202251889637605;0.8989350949353606
True;0.0005570605934989296;0.3642503506689781
True;0.0003096253069486817;0.6540251938565911
True;0.0005416951769865127;0.849258579778013
True;2.0355606851269744e-05;0.7659979795648441
True;0.00021636307426562258;0.9998136520549631
True;0.00024741988900151576;0.5148609818954011
True;0.000371237024029439;0.6834025577763938
True;0.00019528358242103906;0.5730066790357218
True;0.0008140235527382706;0.5686906759420364
True;0.000291979985781243;0.9363595861399059
True;0.0004606968206871011;0.8350643857408836
True;0.0007852513685425824;0.4382798765923585
True;0.0007849562121878398;0.7355102183822362
True;0.0007162118734795923;0.5130788834569224
True;0.0005566610324898981;0.45454734966793625
True;0.00048217438765156144;0.865455698489432
True;0.00014978071757419664;0.4786738871881484
True;0.00023695883245347486;0.765413923980917
True;0.00027970000194456893;0.5359543078999593
True;0.0005648700581944359;0.8890717277803513
True;0.0006415514886757562;0.5319423435490487
True;0.0005837558025105814;0.7763407715275896
True;0.0006822872725632458;0.9602483956707147
True;0.00045928145774011824;0.9675868665215512
True;0.00010652787008798058;0.9808374949473446
True;0.0008140994172357585;0.8080694528916418
True;0.0005386472913495148;0.5419615378067952
True;0.000415807435394172;0.6435546886096578
True;0.00041132145117882344;0.5696424186352655
True;0.0007089766466268468;0.3496130641556839
True;0.0003759453803483478;0.860035602156753
True;0.0005137740773860475;0.6766118330509892
True;9.744650558447853e-05;0.6133084342300393
True;0.0001234858522727677;0.36032760746845083
True;0.00037663271965316443;0.7708356197277644
True;0.0006670522220653338;0.7333845380747163
True;0.0002008132886532146;0.9137016629267516
True;0.00013122574162468541;0.7058008749326554
True;0.0006218406049748165;0.7396943837318606
True;0.00045089581912065394;0.9263584006750725
True;0.0003542828341500952;0.7340011086007827
True;8.437592084845717e-05;0.5195076237332947
True;0.000594043065964825;0.9587438149752618
True;0.0002601093320810061;0.4141936505815485
True;0.00013780971533929834;0.40898121298333256
True;0.0006160316752356091;0.6655708147006302
True;0.0006929076644928129;0.6658711259304718
True;0.00035462715149093134;0.7160127187833413
True;6.016393741438818e-05;0.33092045794235625
True;0.00012446041634845694;0.5700136274959486
True;7.712937577695403e-05;0.36245405630635685
True;0.000229327020892412;0.7084937134361029
True;0.0001672525899512238;0.37714727989716185
True;4.288337451550336e-05;0.7703213371309223
True;0.0006872055000043215;0.398892353086476
True;0.0007985721278323527;0.6482146664568309
True;0.000547071953344529;0.4478199476994665
True;0.00018384290952955194;0.4974773239691633
True;0.0005916971427146593;0.6388852539970539
True;0.0008245509388620228;0.9024766398417695
True;8.943510761549068e-05;0.4960647564518177
True;0.0006804609834186414;0.5867315919765539
True;0.000809885334476357;0.7028193930266171
True;0.00016413046906134317;0.4324022660194432
True;9.079616095141428e-05;0.6156483672296514
True;0.0007950317991007478;0.720168401113751
True;0.00034080699951784417;0.873859914381325
